name,market,interval,params,total_return,sharpe,max_drawdown,trades,alfa,beta,alfa_t,exposure,gross_pt_bps,net_pt_bps,cost_pt_bps,win,avg_bars,gross_total,cost_total,y2020,y2021,y2022,y2023,y2024,sec
t2_emir_akisi_a1_akis_1h_n1_k2.0_h1,futures,1h,"{""L"": 2000, ""hold"": 1, ""k"": 2.0, ""kind"": ""akis"", ""mode"": ""devam"", ""n"": 1}",-0.9174554059677026,-5.10815532937686,-0.9181135675709455,5525,-0.4970076286962405,0.0031948056904904237,-11.482192447351338,0.11380222587119139,0.529917099728582,-13.455575144093116,13.985492243821698,0.30389140271493215,1.0503167420814479,0.09778073356372521,2.5780999999999996,-0.24400639294551418,-0.2878750774875731,-0.4379330712901599,-0.4033274028774204,-0.5428168640965316,2.1
t2_emir_akisi_a1_akis_1h_n1_k3.0_h1,futures,1h,"{""L"": 2000, ""hold"": 1, ""k"": 3.0, ""kind"": ""akis"", ""mode"": ""devam"", ""n"": 1}",-0.2249834358393561,-2.016259918595843,-0.2258726424511005,541,-0.050695244487302143,8.258985852275299e-05,-4.505559346445196,0.012087210363072433,-0.12260947365627847,-14.122631474914726,14.000022001258447,0.28835489833641403,1.024029574861368,-0.002308491820452896,0.2524666666666666,-0.04639653998675031,-0.038834340895295916,-0.03435295024913754,-0.0489624557905991,-0.07927732091845541,0.4
t2_emir_akisi_a1_akis_1h_n6_k2.0_h1,futures,1h,"{""L"": 2000, ""hold"": 1, ""k"": 2.0, ""kind"": ""akis"", ""mode"": ""devam"", ""n"": 6}",-0.58129546555108,-1.4862774823121443,-0.6174924994521332,2804,-0.17713947050264234,0.008294904231828963,-3.5097369666306917,0.11642492245940522,4.846758817134483,-9.008371864927428,13.855130682061912,0.3166904422253923,2.1711840228245363,0.45390864001072984,1.308533333333333,0.005869187699279799,-0.11676595127766443,-0.17244369250267177,-0.11191559540833784,-0.3587334896021469,0.5
t2_emir_akisi_a1_akis_1h_n6_k3.0_h1,futures,1h,"{""L"": 2000, ""hold"": 1, ""k"": 3.0, ""kind"": ""akis"", ""mode"": ""devam"", ""n"": 6}",-0.04695704586947358,-0.23856738981478184,-0.10892734716488783,352,-0.009784323184437664,0.0007554809938229127,-0.5840103444496205,0.01293103448275862,9.64745998473422,-4.041297021436871,13.688757006171093,0.30113636363636365,1.7159090909090908,0.11435377051073803,0.16426666666666664,0.011852194049170262,0.03995356931781813,-0.021148851939924995,0.005382410014676875,-0.07969133675510776,0.3
t2_emir_akisi_a1_akis_1h_n24_k2.0_h1,futures,1h,"{""L"": 2000, ""hold"": 1, ""k"": 2.0, ""kind"": ""akis"", ""mode"": ""devam"", ""n"": 24}",-0.13589830940441316,-0.1967766871183664,-0.25278224432860497,1231,-0.044092347963493816,0.018664863308130355,-0.8622182808231046,0.11850027367268746,11.015419650672522,-2.656524909728151,13.671944560400672,0.3379366368805849,5.155970755483347,0.4515143119057964,0.5744666666666667,-0.0788316790583119,0.13562388570293282,-0.05646696460173173,0.0582887909187213,-0.17276283902447964,0.4
t2_emir_akisi_a1_akis_1h_n24_k3.0_h1,futures,1h,"{""L"": 2000, ""hold"": 1, ""k"": 3.0, ""kind"": ""akis"", ""mode"": ""devam"", ""n"": 24}",-0.11191816049155623,-0.7702381498771219,-0.11925903111124259,120,-0.024064049356331885,0.0007024845458960954,-1.777914688664338,0.01065042875387703,-17.058950291281526,-29.412529492451252,12.353579201169728,0.31666666666666665,4.116666666666666,-0.06664079061506421,0.055999999999999994,-0.009530954188764262,-0.02794335430044137,0.0027619830563800907,-0.053181417019470656,-0.02847076392508041,0.8
t2_emir_akisi_a1_akis_1h_n72_k2.0_h1,futures,1h,"{""L"": 2000, ""hold"": 1, ""k"": 2.0, ""kind"": ""akis"", ""mode"": ""devam"", ""n"": 72}",-0.3174164390356131,-0.49386789521906765,-0.431967496102845,721,-0.09117571498990588,0.020988651777853914,-1.5095672050368547,0.14618682722131,-2.2106251099563865,-15.432000374938934,13.221375264982548,0.31484049930651875,10.477115117891817,-0.005534777458376827,0.33646666666666664,0.013958379592137193,0.021323967367569585,-0.20405069034799295,-0.057863846996248025,-0.12103194281466279,0.3
t2_emir_akisi_a1_akis_1h_n72_k3.0_h1,futures,1h,"{""L"": 2000, ""hold"": 1, ""k"": 3.0, ""kind"": ""akis"", ""mode"": ""devam"", ""n"": 72}",0.009271927904450417,0.08823835540129138,-0.059684214403971314,55,0.002357869774340766,-0.0001948190861786722,0.21746715235789124,0.00887155628534939,17.520834337097067,4.767816862065003,12.753017475032065,0.34545454545454546,7.2,0.03552062302272129,0.025666666666666664,-0.010990362285246746,-0.012928664126230949,0.04144073016147609,0.0006676880253695394,-0.007947411519325542,0.3
t2_emir_akisi_a1_akis_1h_n1_k2.0_h6,futures,1h,"{""L"": 2000, ""hold"": 6, ""k"": 2.0, ""kind"": ""akis"", ""mode"": ""devam"", ""n"": 1}",-0.8443298714271242,-1.821828332013988,-0.8553595183407126,4605,-0.36194585412061825,0.008017758440517478,-4.1719205114452995,0.44615489874110564,2.3475724941212044,-11.506896270920313,13.854468765041519,0.3828447339847991,6.111617806731814,0.36316232322118414,2.1487666666666665,-0.1649818234185676,-0.11630404741558587,-0.34693980861221685,-0.37704197233774106,-0.48144540016053583,0.8
t2_emir_akisi_a1_akis_1h_n1_k3.0_h6,futures,1h,"{""L"": 2000, ""hold"": 6, ""k"": 3.0, ""kind"": ""akis"", ""mode"": ""devam"", ""n"": 1}",-0.14725959249869713,-0.526536068818863,-0.17895684196161776,518,-0.03165274985905464,0.0012751178341273521,-1.2316162397616561,0.0650656814449918,5.128008469820336,-8.589693299068903,13.717701768889238,0.3996138996138996,6.028957528957529,0.08546956010204024,0.24173333333333333,-0.05056371577656815,-0.005547546850057872,-0.04499705641997864,-0.009258938588148857,-0.0454424404241488,0.7
t2_emir_akisi_a1_akis_1h_n6_k2.0_h6,futures,1h,"{""L"": 2000, ""hold"": 6, ""k"": 2.0, ""kind"": ""akis"", ""mode"": ""devam"", ""n"": 6}",-0.06167224399095883,0.02147773094289438,-0.40416842978933787,2288,-0.029413044961054735,0.02901380492851342,-0.36069423523731126,0.3103904397007845,13.837297278317523,0.10732404746661318,13.72997323085091,0.4020979020979021,8.001311188811188,1.0649829102010528,1.0677333333333334,0.16645643278686117,0.10118985366883315,-0.24838864546103256,0.10079547553091839,-0.11707488377279285,0.6
t2_emir_akisi_a1_akis_1h_n6_k3.0_h6,futures,1h,"{""L"": 2000, ""hold"": 6, ""k"": 3.0, ""kind"": ""akis"", ""mode"": ""devam"", ""n"": 6}",0.12679768242244216,0.41139470327971833,-0.09430633045404169,327,0.023773594242962492,0.0017653485586041618,0.8456354512104124,0.0467296113847838,25.02996201358853,11.72778560926233,13.302176404326202,0.40672782874617736,6.990825688073395,0.2731950613357201,0.15259999999999999,0.047207197627702646,0.03713624962313444,0.08026209680966989,0.04927051543500438,-0.08470538953211826,0.4
t2_emir_akisi_a1_akis_1h_n24_k2.0_h6,futures,1h,"{""L"": 2000, ""hold"": 6, ""k"": 2.0, ""kind"": ""akis"", ""mode"": ""devam"", ""n"": 24}",0.08454511650437513,0.1796848295259205,-0.25336249403060074,781,-0.0027261302799073805,0.028562299369666568,-0.03663475124171226,0.19877759532931946,18.704050471626946,5.459276293381021,13.244774178245923,0.41229193341869397,14.332906530089629,0.4940873803305091,0.3644666666666666,-0.018709508435830413,0.1439384177931442,-0.16326810157857463,0.15162532254391614,0.0026511480553237377,0.4
t2_emir_akisi_a1_akis_1h_n24_k3.0_h6,futures,1h,"{""L"": 2000, ""hold"": 6, ""k"": 3.0, ""kind"": ""akis"", ""mode"": ""devam"", ""n"": 24}",-0.051337831404426826,-0.21174237418621378,-0.1102073582891746,99,-0.01059921487781143,0.0009412517538894156,-0.5260392006685142,0.0220762634555738,-2.7063837696833795,-14.348806015050762,11.642422245367381,0.31313131313131315,10.444444444444445,-0.007893215102395195,0.0462,-0.0035233177741038624,0.03343987365977363,-0.02534903107918396,-0.039286198594774224,-0.01617902248569858,0.3
t2_emir_akisi_a1_akis_1h_n72_k2.0_h6,futures,1h,"{""L"": 2000, ""hold"": 6, ""k"": 2.0, ""kind"": ""akis"", ""mode"": ""devam"", ""n"": 72}",0.024596994918007153,0.10893405256095923,-0.31596297608925394,401,-0.002434567867788704,0.01693894648696014,-0.034852464053319494,0.188925378580551,14.571763996208736,2.367890137899953,12.203873858308784,0.428927680798005,25.508728179551124,0.2651171339976315,0.18713333333333332,-0.006866837881978505,0.11951243727875527,-0.1413697232407849,0.033701670308238674,0.038281832115649506,0.4
t2_emir_akisi_a1_akis_1h_n72_k3.0_h6,futures,1h,"{""L"": 2000, ""hold"": 6, ""k"": 3.0, ""kind"": ""akis"", ""mode"": ""devam"", ""n"": 72}",0.05129443881106255,0.3900004187595574,-0.05442142227082336,42,0.010071567758321338,0.00023551541395197252,0.8471162095402066,0.013774858602444809,47.149355682596216,35.44619981972045,11.703155862875766,0.40476190476190477,15.023809523809524,0.07015452444477122,0.0196,0.00541816417678187,0.009731260228983407,0.03457387568846659,0.011823375024454963,-0.010750994561344984,0.7
t2_emir_akisi_a1_akis_1h_n1_k2.0_h24,futures,1h,"{""L"": 2000, ""hold"": 24, ""k"": 2.0, ""kind"": ""akis"", ""mode"": ""devam"", ""n"": 1}",-0.7293607813335412,-0.5957375547746373,-0.8394989549259084,3401,-0.22521718727343504,0.019207383579391165,-1.4746727591377309,0.8087712096332786,4.742682191536918,-8.920985182247527,13.663667373784445,0.37988826815642457,20.41252572772714,0.5225891704701247,1.5869,0.07457470281515999,0.31629716522962315,-0.3914074975729348,-0.2294605566148158,-0.5919825850533638,0.7
t2_emir_akisi_a1_akis_1h_n1_k3.0_h24,futures,1h,"{""L"": 2000, ""hold"": 24, ""k"": 3.0, ""kind"": ""akis"", ""mode"": ""devam"", ""n"": 1}",-0.12102058249913117,-0.1734112815495447,-0.22241773554014055,467,-0.019770461952518605,0.0002584895648394037,-0.3926823057860646,0.21177704798394453,7.956077483453773,-5.540085206496564,13.496162689950339,0.4539614561027837,23.738758029978587,0.1133278523112923,0.2179333333333333,-0.03503690800501935,0.03832142589820586,-0.07250707465248751,0.07257229592444081,-0.11814129497305592,0.4
t2_emir_akisi_a1_akis_1h_n6_k2.0_h24,futures,1h,"{""L"": 2000, ""hold"": 24, ""k"": 2.0, ""kind"": ""akis"", ""mode"": ""devam"", ""n"": 6}",0.37616523838624927,0.35594081672749184,-0.4596173324356443,1697,0.06893401445864471,0.0437309236979064,0.46164805394886954,0.655103995621237,23.820770044788937,10.626977319749821,13.193792725039115,0.4266352386564526,28.852091926929877,1.33465426823397,0.7914666666666665,0.3161009841449822,0.26841616436741744,0.02487601949187135,0.09648040380818701,-0.2664201462659591,0.5
t2_emir_akisi_a1_akis_1h_n6_k3.0_h24,futures,1h,"{""L"": 2000, ""hold"": 24, ""k"": 3.0, ""kind"": ""akis"", ""mode"": ""devam"", ""n"": 6}",0.1904763594039014,0.37867348416989643,-0.12149292083796381,305,0.028943073255039944,0.010100464057707245,0.6045267137263848,0.14582193030468893,32.99748127920925,20.33937037662767,12.658110902581576,0.4721311475409836,25.42950819672131,0.3347747332494279,0.1423333333333333,0.07766940119507049,0.03820271418592269,-0.003502163226519528,0.13501858042095716,-0.059251071285046475,0.4
t2_emir_akisi_a1_akis_1h_n24_k2.0_h24,futures,1h,"{""L"": 2000, ""hold"": 24, ""k"": 2.0, ""kind"": ""akis"", ""mode"": ""devam"", ""n"": 24}",0.42942994642313814,0.4288832311714616,-0.30444793280834537,648,0.04938467198280039,0.04099522573017887,0.494818485126785,0.3792647327130086,33.95606438670996,21.873087167697427,12.082977219012532,0.4645061728395062,36.217592592592595,0.768108136088683,0.3024,0.12230173006521827,0.0982972864163727,-0.0012363851790641034,0.15330424186752079,0.006761806602694653,0.9
t2_emir_akisi_a1_akis_1h_n24_k3.0_h24,futures,1h,"{""L"": 2000, ""hold"": 24, ""k"": 3.0, ""kind"": ""akis"", ""mode"": ""devam"", ""n"": 24}",-0.03772440946499089,-0.08626882869084236,-0.14373005029301233,90,-0.008457201449608093,0.0024928507703337595,-0.2911605357549036,0.05712917350848385,1.5315823936931587,-9.101851560603432,10.63343395429659,0.45555555555555555,30.0,0.0067386992943303525,0.041999999999999996,0.07709023072589627,-0.03107785849997835,-0.024207940004567163,-0.05037159057442753,-0.004943997980732084,0.4
t2_emir_akisi_a1_akis_1h_n72_k2.0_h24,futures,1h,"{""L"": 2000, ""hold"": 24, ""k"": 2.0, ""kind"": ""akis"", ""mode"": ""devam"", ""n"": 72}",0.9044420678388778,0.736083662594222,-0.2202081474693871,301,0.12964980679857108,0.01669993249147766,1.4331902090333988,0.28076537128261264,82.75659723543434,72.2339281759246,10.522669059509745,0.4983388704318937,54.25581395348837,0.8675494417092526,0.14046666666666666,0.05085879159027473,0.2856915725656679,0.11013626978806257,0.17881880705454534,0.07711793929079769,0.4
t2_emir_akisi_a1_akis_1h_n72_k3.0_h24,futures,1h,"{""L"": 2000, ""hold"": 24, ""k"": 3.0, ""kind"": ""akis"", ""mode"": ""devam"", ""n"": 72}",-0.028284769583839076,-0.1196421824005047,-0.07788028076349829,40,-0.004621028744948227,-0.0002395750343905525,-0.25184640173882106,0.029009304871373837,-10.03939466588899,-19.77742744934824,9.738032783459252,0.4,34.275,-0.00858282618400763,0.018666666666666665,-0.004189311735505519,-0.020037385875351643,0.019538859080600046,-0.019705419860540196,-0.003694944336857353,0.4
t2_emir_akisi_a1_patlama_1h_vNone_k3.0_h1,futures,1h,"{""L"": 2000, ""hold"": 1, ""k"": 3.0, ""kind"": ""patlama"", ""mode"": ""devam"", ""n"": 1, ""vol_v"": null}",-0.2249834358393561,-2.016259918595843,-0.2258726424511005,541,-0.050695244487302143,8.258985852275299e-05,-4.505559346445196,0.012087210363072433,-0.12260947365627847,-14.122631474914726,14.000022001258447,0.28835489833641403,1.024029574861368,-0.002308491820452896,0.2524666666666666,-0.04639653998675031,-0.038834340895295916,-0.03435295024913754,-0.0489624557905991,-0.07927732091845541,1.9
t2_emir_akisi_a1_patlama_1h_vNone_k4.0_h1,futures,1h,"{""L"": 2000, ""hold"": 1, ""k"": 4.0, ""kind"": ""patlama"", ""mode"": ""devam"", ""n"": 1, ""vol_v"": null}",-0.030305334035043652,-0.6314622287452525,-0.03311888280119968,40,-0.005867347133696053,-0.00020370828529377483,-1.3545675881834327,0.0009350483488414523,-8.933695753255089,-22.908935721173126,13.97523996791804,0.225,1.025,-0.011914136153558186,0.018666666666666665,-0.002933204549364521,-0.015263226831011667,-0.0047048395312744296,-0.004796661024227822,-0.0029271740815829395,0.3
t2_emir_akisi_a1_patlama_1h_v2.0_k3.0_h1,futures,1h,"{""L"": 2000, ""hold"": 1, ""k"": 3.0, ""kind"": ""patlama"", ""mode"": ""devam"", ""n"": 1, ""vol_v"": 2.0}",0.009659330043230163,0.38965061945498447,-0.0028303535185462136,5,0.0016986972169134127,0.00020357381740608734,0.7642724252891191,0.00011403028644407955,72.05987342319476,58.05987342319475,14.000000000000002,0.4,1.0,0.012009978903865792,0.002333333333333333,0.0009788405073380968,0.0,-0.0021963537239496622,0.010892278049410065,0.0,0.4
t2_emir_akisi_a1_patlama_1h_v2.0_k4.0_h1,futures,1h,"{""L"": 2000, ""hold"": 1, ""k"": 4.0, ""kind"": ""patlama"", ""mode"": ""devam"", ""n"": 1, ""vol_v"": 2.0}",0.0,nan,0.0,0,0.0,0.0,nan,0.0,nan,nan,nan,nan,,0.0,0.0,0.0,0.0,0.0,0.0,0.0,0.7
t2_emir_akisi_a1_patlama_1h_vNone_k3.0_h6,futures,1h,"{""L"": 2000, ""hold"": 6, ""k"": 3.0, ""kind"": ""patlama"", ""mode"": ""devam"", ""n"": 1, ""vol_v"": null}",-0.14725959249869713,-0.526536068818863,-0.17895684196161776,518,-0.03165274985905464,0.0012751178341273521,-1.2316162397616561,0.0650656814449918,5.128008469820336,-8.589693299068903,13.717701768889238,0.3996138996138996,6.028957528957529,0.08546956010204024,0.24173333333333333,-0.05056371577656815,-0.005547546850057872,-0.04499705641997864,-0.009258938588148857,-0.0454424404241488,0.4
t2_emir_akisi_a1_akis_15m_n1_k2.0_h4,futures,15m,"{""L"": 2000, ""hold"": 4, ""k"": 2.0, ""kind"": ""akis"", ""mode"": ""devam"", ""n"": 1}",-0.9999378827933544,-10.340944875867075,-0.9999380590433187,19396,-1.9202347545894844,0.006365130181895725,-23.161704737473976,0.3495028279511038,-0.8723919618519033,-14.86826892488794,13.995876963036036,0.315992988244999,4.1183233656424,-0.5620569273388958,9.051466666666666,-0.819547721421054,-0.8853031717652439,-0.8639850295927674,-0.8733650950301067,-0.8257559331687818,4.1
t2_emir_akisi_a1_patlama_1h_vNone_k4.0_h6,futures,1h,"{""L"": 2000, ""hold"": 6, ""k"": 4.0, ""kind"": ""patlama"", ""mode"": ""devam"", ""n"": 1, ""vol_v"": null}",-0.04615359469521518,-0.46452911509012534,-0.07034419141854653,40,-0.008572918322779644,-0.0005810233379964816,-0.9614747437699903,0.005359423462871739,-20.59133460019802,-34.39820628101513,13.806871680817107,0.325,5.9,-0.028029111267383316,0.018666666666666665,0.0029316228056111004,-0.05541621185068035,0.011277272525590964,-0.0029032684653900187,-0.001474649534470518,1.1
t2_emir_akisi_a1_akis_15m_n1_k3.0_h4,futures,15m,"{""L"": 2000, ""hold"": 4, ""k"": 3.0, ""kind"": ""akis"", ""mode"": ""devam"", ""n"": 1}",-0.5669210952577275,-3.706833818637899,-0.5672343530017201,1377,-0.16786492822231758,0.001504393329439115,-8.356888696487664,0.030109697135559204,-4.0721585291736755,-18.120158059652926,14.047999530479252,0.3100944081336238,4.050835148874365,-0.18723046966836626,0.6425999999999998,-0.16711881592111744,-0.22487074797810014,-0.11704874757396733,-0.11606249944594493,-0.1404887484325782,1.2
t2_emir_akisi_a1_patlama_1h_v2.0_k3.0_h6,futures,1h,"{""L"": 2000, ""hold"": 6, ""k"": 3.0, ""kind"": ""patlama"", ""mode"": ""devam"", ""n"": 1, ""vol_v"": 2.0}",0.048720870950865525,0.5705476637941945,-0.004989547387216686,5,0.008469075669199433,0.0010217473229551818,1.1188927953880239,0.0006841817186644773,309.7906309792531,295.4330532848326,14.357577694420476,0.8,6.0,0.0502642994737074,0.002333333333333333,0.011867610480502222,0.0,0.000288651764848602,0.03612195144463137,0.0,0.6
t2_emir_akisi_a1_patlama_1h_v2.0_k4.0_h6,futures,1h,"{""L"": 2000, ""hold"": 6, ""k"": 4.0, ""kind"": ""patlama"", ""mode"": ""devam"", ""n"": 1, ""vol_v"": 2.0}",0.0,nan,0.0,0,0.0,0.0,nan,0.0,nan,nan,nan,nan,,0.0,0.0,0.0,0.0,0.0,0.0,0.0,0.6
t2_emir_akisi_a1_patlama_1h_vNone_k3.0_h24,futures,1h,"{""L"": 2000, ""hold"": 24, ""k"": 3.0, ""kind"": ""patlama"", ""mode"": ""devam"", ""n"": 1, ""vol_v"": null}",-0.12102058249913117,-0.1734112815495447,-0.22241773554014055,467,-0.019770461952518605,0.0002584895648394037,-0.3926823057860646,0.21177704798394453,7.956077483453773,-5.540085206496564,13.496162689950339,0.4539614561027837,23.738758029978587,0.1133278523112923,0.2179333333333333,-0.03503690800501935,0.03832142589820586,-0.07250707465248751,0.07257229592444081,-0.11814129497305592,0.5
t2_emir_akisi_a1_patlama_1h_vNone_k4.0_h24,futures,1h,"{""L"": 2000, ""hold"": 24, ""k"": 4.0, ""kind"": ""patlama"", ""mode"": ""devam"", ""n"": 1, ""vol_v"": null}",-0.049694583249274005,-0.34686732840792706,-0.11389071429442599,40,-0.011850877766523684,0.001797078105307848,-0.9382143697045081,0.020593869731800767,-25.641851478485243,-39.018385563773805,13.376534085288565,0.375,23.05,-0.03016437772903487,0.018666666666666665,-0.01011435821644835,-0.04659455734437867,-0.026819440424460383,0.007333145146291464,0.027150315962419125,0.4
t2_emir_akisi_a1_akis_15m_n4_k2.0_h4,futures,15m,"{""L"": 2000, ""hold"": 4, ""k"": 2.0, ""kind"": ""akis"", ""mode"": ""devam"", ""n"": 4}",-0.9967881310724754,-6.413994573812236,-0.9968182462928191,12815,-1.1392846858459496,0.008419480435722843,-14.439105406599307,0.2848020434227331,0.6951471877211876,-13.270405218606498,13.965552406327685,0.3246976199765899,4.9754194303550525,0.30507541344261013,5.980099999999998,-0.5522250194169168,-0.617510340419744,-0.6679805924988068,-0.7598497720179129,-0.7648029782758117,1.6
t2_emir_akisi_a1_patlama_1h_v2.0_k3.0_h24,futures,1h,"{""L"": 2000, ""hold"": 24, ""k"": 3.0, ""kind"": ""patlama"", ""mode"": ""devam"", ""n"": 1, ""vol_v"": 2.0}",0.09070565646516848,0.6096599470774853,-0.017536724050073005,5,0.014459378429474076,0.002869675111540865,1.1106840679655596,0.002736726874657909,562.430773392312,546.5523227902639,15.87845060204797,0.6,24.0,0.09026852533793728,0.002333333333333333,0.054965706941714876,0.0,-0.005759424465698215,0.039866865279054364,0.0,0.4
t2_emir_akisi_a1_patlama_1h_v2.0_k4.0_h24,futures,1h,"{""L"": 2000, ""hold"": 24, ""k"": 4.0, ""kind"": ""patlama"", ""mode"": ""devam"", ""n"": 1, ""vol_v"": 2.0}",0.0,nan,0.0,0,0.0,0.0,nan,0.0,nan,nan,nan,nan,,0.0,0.0,0.0,0.0,0.0,0.0,0.0,0.3
t2_emir_akisi_a1_akis_15m_n4_k3.0_h4,futures,15m,"{""L"": 2000, ""hold"": 4, ""k"": 3.0, ""kind"": ""akis"", ""mode"": ""devam"", ""n"": 4}",-0.4316266576109319,-2.043445577998234,-0.4534848806004951,1461,-0.10800595374731263,-0.0029298307731538387,-4.424040269115348,0.035172641853676335,2.4145792622759417,-11.495425116581796,13.910004378857737,0.3210130047912389,4.494182067077344,0.11992862751267393,0.6818,-0.08525125631206931,-0.09675161698237822,-0.09485251839469311,-0.13255959630176462,-0.12387576886911889,0.9
t2_emir_akisi_a1_patlama_15m_vNone_k3.0_h4,futures,15m,"{""L"": 2000, ""hold"": 4, ""k"": 3.0, ""kind"": ""patlama"", ""mode"": ""devam"", ""n"": 1, ""vol_v"": null}",-0.5669210952577275,-3.706833818637899,-0.5672343530017201,1377,-0.16786492822231758,0.001504393329439115,-8.356888696487664,0.030109697135559204,-4.0721585291736755,-18.120158059652926,14.047999530479252,0.3100944081336238,4.050835148874365,-0.18723046966836626,0.6425999999999998,-0.16711881592111744,-0.22487074797810014,-0.11704874757396733,-0.11606249944594493,-0.1404887484325782,2.2
t2_emir_akisi_a1_akis_15m_n24_k2.0_h4,futures,15m,"{""L"": 2000, ""hold"": 4, ""k"": 2.0, ""kind"": ""akis"", ""mode"": ""devam"", ""n"": 24}",-0.8100136255810148,-2.00107439851418,-0.8296090892011025,4367,-0.3355164052271057,0.014338849404069341,-4.706103307565317,0.18881704980842912,2.8047112537686543,-11.081652872864733,13.886364126633389,0.33226471261735746,9.413098236775818,0.43637496465100056,2.037933333333333,-0.12447421131971192,-0.2336075666175751,-0.22197638198328007,-0.3245983116256008,-0.46117544219781936,2.0
t2_emir_akisi_a1_patlama_15m_vNone_k4.0_h4,futures,15m,"{""L"": 2000, ""hold"": 4, ""k"": 4.0, ""kind"": ""patlama"", ""mode"": ""devam"", ""n"": 1, ""vol_v"": null}",-0.03602960411005418,-0.8121284165091657,-0.039447605932861896,59,-0.007504787850889092,0.00018643689565718685,-1.8648935396634907,0.0013284528370735267,-4.574771004481648,-18.634169269813874,14.059398265332227,0.23728813559322035,4.016949152542373,-0.008884580817269578,0.027533333333333333,-0.010056433351692817,-0.009808907669615508,-0.007623268230961933,0.00014521874631956422,-0.009180356884250673,1.4
t2_emir_akisi_a1_akis_15m_n24_k3.0_h4,futures,15m,"{""L"": 2000, ""hold"": 4, ""k"": 3.0, ""kind"": ""akis"", ""mode"": ""devam"", ""n"": 24}",-0.31098018584377696,-1.3300834231183212,-0.3220646504396165,580,-0.07527086634166201,0.0020609905480268188,-3.064448452489952,0.023284984491881044,-5.33305787025331,-19.046083977786733,13.713026107533423,0.36724137931034484,7.63103448275862,-0.09472930956324216,0.2706666666666666,-0.035101588921379934,-0.12720129916261014,-0.018049795428651927,-0.04811277057719532,-0.12469166610998328,1.2
t2_emir_akisi_a1_patlama_15m_v2.0_k3.0_h4,futures,15m,"{""L"": 2000, ""hold"": 4, ""k"": 3.0, ""kind"": ""patlama"", ""mode"": ""devam"", ""n"": 1, ""vol_v"": 2.0}",-0.008707893697482483,-0.3741742436176074,-0.014648733067753938,9,-0.0017903802913149503,4.686600993217615e-05,-0.8604850060201775,0.00020525451559934318,-14.918468751046188,-28.923547920824774,14.005079169778588,0.4444444444444444,4.0,-0.004486919439444015,0.0042,0.005050769866553839,-0.005236242267068869,-0.0006183774832920763,-0.0017201851288393133,-0.006174709574563009,1.8
t2_emir_akisi_a1_akis_15m_n96_k2.0_h4,futures,15m,"{""L"": 2000, ""hold"": 4, ""k"": 2.0, ""kind"": ""akis"", ""mode"": ""devam"", ""n"": 96}",-0.3161617838349007,-0.4222760604774134,-0.39135610706036195,1838,-0.091899683878708,0.023912768335446245,-1.354554659837678,0.17036124794745483,8.36059549361226,-5.482869014401561,13.843464508013822,0.3416757344940152,20.22361262241567,0.5553274711718716,0.8577333333333333,-0.04602453941265672,0.04914070523154801,-0.05923201651420118,0.01455774775705243,-0.28414819199905095,1.8
t2_emir_akisi_a1_akis_15m_n96_k3.0_h4,futures,15m,"{""L"": 2000, ""hold"": 4, ""k"": 3.0, ""kind"": ""akis"", ""mode"": ""devam"", ""n"": 96}",-0.3381744827063554,-1.4101496355804106,-0.355035506876207,234,-0.08209247284280684,0.0011419403968089925,-3.1967444065981376,0.01694490056559022,-39.23205274504447,-52.62130119449742,13.389248449452952,0.3076923076923077,13.277777777777779,-0.29701259324976004,0.10919999999999999,-0.013310333697043375,-0.11749764559600495,-0.056071339922741825,-0.11813485677497537,-0.08692656887009309,0.7
t2_emir_akisi_a1_patlama_15m_v2.0_k4.0_h4,futures,15m,"{""L"": 2000, ""hold"": 4, ""k"": 4.0, ""kind"": ""patlama"", ""mode"": ""devam"", ""n"": 1, ""vol_v"": 2.0}",0.0,nan,0.0,0,0.0,0.0,nan,0.0,nan,nan,nan,nan,,0.0,0.0,0.0,0.0,0.0,0.0,0.0,0.8
t2_emir_akisi_a1_patlama_15m_vNone_k3.0_h16,futures,15m,"{""L"": 2000, ""hold"": 16, ""k"": 3.0, ""kind"": ""patlama"", ""mode"": ""devam"", ""n"": 1, ""vol_v"": null}",-0.5256726582109625,-1.7780516803286819,-0.5390061478626246,1307,-0.15000912938946204,0.003818159218038762,-4.088194010302708,0.10551792556102901,-2.6324418340751277,-16.69290562828969,14.060463794214563,0.39173680183626625,15.791124713083397,-0.1161920239386405,0.6099333333333332,-0.15300724771073704,-0.3154263678349133,-0.1048867210571982,-0.05707283571021937,-0.030780482850544466,0.8
t2_emir_akisi_a1_patlama_15m_vNone_k4.0_h16,futures,15m,"{""L"": 2000, ""hold"": 16, ""k"": 4.0, ""kind"": ""patlama"", ""mode"": ""devam"", ""n"": 1, ""vol_v"": null}",-0.05710266100076167,-0.623617034144232,-0.0603095947891229,58,-0.012277341896316263,0.0006132729677020282,-1.4761786350346366,0.005194079547527823,-15.666770698876176,-29.900359339518,14.233588640641827,0.41379310344827586,15.982758620689655,-0.030360671111573884,0.027066666666666662,-0.028639835163559835,-0.00625773721520706,-0.007155087126862192,0.0035518505388998367,-0.019631994437474765,0.7
t2_emir_akisi_a1_akis_15m_n1_k2.0_h16,futures,15m,"{""L"": 2000, ""hold"": 16, ""k"": 2.0, ""kind"": ""akis"", ""mode"": ""devam"", ""n"": 1}",-0.998326945469318,-4.23042374832524,-0.9983381783275267,15195,-1.2454980261981896,0.011177231598904122,-9.538493746286706,0.7179289819376026,1.7900306452797095,-12.188422139922858,13.978452785202567,0.36169792694965447,14.56064494899638,0.9101270311602915,7.090299999999999,-0.5975457102350912,-0.701630461271769,-0.787247252762041,-0.795049853120943,-0.6804670551510694,1.8
t2_emir_akisi_a1_patlama_15m_v2.0_k3.0_h16,futures,15m,"{""L"": 2000, ""hold"": 16, ""k"": 3.0, ""kind"": ""patlama"", ""mode"": ""devam"", ""n"": 1, ""vol_v"": 2.0}",0.0027718147398025916,0.06277947549453154,-0.025375273935090426,9,0.0005708727086409544,2.4116777683958478e-05,0.13354002530096082,0.0008210180623973727,24.633506027182086,9.831473873716536,14.80203215346555,0.5555555555555556,16.0,0.0074369096399092465,0.0042,0.008482167900107696,-0.013466244963121765,0.011721956129022937,-0.0027800481242462594,-0.0009900551111712286,0.9
t2_emir_akisi_a1_akis_15m_n1_k3.0_h16,futures,15m,"{""L"": 2000, ""hold"": 16, ""k"": 3.0, ""kind"": ""akis"", ""mode"": ""devam"", ""n"": 1}",-0.5256726582109625,-1.7780516803286819,-0.5390061478626246,1307,-0.15000912938946204,0.003818159218038762,-4.088194010302708,0.10551792556102901,-2.6324418340751277,-16.69290562828969,14.060463794214563,0.39173680183626625,15.791124713083397,-0.1161920239386405,0.6099333333333332,-0.15300724771073704,-0.3154263678349133,-0.1048867210571982,-0.05707283571021937,-0.030780482850544466,1.0
t2_emir_akisi_a1_patlama_15m_v2.0_k4.0_h16,futures,15m,"{""L"": 2000, ""hold"": 16, ""k"": 4.0, ""kind"": ""patlama"", ""mode"": ""devam"", ""n"": 1, ""vol_v"": 2.0}",0.0,nan,0.0,0,0.0,0.0,nan,0.0,nan,nan,nan,nan,,0.0,0.0,0.0,0.0,0.0,0.0,0.0,0.7
t2_emir_akisi_a1_patlama_15m_vNone_k3.0_h96,futures,15m,"{""L"": 2000, ""hold"": 96, ""k"": 3.0, ""kind"": ""patlama"", ""mode"": ""devam"", ""n"": 1, ""vol_v"": null}",-0.1743217822498263,-0.0938474985017577,-0.37602961716914884,1092,-0.03128015536005472,0.010993216125442056,-0.3515445825830783,0.4202985312899106,12.240785714782398,-2.0503562533158273,14.291141968098223,0.43040293040293043,89.73992673992674,0.4274807178946187,0.5095999999999999,-0.14351890357701047,-0.09900394955744407,0.23934241572376025,-0.09403261902529736,-0.04705840562754504,0.8
t2_emir_akisi_a1_akis_15m_n4_k2.0_h16,futures,15m,"{""L"": 2000, ""hold"": 16, ""k"": 2.0, ""kind"": ""akis"", ""mode"": ""devam"", ""n"": 4}",-0.9849467204837301,-2.6746727709060045,-0.9874316279127869,10486,-0.807938080776325,0.012477211713851133,-6.0769225042988975,0.625501733260354,2.4579802811993274,-11.46394276420438,13.921923045403707,0.3681098607667366,17.001811939729162,0.8808796005192823,4.893233333333333,-0.1010268311728566,-0.7146664583978113,-0.4950605168901012,-0.618635052782128,-0.6952445610183868,1.6
t2_emir_akisi_a1_patlama_15m_vNone_k4.0_h96,futures,15m,"{""L"": 2000, ""hold"": 96, ""k"": 4.0, ""kind"": ""patlama"", ""mode"": ""devam"", ""n"": 1, ""vol_v"": null}",-0.08113203050789763,-0.33802924999465006,-0.14356880896883462,56,-0.017449033162050688,0.0014275282395311397,-0.8324597477880282,0.02849616858237548,-29.35271878445732,-42.19375445541409,12.841035670956764,0.375,93.0,-0.05429711388545218,0.026133333333333335,-0.007473923003425198,-0.024893781681169846,0.0002626821432429871,-0.02337502244826628,-0.028109432523597322,0.8
t2_emir_akisi_a1_patlama_15m_v2.0_k3.0_h96,futures,15m,"{""L"": 2000, ""hold"": 96, ""k"": 3.0, ""kind"": ""patlama"", ""mode"": ""devam"", ""n"": 1, ""vol_v"": 2.0}",0.0018668174904594714,0.037109494227823066,-0.033035197156435325,9,0.0003372618994399222,9.317710490690785e-05,0.06282084676150966,0.0049261083743842365,18.46656155526705,1.2941237016891716,17.172437853577875,0.5555555555555556,96.0,0.008068143002108638,0.0042,0.012930795421606023,-0.015236434501172846,0.01046029751988753,0.001864370445745278,-0.00786662435971075,0.7
t2_emir_akisi_a1_akis_15m_n4_k3.0_h16,futures,15m,"{""L"": 2000, ""hold"": 16, ""k"": 3.0, ""kind"": ""akis"", ""mode"": ""devam"", ""n"": 4}",-0.386737057216327,-0.9684086477367316,-0.39947964671680725,1388,-0.09246936086592086,-0.0005089730063737118,-2.146396882949731,0.11576354679802955,3.6339274396282724,-10.09354613699304,13.727473576621314,0.3904899135446686,16.576368876080693,0.16910800060865713,0.6477333333333333,-0.08813003228629379,-0.143773939370059,-0.05747086728585604,-0.08027949900427933,-0.09390294672500821,1.1
t2_emir_akisi_a1_patlama_15m_v2.0_k4.0_h96,futures,15m,"{""L"": 2000, ""hold"": 96, ""k"": 4.0, ""kind"": ""patlama"", ""mode"": ""devam"", ""n"": 1, ""vol_v"": 2.0}",0.0,nan,0.0,0,0.0,0.0,nan,0.0,nan,nan,nan,nan,,0.0,0.0,0.0,0.0,0.0,0.0,0.0,1.0
t2_emir_akisi_a1_akis_15m_n24_k2.0_h16,futures,15m,"{""L"": 2000, ""hold"": 16, ""k"": 2.0, ""kind"": ""akis"", ""mode"": ""devam"", ""n"": 24}",-0.5530758895703232,-0.5953956001384036,-0.6371180485102472,3493,-0.15730167376905346,0.019163870022359645,-1.5477925442696847,0.3617838898011312,7.763630937500885,-6.000180732783087,13.763811670283971,0.39707987403378187,24.739765244775263,0.9377363717218514,1.6300666666666663,0.11575887072528945,-0.09105060526980147,-0.10983594481964853,-0.18682035477216552,-0.3912104647717335,1.1
t2_emir_akisi_a1_akis_15m_n24_k3.0_h16,futures,15m,"{""L"": 2000, ""hold"": 16, ""k"": 3.0, ""kind"": ""akis"", ""mode"": ""devam"", ""n"": 24}",-0.24700298989871505,-0.64411912751679,-0.3079977946331849,535,-0.054966076760580726,0.0015140000754516757,-1.4837914156005445,0.05622833424557563,-1.3745885710858676,-14.968031691290086,13.593443120204219,0.41682242990654206,20.661682242990654,-0.020316831311108258,0.24966666666666662,0.0017818681854766538,-0.21511293504276863,0.02112750203583902,0.025650781882854412,-0.08560588072416142,1.2
t2_emir_akisi_a1_akis_15m_n96_k2.0_h16,futures,15m,"{""L"": 2000, ""hold"": 16, ""k"": 2.0, ""kind"": ""akis"", ""mode"": ""devam"", ""n"": 96}",0.3667961762747449,0.430732415012373,-0.2671777091689599,1232,0.038790545336278945,0.035116473262611664,0.4764323890917127,0.24024470899470898,22.984220356805682,9.2953549506232,13.688865406182485,0.42045454545454547,44.47564935064935,0.9934687728231041,0.5749333333333332,0.12582066560773542,0.17038144305453784,-0.07672324137156106,0.16604449123720832,-0.03648143567109574,1.1
t2_emir_akisi_a1_akis_15m_n96_k3.0_h16,futures,15m,"{""L"": 2000, ""hold"": 16, ""k"": 3.0, ""kind"": ""akis"", ""mode"": ""devam"", ""n"": 96}",-0.3622176512476659,-1.0397050868872175,-0.39071206404400827,186,-0.08728369971826715,0.0008682247141076029,-2.3458840248933868,0.02987593504834884,-56.99069037545024,-70.37877528122657,13.388084905776328,0.3064516129032258,30.225806451612904,-0.35112287174091716,0.08679999999999999,-0.03445681733164452,-0.12587913976183573,-0.0901830945763823,-0.11392749010244418,-0.06264080467268596,1.2
t2_emir_akisi_a1_patlama_5m_vNone_k3.0_h12,futures,5m,"{""L"": 2000, ""hold"": 12, ""k"": 3.0, ""kind"": ""patlama"", ""mode"": ""devam"", ""n"": 1, ""vol_v"": null}",-0.6997411088211187,-3.6485632151337986,-0.7023971429413102,2157,-0.2376174659536726,-0.00046011852114818567,-8.119884210763484,0.046875950252387034,-2.615943329534268,-16.66430494093929,14.04836161140502,0.33936022253129344,12.13166434863236,-0.18021256814609626,1.0066,-0.08617978946645632,-0.3117764625127465,-0.2651876060064089,-0.23239928245327857,-0.15356473110095203,4.2
t2_emir_akisi_a1_akis_15m_n1_k2.0_h96,futures,15m,"{""L"": 2000, ""hold"": 96, ""k"": 2.0, ""kind"": ""akis"", ""mode"": ""devam"", ""n"": 1}",-0.9967664180829834,-2.049716175139438,-0.9979745503630832,11351,-1.072543626782517,0.04453557515490701,-4.813281565116694,0.9709621875570151,0.12041402709405705,-13.869354517851221,13.989768544945278,0.353889525151969,39.323143335388956,0.1579382672213151,5.296433333333333,-0.44927191375224307,-0.7136632856371157,-0.7171333037645435,-0.7521897044276129,-0.7074713269871664,2.5
t2_emir_akisi_a1_patlama_5m_vNone_k4.0_h12,futures,5m,"{""L"": 2000, ""hold"": 12, ""k"": 4.0, ""kind"": ""patlama"", ""mode"": ""devam"", ""n"": 1, ""vol_v"": null}",-0.028210826230881336,-0.5064216210262447,-0.05461162938211217,49,-0.005205177093346504,-0.00039097649434446203,-1.0401686978628337,0.0011041932737335036,-3.3474472942605944,-17.41012570869614,14.062678414435545,0.40816326530612246,12.061224489795919,-0.005285163912053135,0.022866666666666667,0.0,-0.0070951642188107344,-0.02013397919297899,-0.005178685830688146,0.004043783073234275,2.1
t2_emir_akisi_a1_akis_15m_n1_k3.0_h96,futures,15m,"{""L"": 2000, ""hold"": 96, ""k"": 3.0, ""kind"": ""akis"", ""mode"": ""devam"", ""n"": 1}",-0.1743217822498263,-0.0938474985017577,-0.37602961716914884,1092,-0.03128015536005472,0.010993216125442056,-0.3515445825830783,0.4202985312899106,12.240785714782398,-2.0503562533158273,14.291141968098223,0.43040293040293043,89.73992673992674,0.4274807178946187,0.5095999999999999,-0.14351890357701047,-0.09900394955744407,0.23934241572376025,-0.09403261902529736,-0.04705840562754504,0.7
t2_emir_akisi_a1_patlama_5m_v2.0_k3.0_h12,futures,5m,"{""L"": 2000, ""hold"": 12, ""k"": 3.0, ""kind"": ""patlama"", ""mode"": ""devam"", ""n"": 1, ""vol_v"": 2.0}",-0.05450089427034177,-1.2603975416269726,-0.05889461419430864,48,-0.011242073059828857,7.425787003395409e-05,-2.8327883321352996,0.0010718846925743476,-20.88936517715576,-35.03069863953544,14.141333462379677,0.3541666666666667,12.0,-0.03316907155413518,0.022399999999999996,0.0001672527708431737,-0.029478828687536485,-0.003686432141092766,-0.01882400839347853,-0.0035843953155678676,1.9
t2_emir_akisi_a1_akis_15m_n4_k2.0_h96,futures,15m,"{""L"": 2000, ""hold"": 96, ""k"": 2.0, ""kind"": ""akis"", ""mode"": ""devam"", ""n"": 4}",-0.9549810922536714,-1.00039140279588,-0.976824653779128,7088,-0.5454655379903266,0.04167133175729622,-2.4516528498919143,0.9610871647509579,2.9486506648988877,-10.93355620166947,13.882206866568357,0.3562358916478555,59.278922121896166,0.7912571195741116,3.307033333333333,0.5661082395243315,-0.7613013932947545,-0.3088764552282228,-0.3288335979432243,-0.7403804463521612,1.7
t2_emir_akisi_a1_akis_15m_n4_k3.0_h96,futures,15m,"{""L"": 2000, ""hold"": 96, ""k"": 3.0, ""kind"": ""akis"", ""mode"": ""devam"", ""n"": 4}",-0.46588755467208554,-0.5265994138852361,-0.5791919176382343,1154,-0.12228915627469908,0.014783046368091888,-1.3664977451998905,0.44329273855135926,-0.04318987158993175,-13.387026976697332,13.3438371051074,0.4150779896013865,93.49653379549393,-0.0011665109240104887,0.5385333333333333,0.16928487126704028,-0.2268845319451599,-0.03169334156326564,0.09261049408247968,-0.4415430259468067,1.0
t2_emir_akisi_a1_patlama_5m_v2.0_k4.0_h12,futures,5m,"{""L"": 2000, ""hold"": 12, ""k"": 4.0, ""kind"": ""patlama"", ""mode"": ""devam"", ""n"": 1, ""vol_v"": 2.0}",0.000989480825655198,0.4469687481804821,-0.0016016723406376832,1,0.0001943578346037849,2.889690402657247e-06,0.9801896234614594,2.2806057288815908e-05,43.60357697139827,29.60357697139827,14.000000000000002,1.0,12.0,0.0014581989429739428,0.00046666666666666666,0.0,0.0,0.000989480825655198,0.0,0.0,1.8
t2_emir_akisi_a1_akis_15m_n24_k2.0_h96,futures,15m,"{""L"": 2000, ""hold"": 96, ""k"": 2.0, ""kind"": ""akis"", ""mode"": ""devam"", ""n"": 24}",0.8277140774504952,0.49403503279132466,-0.46735556876577267,2423,0.18694435643114493,0.018220462218350015,0.9914897009555702,0.8292453475643131,25.525349819185916,12.088685173678737,13.436664645507179,0.42302930251754023,113.33883615352869,2.1450981640750406,1.1300333333333334,1.0726434379778556,0.12741927504847506,0.24905699335402454,-0.11382921881864039,-0.29335950127361166,0.7
t2_emir_akisi_a1_akis_15m_n24_k3.0_h96,futures,15m,"{""L"": 2000, ""hold"": 96, ""k"": 3.0, ""kind"": ""akis"", ""mode"": ""devam"", ""n"": 24}",0.23416429135728833,0.3486810432947575,-0.3015904103638559,490,0.03878486304341903,0.013292196596670271,0.5592395911179823,0.23188058748403576,31.161862911966374,17.58107671466677,13.580786197299604,0.4775510204081633,102.10612244897959,0.5085481678208179,0.22866666666666663,0.200993763694846,-0.023230181189971888,-0.07191803709610001,0.1278373267161037,0.00509519386577395,1.0
t2_emir_akisi_a1_patlama_5m_vNone_k3.0_h48,futures,5m,"{""L"": 2000, ""hold"": 48, ""k"": 3.0, ""kind"": ""patlama"", ""mode"": ""devam"", ""n"": 1, ""vol_v"": null}",-0.6462919737458511,-1.5426203497138369,-0.6707201696311405,1994,-0.19587926238153802,-0.0029187689508698962,-3.3833062646788767,0.15605804901781914,-1.336948773318341,-15.308862758534778,13.971913985216437,0.413741223671013,47.18154463390171,-0.06615463318643651,0.9302999999999999,-0.07892854239341995,-0.3313484881119465,-0.25841908389298784,-0.15557934532734896,-0.08286267879269416,2.3
t2_emir_akisi_a1_akis_15m_n96_k2.0_h96,futures,15m,"{""L"": 2000, ""hold"": 96, ""k"": 2.0, ""kind"": ""akis"", ""mode"": ""devam"", ""n"": 96}",0.2159877800320955,0.2822138790816692,-0.5452704531790917,904,0.04066793879001807,0.03896891583859582,0.30114114096229017,0.5088088396278051,26.50728868928441,13.290760333114104,13.216528356170306,0.45685840707964603,146.3296460176991,0.8810294969159235,0.42186666666666656,0.41888875374457246,-0.262006803196552,-0.09303430442849858,0.31446397779585045,-0.025932718367395302,1.2
t2_emir_akisi_a1_akis_15m_n96_k3.0_h96,futures,15m,"{""L"": 2000, ""hold"": 96, ""k"": 3.0, ""kind"": ""akis"", ""mode"": ""devam"", ""n"": 96}",-0.35768884271001655,-0.6561440605554053,-0.4164614808439693,162,-0.08968090550082324,0.007945357956103724,-1.6316215190831656,0.09405788177339902,-61.338174124770134,-74.66697250935131,13.328798384581184,0.42592592592592593,117.24074074074075,-0.3332256385850011,0.0756,0.03814327802721307,-0.15187559256644634,-0.13118417891439893,-0.09226107007568163,-0.0750038479556443,0.9
t2_emir_akisi_a1_patlama_5m_vNone_k4.0_h48,futures,5m,"{""L"": 2000, ""hold"": 48, ""k"": 4.0, ""kind"": ""patlama"", ""mode"": ""devam"", ""n"": 1, ""vol_v"": null}",0.03628692268492362,0.2894863850037435,-0.0511537302857592,48,0.009539616218063391,-0.0018163335244234208,0.8279145729058575,0.004308444322812139,37.035531824350656,23.16607865696119,13.869453167389464,0.5,48.1875,0.05947974584117081,0.022399999999999996,0.0,0.03141314821475927,-0.012560987805902868,0.011661823117652181,0.005777026212179681,1.8
t2_emir_akisi_a1_patlama_5m_v2.0_k3.0_h48,futures,5m,"{""L"": 2000, ""hold"": 48, ""k"": 3.0, ""kind"": ""patlama"", ""mode"": ""devam"", ""n"": 1, ""vol_v"": 2.0}",-0.04094849072697726,-0.5116623080314187,-0.0661784644202641,48,-0.008220366292168546,-2.6157968057073388e-06,-1.1408044814313385,0.004287538770297391,-12.137686703770102,-26.202969543486343,14.06528283971624,0.4791666666666667,48.0,-0.018293952894811023,0.022399999999999996,-0.0047917195056838,-0.03840184156894366,-0.011056611712853881,2.5459022043206048e-05,0.013332196100716676,1.8
t2_emir_akisi_a1_patlama_5m_v2.0_k4.0_h48,futures,5m,"{""L"": 2000, ""hold"": 48, ""k"": 4.0, ""kind"": ""patlama"", ""mode"": ""devam"", ""n"": 1, ""vol_v"": 2.0}",-0.00224667576566151,-0.4469687481804821,-0.007103274186016861,1,-0.00044130116071893757,-6.561215972644832e-06,-0.9801896234614597,9.122422915526363e-05,-54.68923213361787,-68.68923213361788,14.000000000000002,0.0,48.0,-0.0017599959377344598,0.00046666666666666666,0.0,0.0,-0.00224667576566151,0.0,0.0,1.8
t2_emir_akisi_a1_patlama_5m_vNone_k3.0_h288,futures,5m,"{""L"": 2000, ""hold"": 288, ""k"": 3.0, ""kind"": ""patlama"", ""mode"": ""devam"", ""n"": 1, ""vol_v"": null}",-0.22754550418120034,-0.0369750925678797,-0.5399184389153276,1592,-0.04863129301544021,0.032975438399376,-0.3754798498171407,0.5282148938758134,12.205602806064382,-0.13488470484963883,12.34048751091402,0.4528894472361809,250.25879396984925,0.6520200327927701,0.7426999999999999,0.07564382103297951,-0.14829457970352355,0.18616547818284657,-0.32283151867413684,0.04971883848837022,1.5
t2_emir_akisi_a1_akis_5m_n1_k2.0_h12,futures,5m,"{""L"": 2000, ""hold"": 12, ""k"": 2.0, ""kind"": ""akis"", ""mode"": ""devam"", ""n"": 1}",-0.9999999997878489,-15.001641706159814,-0.9999999997901299,44785,-4.389370384774524,0.008351884224171978,-33.54214800296344,0.61851547771088,-0.8040861012397635,-14.805107500509525,14.001021399269762,0.3057943507870939,11.605515239477503,-1.178071140710356,20.898966666666666,-0.9637226071606356,-0.996528277750584,-0.9859558236778454,-0.99151747899022,-0.9858602107128993,6.7
t2_emir_akisi_a1_patlama_5m_vNone_k4.0_h288,futures,5m,"{""L"": 2000, ""hold"": 288, ""k"": 4.0, ""kind"": ""patlama"", ""mode"": ""devam"", ""n"": 1, ""vol_v"": null}",-0.003555338845893985,0.008082042291532882,-0.1564621460087422,44,-0.0005030504117214311,0.0007666160653570632,-0.023980895352905075,0.023566259198443105,13.251231235795393,-1.53897605109379,14.790207286889183,0.4772727272727273,292.97727272727275,0.026963223246398917,0.020533333333333327,0.0,0.005010444338636955,0.01523618476892108,-0.04552429616812037,0.02317670353901713,2.1
t2_emir_akisi_a1_akis_5m_n1_k3.0_h12,futures,5m,"{""L"": 2000, ""hold"": 12, ""k"": 3.0, ""kind"": ""akis"", ""mode"": ""devam"", ""n"": 1}",-0.6997411088211187,-3.6485632151337986,-0.7023971429413102,2157,-0.2376174659536726,-0.00046011852114818567,-8.119884210763484,0.046875950252387034,-2.615943329534268,-16.66430494093929,14.04836161140502,0.33936022253129344,12.13166434863236,-0.18021256814609626,1.0066,-0.08617978946645632,-0.3117764625127465,-0.2651876060064089,-0.23239928245327857,-0.15356473110095203,2.4
t2_emir_akisi_a1_patlama_5m_v2.0_k3.0_h288,futures,5m,"{""L"": 2000, ""hold"": 288, ""k"": 3.0, ""kind"": ""patlama"", ""mode"": ""devam"", ""n"": 1, ""vol_v"": 2.0}",0.03160553736143701,0.1795891728084867,-0.09581566632211347,48,0.006736615782380797,0.0002000090726149727,0.38734326193211654,0.025324226114456,36.1815258339952,21.62789870013755,14.553627133857654,0.4375,283.6041666666667,0.059674065571529836,0.022399999999999996,-0.009951786151837894,-0.024910383893425703,0.031044799733414896,0.04246370588190551,-0.00579874120798507,1.9
t2_emir_akisi_a1_patlama_5m_v2.0_k4.0_h288,futures,5m,"{""L"": 2000, ""hold"": 288, ""k"": 4.0, ""kind"": ""patlama"", ""mode"": ""devam"", ""n"": 1, ""vol_v"": 2.0}",0.00034292772719335396,0.02882760559854275,-0.007103274186016861,1,1.587815615027669e-05,4.845626872736287e-05,0.014264793896769448,0.0005473453749315818,19.954179292009933,7.279927193667002,12.674252098342931,1.0,288.0,0.0008159122782746367,0.00046666666666666666,0.0,0.0,0.00034292772719335396,0.0,0.0,1.4
t2_emir_akisi_a1_akis_5m_n12_k2.0_h12,futures,5m,"{""L"": 2000, ""hold"": 12, ""k"": 2.0, ""kind"": ""akis"", ""mode"": ""devam"", ""n"": 12}",-0.9999078778888867,-8.020093122234444,-0.9999086822536098,18653,-1.8304024430437051,0.004049060117527385,-17.93560525257812,0.406808748403576,-0.7922916494615717,-14.768845274520968,13.976553625059397,0.32611376186136276,15.673779016780143,-0.44103598255866305,8.7045,-0.7377182010671758,-0.8541554452032728,-0.8449863138955459,-0.8772863285070844,-0.8733974318569097,3.0
t2_emir_akisi_a1_akis_5m_n12_k3.0_h12,futures,5m,"{""L"": 2000, ""hold"": 12, ""k"": 3.0, ""kind"": ""akis"", ""mode"": ""devam"", ""n"": 12}",-0.6868665899393962,-2.8292523161134993,-0.6904141758567048,2456,-0.22283644970138097,-0.00504346119953317,-6.158140161171572,0.05914750957854406,-0.08237822209729516,-14.038243034967088,13.955864812869793,0.3293973941368078,13.796416938110749,-0.0027529415993724354,1.1461333333333332,-0.19837749205640942,-0.2789151804319169,-0.10270685981375904,-0.25773650155340766,-0.18664395241082765,1.9
t2_emir_akisi_a1_cvdar_1h_n6_k0.5_h1,futures,1h,"{""L"": 2000, ""hold"": 1, ""k"": 0.5, ""kind"": ""cvd_aralik"", ""mode"": ""devam"", ""n"": 6}",-0.9979168960152204,-4.439603388750251,-0.9979218020119124,12648,-1.0895610979854053,-0.09153078077856093,-9.38676717547221,0.4322203977376391,-0.6268124155825439,-14.348952042481532,13.722139626898988,0.49264705882352944,1.9918564199873499,-0.26868047387923194,5.901933333333332,-0.6460717384903047,-0.8660219983792832,-0.469323656795695,-0.7191328113598003,-0.7052651598697957,1.6
t2_emir_akisi_a1_cvdar_1h_n6_k0.8_h1,futures,1h,"{""L"": 2000, ""hold"": 1, ""k"": 0.8, ""kind"": ""cvd_aralik"", ""mode"": ""devam"", ""n"": 6}",-0.9114747363302386,-2.5616754346350747,-0.912532198534941,5855,-0.41382152895473534,-0.04654201432240168,-5.169058363663108,0.18276774311257069,1.4843855421192034,-12.33997826853335,13.824363810652555,0.5113578138343297,1.5673783091374893,0.2947532262349476,2.732333333333333,-0.3746646949220519,-0.5375459646485657,-0.33036653628148793,-0.2986609705047206,-0.34819070374550065,0.7
t2_emir_akisi_a1_cvdar_1h_n24_k0.5_h1,futures,1h,"{""L"": 2000, ""hold"": 1, ""k"": 0.5, ""kind"": ""cvd_aralik"", ""mode"": ""devam"", ""n"": 24}",-0.9723369647599159,-2.274546551048126,-0.9744015632499918,4676,-0.5379409744502301,-0.11647469867503014,-4.282363089187149,0.4008164568509396,-9.787558728603724,-22.074975565610796,12.287416837007072,0.564585115483319,5.202309666381523,-1.472128489135346,2.1816666666666666,-0.09820577684810461,-0.8541110243049442,-0.30571921115638023,-0.3439706487920162,-0.5383514377574374,1.0
t2_emir_akisi_a1_cvdar_1h_n24_k0.8_h1,futures,1h,"{""L"": 2000, ""hold"": 1, ""k"": 0.8, ""kind"": ""cvd_aralik"", ""mode"": ""devam"", ""n"": 24}",-0.7833945416236286,-1.6979722074641963,-0.797510898723181,2273,-0.24500620354304725,-0.03971924041486526,-3.2491539498102218,0.1335978835978836,-7.135812687057898,-19.88724217205919,12.75142948500129,0.589089309282886,3.0,-0.5125344007388748,1.0607333333333333,-0.08234043469471852,-0.6487594238750813,-0.05124683540802644,-0.02269135930445354,-0.2752334457993866,0.5
t2_emir_akisi_a1_akis_5m_n72_k2.0_h12,futures,5m,"{""L"": 2000, ""hold"": 12, ""k"": 2.0, ""kind"": ""akis"", ""mode"": ""devam"", ""n"": 72}",-0.9513237933653207,-2.893780989492885,-0.9549376694554096,5755,-0.601869773468148,0.01643175646571237,-6.677791274498524,0.24418255488657786,-1.4076294142087666,-15.317974134595136,13.910344720386371,0.3362293657688966,28.328757602085144,-0.22266554230243504,2.685433333333333,-0.16944420202319332,-0.5161575560921325,-0.36888697256943825,-0.4952299015590459,-0.6197727982883847,2.5
t2_emir_akisi_a1_cvdar_1h_n72_k0.5_h1,futures,1h,"{""L"": 2000, ""hold"": 1, ""k"": 0.5, ""kind"": ""cvd_aralik"", ""mode"": ""devam"", ""n"": 72}",-0.898388878597208,-1.2386891274135292,-0.9148686338098082,2399,-0.25687759140622946,-0.1275889611420074,-1.85261025248279,0.44284802043422733,-17.75104238932962,-26.248402498440583,8.497360109110968,0.6231763234681117,12.18466027511463,-1.3276089602681234,1.1195333333333333,-0.04468904793898043,-0.8134558991417503,0.15923292314478066,-0.20866880112836472,-0.3784358288309845,0.5
t2_emir_akisi_a1_cvdar_1h_n72_k0.8_h1,futures,1h,"{""L"": 2000, ""hold"": 1, ""k"": 0.8, ""kind"": ""cvd_aralik"", ""mode"": ""devam"", ""n"": 72}",-0.36734353665398634,-0.3430750509837392,-0.5343752341363848,1473,-0.024887491849357152,-0.039699079093730216,-0.2733490414989248,0.15904944353220216,1.2920576388583376,-9.042948938639832,10.335006577498168,0.6571622539035981,5.835030549898167,0.132504620678901,0.6873999999999999,0.15950831222299233,-0.3955385660807609,0.1065464959092215,-0.0607710203915135,-0.13147097909113148,0.4
t2_emir_akisi_a1_akis_5m_n72_k3.0_h12,futures,5m,"{""L"": 2000, ""hold"": 12, ""k"": 3.0, ""kind"": ""akis"", ""mode"": ""devam"", ""n"": 72}",-0.3956435574045811,-1.459795530626466,-0.42063229361476673,940,-0.10184560598830215,0.0030647849579741536,-3.37487197889704,0.03417297634251657,-1.93512872107041,-15.827250689126716,13.892121968056307,0.3404255319148936,20.870212765957447,-0.047773227445919816,0.4386666666666666,-0.03063888824426908,-0.14095926202898834,-0.06771777393545064,-0.08940606667137829,-0.14508754072684193,1.5
t2_emir_akisi_a1_cvdar_1h_n6_k0.5_h6,futures,1h,"{""L"": 2000, ""hold"": 6, ""k"": 0.5, ""kind"": ""cvd_aralik"", ""mode"": ""devam"", ""n"": 6}",-0.9642911091408803,-1.1948067455350706,-0.972328476166726,7716,-0.3120318401845823,-0.2138899601804543,-1.6027674695929,0.8741105637657361,0.9970710309278805,-11.291250443727337,12.288321474655218,0.5062208398133748,9.334629341627787,0.41159600099468574,3.600333333333333,-0.009770089805087201,-0.83753863956197,0.09975040152210424,-0.4678121164451916,-0.6207451675704446,1.2
t2_emir_akisi_a1_cvdar_1h_n6_k0.8_h6,futures,1h,"{""L"": 2000, ""hold"": 6, ""k"": 0.8, ""kind"": ""cvd_aralik"", ""mode"": ""devam"", ""n"": 6}",-0.7232605496997345,-0.5384780175165585,-0.8102628871552155,4209,-0.04399196474731254,-0.1297050638832251,-0.2859549744537018,0.552522349936143,4.482004295214103,-7.547280631229559,12.02928492644366,0.5098598241862675,7.994297933000713,0.6852848903700638,1.9637333333333333,0.2171438136276045,-0.6710566812630747,-0.16162911049232642,-0.025570571392111274,-0.15390032821549404,0.7
t2_emir_akisi_a1_cvdar_1h_n24_k0.5_h6,futures,1h,"{""L"": 2000, ""hold"": 6, ""k"": 0.5, ""kind"": ""cvd_aralik"", ""mode"": ""devam"", ""n"": 24}",-0.9437990224909718,-1.338917494062652,-0.955826739886465,2694,-0.3061282414099028,-0.17194038455580254,-1.9506936038648246,0.6052955665024631,-19.81635891716017,-28.930377727867885,9.114018810707716,0.5374907201187825,15.549368968077209,-1.655684746172252,1.2564999999999997,0.004006434916099755,-0.7957798154149415,0.030776397944482392,-0.3823775298879255,-0.5694524176358552,0.7
t2_emir_akisi_a1_cvdar_1h_n24_k0.8_h6,futures,1h,"{""L"": 2000, ""hold"": 6, ""k"": 0.8, ""kind"": ""cvd_aralik"", ""mode"": ""devam"", ""n"": 24}",-0.7916758587518675,-1.227341219696344,-0.8130509222363664,1308,-0.17890043109891196,-0.09304870285489289,-1.8087349597293603,0.27558839627805143,-25.816850646865486,-34.63945217626539,8.822601529399902,0.5389908256880734,11.707186544342507,-1.031064088274659,0.6103999999999999,-0.14901600878476917,-0.721741122551555,0.16080892141927072,-0.13027384125181973,-0.12858323385531567,0.9
t2_emir_akisi_a1_akis_5m_n288_k2.0_h12,futures,5m,"{""L"": 2000, ""hold"": 12, ""k"": 2.0, ""kind"": ""akis"", ""mode"": ""devam"", ""n"": 288}",-0.7048763203351702,-1.2826585388141531,-0.7257830773308221,2912,-0.25134548416707053,0.0202942377939915,-3.1668839953469057,0.24254622027610534,1.8497769051080275,-12.020802042645927,13.870578947753954,0.3389423076923077,55.74931318681319,0.2512619092637723,1.358933333333333,-0.14286481708716525,-0.23179523693779214,-0.14379296251152418,-0.14856875933478908,-0.38517804836813385,2.6
t2_emir_akisi_a1_cvdar_1h_n72_k0.5_h6,futures,1h,"{""L"": 2000, ""hold"": 6, ""k"": 0.5, ""kind"": ""cvd_aralik"", ""mode"": ""devam"", ""n"": 72}",-0.8414530660336517,-0.8006227414743169,-0.8928837065695117,1249,-0.10427293966264936,-0.16898793648460111,-0.6696281053075465,0.5374247400109469,-33.1864851847663,-35.38610447952086,2.1996192947545565,0.589271417133707,30.243394715772617,-1.3721303788276535,0.5826333333333333,0.09405585387424553,-0.8071340784879232,0.5992329848535947,-0.23911351591364538,-0.38250812329538697,0.5
t2_emir_akisi_a1_cvdar_1h_n72_k0.8_h6,futures,1h,"{""L"": 2000, ""hold"": 6, ""k"": 0.8, ""kind"": ""cvd_aralik"", ""mode"": ""devam"", ""n"": 72}",-0.6709282315619152,-0.7852303464404858,-0.6971673277894861,708,-0.10859755355742338,-0.0727078497411478,-1.019108570567644,0.2381180441525269,-43.81300804789559,-45.86360452853381,2.0505964806382186,0.5847457627118644,19.320621468926554,-0.909024517926857,0.3304,-0.05037473875749898,-0.5793658029925399,0.13772292714799006,-0.07556124870913161,-0.21671621417148224,0.4
t2_emir_akisi_a1_akis_5m_n288_k3.0_h12,futures,5m,"{""L"": 2000, ""hold"": 12, ""k"": 3.0, ""kind"": ""akis"", ""mode"": ""devam"", ""n"": 288}",-0.4486544809962004,-1.6875343988875107,-0.4602494682024064,498,-0.12058178077868374,0.0035399571595081387,-3.8986671001351634,0.02864630845952685,-21.743485321571338,-35.44845253949459,13.704967217923247,0.30120481927710846,32.46586345381526,-0.3518278007363407,0.2324,-0.043495713144715786,-0.18308227089817974,-0.06502698284868558,-0.13054939321572612,-0.13201021413868352,1.4
t2_emir_akisi_a1_cvdar_1h_n6_k0.5_h24,futures,1h,"{""L"": 2000, ""hold"": 24, ""k"": 0.5, ""kind"": ""cvd_aralik"", ""mode"": ""devam"", ""n"": 6}",-0.9217958658423164,-0.5858124516238811,-0.9620359967908598,4078,0.03588527725499872,-0.32828259926725356,0.15393781830774225,0.999133369823025,0.502868028173881,-9.46179129612863,9.964659324302513,0.5029426189308485,28.90215792054929,-0.29620466775985665,1.9023666666666663,0.33381847134898424,-0.9240976466365233,1.5580690612220383,-0.3126699637748451,-0.5606605974486409,0.7
t2_emir_akisi_a1_cvdar_1h_n6_k0.8_h24,futures,1h,"{""L"": 2000, ""hold"": 24, ""k"": 0.8, ""kind"": ""cvd_aralik"", ""mode"": ""devam"", ""n"": 6}",-0.8854097079358535,-0.5820389641183881,-0.9443235963102345,2253,0.02702484560249885,-0.28512708268686526,0.13012443361491466,0.9212278781244299,-12.1696472202698,-19.18373612178476,7.014088901514963,0.5237461162893919,35.280514869063474,-0.9324588401757588,1.0507,0.33274782054536356,-0.8616906252279907,-0.21674167539402,0.02828174114132964,-0.22815324316359387,0.6
t2_emir_akisi_a1_cvdar_1h_n24_k0.5_h24,futures,1h,"{""L"": 2000, ""hold"": 24, ""k"": 0.5, ""kind"": ""cvd_aralik"", ""mode"": ""devam"", ""n"": 24}",-0.7644614934775813,-0.3068454483392611,-0.9072332377318699,1595,0.17430386616175533,-0.28903496321678107,0.8461243910185835,0.8841224229155263,-7.7256493223847205,-10.504415314576027,2.7787659921913073,0.5322884012539185,48.542319749216304,-0.5976145566003981,0.7436333333333333,0.895397688138351,-0.7868242457983439,0.568837320631634,-0.3884244961353486,-0.3924307738745999,1.1
t2_emir_akisi_a1_cvdar_1h_n24_k0.8_h24,futures,1h,"{""L"": 2000, ""hold"": 24, ""k"": 0.8, ""kind"": ""cvd_aralik"", ""mode"": ""devam"", ""n"": 24}",-0.6567343545126338,-0.4102202652223578,-0.8408854853392218,893,0.04748242257679804,-0.17054715254125957,0.3158743077128075,0.5410509031198686,-26.56547916912561,-26.20250022240352,-0.36297894672209385,0.5576707726763718,38.51511758118701,-0.7018269363607268,0.4165,0.5303852782293081,-0.7462481124139139,0.5414501995353589,-0.12854858729043428,-0.3419671066352491,0.4
t2_emir_akisi_a1_cvdar_1h_n72_k0.5_h24,futures,1h,"{""L"": 2000, ""hold"": 24, ""k"": 0.5, ""kind"": ""cvd_aralik"", ""mode"": ""devam"", ""n"": 72}",-0.794988471457158,-0.49523467677742167,-0.8826024000601556,774,0.03784561278283803,-0.2235651200042549,0.20869226624922263,0.7014459040321109,-41.753611822065906,-34.126716502204424,-7.626895319861487,0.5426356589147286,71.26485788113695,-1.2550053754200305,0.3607333333333333,0.3449385283243367,-0.777875784627913,0.6109670238509644,-0.2756697526453553,-0.41189256470308266,0.7
t2_emir_akisi_a1_cvdar_1h_n72_k0.8_h24,futures,1h,"{""L"": 2000, ""hold"": 24, ""k"": 0.8, ""kind"": ""cvd_aralik"", ""mode"": ""devam"", ""n"": 72}",-0.6998792594952044,-0.6183164610941567,-0.8095311723731148,441,-0.05324765503346997,-0.1211858819280651,-0.40146503910422016,0.3751368363437329,-84.1511981711327,-70.17714746203617,-13.974050709096522,0.528344671201814,53.229024943310655,-1.1236919507126188,0.20556666666666665,0.299414196581717,-0.6787575463347434,0.1472874547372558,-0.11029595172248519,-0.2956351807175258,0.4
t2_emir_akisi_a1_akis_5m_n1_k2.0_h48,futures,5m,"{""L"": 2000, ""hold"": 48, ""k"": 2.0, ""kind"": ""akis"", ""mode"": ""devam"", ""n"": 1}",-0.999999978844613,-8.258873677078679,-0.9999999796154129,34193,-3.4669564607396093,0.0351271219478631,-18.681015221181067,0.9071774463297452,-1.245027549291234,-15.218558993640006,13.97353144434877,0.31889568040242156,31.277805398765828,-1.2842210069741387,15.95603333333333,-0.9437936456187617,-0.9879494973405794,-0.9630159851370897,-0.9730041741158698,-0.9687161840842098,5.0
t2_emir_akisi_a1_akis_5m_n1_k3.0_h48,futures,5m,"{""L"": 2000, ""hold"": 48, ""k"": 3.0, ""kind"": ""akis"", ""mode"": ""devam"", ""n"": 1}",-0.6462919737458511,-1.5426203497138369,-0.6707201696311405,1994,-0.19587926238153802,-0.0029187689508698962,-3.3833062646788767,0.15605804901781914,-1.336948773318341,-15.308862758534778,13.971913985216437,0.413741223671013,47.18154463390171,-0.06615463318643651,0.9302999999999999,-0.07892854239341995,-0.3313484881119465,-0.25841908389298784,-0.15557934532734896,-0.08286267879269416,2.1
t2_emir_akisi_a1_cvdar_15m_n4_k0.5_h4,futures,15m,"{""L"": 2000, ""hold"": 4, ""k"": 0.5, ""kind"": ""cvd_aralik"", ""mode"": ""devam"", ""n"": 4}",-0.9999999999629952,-11.646390385228202,-0.9999999999629952,49717,-4.607932262709067,-0.06746293848756589,-25.781031006661436,0.8398786717752235,-0.36341212247941945,-14.250900597419351,13.887488474939932,0.4154514552366394,5.163686465394131,-0.5579083816339849,23.200799999999997,-0.9843881529449716,-0.9971227245451418,-0.9765231522930258,-0.9929092384661463,-0.9950513036695202,5.1
t2_emir_akisi_a1_akis_5m_n12_k2.0_h48,futures,5m,"{""L"": 2000, ""hold"": 48, ""k"": 2.0, ""kind"": ""akis"", ""mode"": ""devam"", ""n"": 12}",-0.9990072145471892,-3.708834298180673,-0.9991539385789814,14618,-1.332084519088371,0.013854924490054371,-8.376470768794885,0.7730189138235115,0.2957011708429478,-13.667396362618868,13.963097533461815,0.3642769188671501,50.70933096182788,0.2569822419729383,6.821266666666666,-0.3086052165222505,-0.8676722914755715,-0.7367333206437932,-0.7289936975004196,-0.8479091007114229,2.6
t2_emir_akisi_a1_cvdar_15m_n4_k0.8_h4,futures,15m,"{""L"": 2000, ""hold"": 4, ""k"": 0.8, ""kind"": ""cvd_aralik"", ""mode"": ""devam"", ""n"": 4}",-0.9999971814530952,-8.474607803157477,-0.9999971960786465,27079,-2.4588200218079446,-0.03610112226921473,-18.678530756629662,0.543183269476373,-0.03369018760004487,-13.91285143109239,13.879161243492346,0.4184054064034861,4.727057867720374,-0.01967262761295263,12.636866666666666,-0.9272381177931608,-0.9788267314549739,-0.7935103225582596,-0.9070472648311757,-0.9046824400167562,2.9
t2_emir_akisi_a1_akis_5m_n12_k3.0_h48,futures,5m,"{""L"": 2000, ""hold"": 48, ""k"": 3.0, ""kind"": ""akis"", ""mode"": ""devam"", ""n"": 12}",-0.5882822174543249,-1.2003431198632266,-0.6019358860410131,2300,-0.14967103125273493,-0.01556471896332008,-2.4010376054326237,0.1863121845162075,2.7621927599540963,-11.080338845613088,13.842531605567183,0.40217391304347827,49.99173913043478,0.2194185551764843,1.0733333333333333,-0.17464851955173466,-0.18247036672198036,-0.06386877776465916,-0.19535908258622303,-0.18993784480537124,1.9
t2_emir_akisi_a1_cvdar_15m_n24_k0.5_h4,futures,15m,"{""L"": 2000, ""hold"": 4, ""k"": 0.5, ""kind"": ""cvd_aralik"", ""mode"": ""devam"", ""n"": 24}",-0.9984465732064483,-3.8994906909519913,-0.9984540328719194,12469,-1.1101076822066127,-0.11243242700811386,-8.124976292154333,0.5096526637474913,-1.4967636910421627,-14.920525073879748,13.423761382837585,0.4871280776325287,10.036410297537895,-0.6220776944975042,5.8184,-0.6096733439771603,-0.912196766690347,-0.45325587828180425,-0.6393667082967116,-0.7701194998289917,2.3
t2_emir_akisi_a1_akis_5m_n72_k2.0_h48,futures,5m,"{""L"": 2000, ""hold"": 48, ""k"": 2.0, ""kind"": ""akis"", ""mode"": ""devam"", ""n"": 72}",-0.9321727278603329,-1.778624988381666,-0.9391882146163111,4613,-0.5090398250890756,0.009734613106491277,-4.057828035015633,0.4534129264732713,-2.6207190190991265,-16.49578421915969,13.875065200060563,0.38174723607197053,73.8051159765879,-0.32655937379968425,2.1525,-0.05938701471743113,-0.6048874065723511,-0.3543903173175028,-0.4140716438631723,-0.5175437271175757,1.9
t2_emir_akisi_a1_cvdar_15m_n24_k0.8_h4,futures,15m,"{""L"": 2000, ""hold"": 4, ""k"": 0.8, ""kind"": ""cvd_aralik"", ""mode"": ""devam"", ""n"": 24}",-0.919378026344559,-2.661665041466212,-0.9200824722921015,4470,-0.41814353227303896,-0.05893823555498439,-5.289588999837582,0.16164933406312718,-2.8590394999045983,-16.41561142152793,13.55657192162333,0.4829977628635347,7.228635346756152,-0.43574187447820173,2.0857666666666663,-0.38332682598464907,-0.7101987676464572,-0.182578935088878,-0.2835475348440606,-0.22969106644162163,1.3
t2_emir_akisi_a1_akis_5m_n72_k3.0_h48,futures,5m,"{""L"": 2000, ""hold"": 48, ""k"": 3.0, ""kind"": ""akis"", ""mode"": ""devam"", ""n"": 72}",-0.4007204923209541,-1.0245419575470645,-0.461314454101979,858,-0.09947491327132037,0.0015222579003648148,-2.326266893762965,0.08603775162683208,-3.377894446813783,-17.216793781025228,13.838899334211444,0.38694638694638694,59.94871794871795,-0.08231682873524837,0.4003999999999999,0.004943053299571565,-0.22495197563812408,-0.10802819540726427,-0.05672140670187742,-0.08553254053101211,1.8
t2_emir_akisi_a1_cvdar_15m_n96_k0.5_h4,futures,15m,"{""L"": 2000, ""hold"": 4, ""k"": 0.5, ""kind"": ""cvd_aralik"", ""mode"": ""devam"", ""n"": 96}",-0.9698532644718726,-2.0284163425094395,-0.9705805531602707,4630,-0.5006710421289355,-0.12798912886306713,-3.6930173268871287,0.4301906586389345,-9.297534300301619,-21.122516511158395,11.824982210856778,0.555939524838013,23.194816414686827,-1.3914531925564106,2.1601999999999997,-0.1866754859509362,-0.8718878134761532,-0.16237837733213212,-0.21534685771230655,-0.5597895103883974,1.2
t2_emir_akisi_a1_akis_5m_n288_k2.0_h48,futures,5m,"{""L"": 2000, ""hold"": 48, ""k"": 2.0, ""kind"": ""akis"", ""mode"": ""devam"", ""n"": 288}",-0.553487017094562,-0.5929259772918404,-0.6040834715766485,1978,-0.15590198634035757,0.018035945413781083,-1.528399743715933,0.3461845466155811,3.140322539508295,-10.615387172207388,13.755709711715683,0.39282103134479274,123.9469160768453,0.2752433871556251,0.9230666666666666,0.03178990678891269,-0.19363232276742603,-0.15251411417690697,-0.1346611055452247,-0.2682023571006261,1.7
t2_emir_akisi_a1_cvdar_15m_n96_k0.8_h4,futures,15m,"{""L"": 2000, ""hold"": 4, ""k"": 0.8, ""kind"": ""cvd_aralik"", ""mode"": ""devam"", ""n"": 96}",-0.8529482710069085,-2.0688215226444946,-0.8659603364002509,2028,-0.31165842142167394,-0.04800299578632531,-4.016230085560281,0.13156814449917897,-15.398069531543713,-27.58277599709044,12.184706465546729,0.5409270216962525,13.293392504930967,-1.0154478420578374,0.9463999999999999,-0.06839872528846436,-0.7531955781252377,-0.11180212856304694,-0.05509971342783038,-0.23793605288507014,1.1
t2_emir_akisi_a1_akis_5m_n288_k3.0_h48,futures,5m,"{""L"": 2000, ""hold"": 48, ""k"": 3.0, ""kind"": ""akis"", ""mode"": ""devam"", ""n"": 288}",-0.4033737531252457,-1.229832078791565,-0.4080824720585411,389,-0.10778538938646619,0.006913172871894791,-2.9683178723632326,0.05412067445113422,-25.46042694183296,-39.021706496016535,13.561279554183573,0.3496143958868895,81.3521850899743,-0.3165410446785046,0.18153333333333332,-0.03817329346984388,-0.14096946927949583,-0.06520024476323782,-0.10218857841060303,-0.13961425182759857,1.7
t2_emir_akisi_a1_cvdar_15m_n4_k0.5_h16,futures,15m,"{""L"": 2000, ""hold"": 16, ""k"": 0.5, ""kind"": ""cvd_aralik"", ""mode"": ""devam"", ""n"": 4}",-0.9999999600081031,-6.213598776591054,-0.9999999601946357,31278,-3.144478829778205,-0.09162764010114856,-13.544361706487969,0.9986430395913155,-2.098883771718752,-15.77221026509192,13.673326493373168,0.4456167274122386,14.776040667561865,-1.9266684354966102,14.595699999999999,-0.8954404655116062,-0.992346507452712,-0.9230472850852611,-0.9726492123678875,-0.9762559435903986,3.1
t2_emir_akisi_a1_cvdar_15m_n4_k0.8_h16,futures,15m,"{""L"": 2000, ""hold"": 16, ""k"": 0.8, ""kind"": ""cvd_aralik"", ""mode"": ""devam"", ""n"": 4}",-0.999889142608745,-3.8572147432608546,-0.9998906788127447,18217,-1.616451695364972,-0.08624982485516007,-8.206053885787183,0.9346549443532202,-0.8053930232921037,-14.249965309847239,13.444572286555134,0.4637975517373882,17.766975901630346,-0.3062003050897355,8.501033333333334,-0.7254400456236905,-0.9786098418956002,-0.5647718380006315,-0.773819800688776,-0.8082471206130754,2.1
t2_emir_akisi_a1_akis_5m_n1_k2.0_h288,futures,5m,"{""L"": 2000, ""hold"": 288, ""k"": 2.0, ""kind"": ""akis"", ""mode"": ""devam"", ""n"": 1}",-0.9999999095954228,-5.948543525837695,-0.999999913000487,30259,-3.1478465437061423,0.049217131943330106,-13.54978189038674,0.995052986073101,-1.7697834982889298,-15.696214799262735,13.926431300973807,0.31339436200799764,48.507485376251694,-1.3565439406645479,14.120166666666666,-0.9386770647345813,-0.9834180106640011,-0.9482524323658988,-0.9569865760918951,-0.9600573478570599,3.8
t2_emir_akisi_a1_cvdar_15m_n24_k0.5_h16,futures,15m,"{""L"": 2000, ""hold"": 16, ""k"": 0.5, ""kind"": ""cvd_aralik"", ""mode"": ""devam"", ""n"": 24}",-0.9570049040118073,-1.134991666295367,-0.9703521780980727,8602,-0.2921604476100403,-0.20197496436330883,-1.506386033598728,0.7929951195037402,3.1810383897618375,-9.375611311945965,12.556649701707801,0.512555219716345,28.118228318995584,1.000565674416839,4.0138,0.07235944544264106,-0.8107527419634142,-0.10635589262271894,-0.38260390419247736,-0.6160095081375456,1.7
t2_emir_akisi_a1_akis_5m_n1_k3.0_h288,futures,5m,"{""L"": 2000, ""hold"": 288, ""k"": 3.0, ""kind"": ""akis"", ""mode"": ""devam"", ""n"": 1}",-0.22754550418120034,-0.0369750925678797,-0.5399184389153276,1592,-0.04863129301544021,0.032975438399376,-0.3754798498171407,0.5282148938758134,12.205602806064382,-0.13488470484963883,12.34048751091402,0.4528894472361809,250.25879396984925,0.6520200327927701,0.7426999999999999,0.07564382103297951,-0.14829457970352355,0.18616547818284657,-0.32283151867413684,0.04971883848837022,1.6
t2_emir_akisi_a1_cvdar_15m_n24_k0.8_h16,futures,15m,"{""L"": 2000, ""hold"": 16, ""k"": 0.8, ""kind"": ""cvd_aralik"", ""mode"": ""devam"", ""n"": 24}",-0.8214426223748061,-1.0488381915875848,-0.847065102913877,3401,-0.1657242473375509,-0.11874104856822412,-1.3593322000820824,0.3550618044152527,-0.8743797331025557,-13.176397115337737,12.302017382235181,0.515436636283446,22.860335195530727,-0.13258974735181406,1.5866666666666667,-0.05475515284188304,-0.7413030666894108,-0.04575956482593635,-0.08345967528734122,-0.16510317917460438,0.9
t2_emir_akisi_a1_cvdar_15m_n96_k0.5_h16,futures,15m,"{""L"": 2000, ""hold"": 16, ""k"": 0.5, ""kind"": ""cvd_aralik"", ""mode"": ""devam"", ""n"": 96}",-0.8987093622639306,-1.0245395810298146,-0.9164802944430707,3008,-0.1880999277986892,-0.17261272131977612,-1.195633655395443,0.5583721036307243,-10.179817871424596,-19.729024230738705,9.54920635931411,0.5405585106382979,50.255319148936174,-0.9127267446054943,1.4032666666666667,0.04585058289413402,-0.7866428743967908,0.09180405874764808,-0.2104888364624632,-0.4733894793300226,1.0
t2_emir_akisi_a1_akis_5m_n12_k2.0_h288,futures,5m,"{""L"": 2000, ""hold"": 288, ""k"": 2.0, ""kind"": ""akis"", ""mode"": ""devam"", ""n"": 12}",-0.9916583286896701,-1.5493524336812987,-0.9949777019462306,10192,-0.857379264739159,0.03401724938865148,-3.625692507520432,0.9919114516815666,1.4893730859573369,-12.477499489237001,13.966872575194337,0.3455651491365777,138.56063579277864,0.7275244961635546,4.755566666666667,0.1432708899289694,-0.7643019801612629,-0.5765740766341425,-0.4635795604990579,-0.8637096104704233,2.5
t2_emir_akisi_a1_cvdar_15m_n96_k0.8_h16,futures,15m,"{""L"": 2000, ""hold"": 16, ""k"": 0.8, ""kind"": ""cvd_aralik"", ""mode"": ""devam"", ""n"": 96}",-0.7454743350761124,-1.149627036770583,-0.7748748241767363,1307,-0.16607486162048504,-0.07258498255696176,-1.771736698634304,0.2125923645320197,-20.944118661425566,-30.494203121106825,9.55008445968126,0.5447589900535578,35.12700841622035,-0.8075483197206976,0.6099333333333332,-0.010965619869868992,-0.6633733019788768,-0.02475690665417607,-0.09450809978547092,-0.13428651611120113,0.9
t2_emir_akisi_a1_akis_5m_n12_k3.0_h288,futures,5m,"{""L"": 2000, ""hold"": 288, ""k"": 3.0, ""kind"": ""akis"", ""mode"": ""devam"", ""n"": 12}",-0.7459419341016538,-0.8248967824145236,-0.8151140608955725,1807,-0.24567706559068025,0.010478594670605348,-1.9355760460609002,0.623658243629508,-6.782781900236023,-20.611286609619935,13.828504709383912,0.40841173215273935,274.93082457111234,-0.3242539486971832,0.8432666666666666,-0.11520849138943645,-0.10995282185527722,-0.32611843520791717,-0.10584161851929086,-0.4645967705411035,2.1
t2_emir_akisi_a1_cvdar_15m_n4_k0.5_h96,futures,15m,"{""L"": 2000, ""hold"": 96, ""k"": 0.5, ""kind"": ""cvd_aralik"", ""mode"": ""devam"", ""n"": 4}",-0.9999998555857845,-5.600023036105519,-0.9999998562979787,28502,-2.8863183997784705,-0.09002258274787817,-12.170082352536554,0.9999771939427112,-2.3480357126501903,-15.974622342834742,13.626586630184551,0.4484948424671953,17.57792435618553,-1.8977562883907266,13.300233333333333,-0.8770653186185231,-0.9889192605237185,-0.9050009743825775,-0.9620558572730148,-0.9705894676929163,3.1
t2_emir_akisi_a1_akis_5m_n72_k2.0_h288,futures,5m,"{""L"": 2000, ""hold"": 288, ""k"": 2.0, ""kind"": ""akis"", ""mode"": ""devam"", ""n"": 72}",-0.6151681000155407,-0.16144684365211856,-0.8387818143107877,3129,-0.07898572632947656,0.0013701311443345757,-0.3674215205100201,0.9093079121814754,8.718282687775325,-4.956905880851456,13.675188568626782,0.4055608820709492,323.0914030041547,1.121476868092613,1.4594999999999998,1.0894555674762643,-0.3910641983081862,-0.38524176599682614,-0.2126395922391553,-0.3751317058498682,1.8
t2_emir_akisi_a1_cvdar_15m_n4_k0.8_h96,futures,15m,"{""L"": 2000, ""hold"": 96, ""k"": 0.8, ""kind"": ""cvd_aralik"", ""mode"": ""devam"", ""n"": 4}",-0.9987752561556497,-2.2469531121072093,-0.9987947173534509,12643,-1.070678699352171,-0.10862887994858864,-4.549719391713047,0.9999429848567779,-1.5873299585472889,-14.56341921106035,12.97608925251306,0.4842205172822906,39.37475282765166,-0.313197749721853,5.8993666666666655,-0.5451645683477486,-0.9627772354605487,-0.10999023825965615,-0.7194618392109837,-0.7102685526718271,2.2
t2_emir_akisi_a1_akis_5m_n72_k3.0_h288,futures,5m,"{""L"": 2000, ""hold"": 288, ""k"": 3.0, ""kind"": ""akis"", ""mode"": ""devam"", ""n"": 72}",0.04515300603059824,0.14156813055867157,-0.42109416873793537,769,0.011442426626400558,0.013731986622839889,0.1329167377996801,0.35019461168886457,18.471828033077088,4.490938333620395,13.980889699456691,0.47074122236671,308.0182054616385,0.5280729498969683,0.35886666666666667,0.2500137664537969,-0.16650713960393893,0.06985794516887545,0.056909681085496544,-0.11284561855624609,1.9
t2_emir_akisi_a1_cvdar_15m_n24_k0.5_h96,futures,15m,"{""L"": 2000, ""hold"": 96, ""k"": 0.5, ""kind"": ""cvd_aralik"", ""mode"": ""devam"", ""n"": 24}",-0.9838653193720244,-1.147401732592946,-0.9909478219803383,3807,-0.28740535126338584,-0.32396604731963163,-1.2498682918450053,0.9992131910235359,-12.423471629274623,-22.260080222712347,9.836608593437722,0.5090622537431048,123.42947202521671,-1.924783003981704,1.7759,-0.07563801341870091,-0.8909299870715548,-0.11497318957291014,-0.42426410579484275,-0.6859251232806087,1.1
t2_emir_akisi_a1_cvdar_15m_n24_k0.8_h96,futures,15m,"{""L"": 2000, ""hold"": 96, ""k"": 0.8, ""kind"": ""cvd_aralik"", ""mode"": ""devam"", ""n"": 24}",-0.882916184158294,-0.7264870402391862,-0.9167847572892824,1689,-0.06264204523155828,-0.23061130721363945,-0.3396277048592674,0.8298497080824667,-23.153729202902937,-28.104374007203113,4.950644804300177,0.5145056246299585,146.60627590290113,-1.2647720133233322,0.7875,-0.014004408930775258,-0.8402755028447992,0.3883958768394571,-0.2584828180750123,-0.27786926190400774,1.0
t2_emir_akisi_a1_akis_5m_n288_k2.0_h288,futures,5m,"{""L"": 2000, ""hold"": 288, ""k"": 2.0, ""kind"": ""akis"", ""mode"": ""devam"", ""n"": 288}",-0.3036343942660795,-0.01503763374087189,-0.6896845989765596,1452,-0.007270478292105032,0.001551982176572575,-0.044446553417123655,0.6899934622635772,9.89264539004519,-3.324759015788865,13.217404405834056,0.4359504132231405,419.8960055096419,0.6941573199997698,0.6776,0.8856268043183406,-0.23891047585726177,-0.1214722268569387,-0.14625019504298153,-0.35306639320173827,1.7
t2_emir_akisi_a1_cvdar_15m_n96_k0.5_h96,futures,15m,"{""L"": 2000, ""hold"": 96, ""k"": 0.5, ""kind"": ""cvd_aralik"", ""mode"": ""devam"", ""n"": 96}",-0.8249916788782052,-0.4115086962785548,-0.9179804510089433,1528,0.12462581198588907,-0.2949313659930165,0.5989275719782433,0.8846811713191024,-12.896356967510698,-14.867433200232009,1.9710762327213114,0.5418848167539267,203.23232984293193,-0.8809533717843767,0.7123666666666666,0.6061050094930531,-0.8001746077216144,0.36232686702928807,-0.283843337991442,-0.44108633255950014,1.3
t2_emir_akisi_a1_akis_5m_n288_k3.0_h288,futures,5m,"{""L"": 2000, ""hold"": 288, ""k"": 3.0, ""kind"": ""akis"", ""mode"": ""devam"", ""n"": 288}",-0.19981061297549418,-0.2293568545921106,-0.4998381377740827,346,-0.0435173222951533,0.008540441267742357,-0.6613061848640926,0.1832124612297026,-4.591704818663962,-17.890386545605764,13.298681726941801,0.45375722543352603,338.38439306358384,0.01910565417021312,0.16146666666666665,0.3053602647032798,-0.22939009026114965,-0.15073286283467813,-0.12485259735842758,0.07029200551053782,1.5
t2_emir_akisi_a1_cvdar_15m_n96_k0.8_h96,futures,15m,"{""L"": 2000, ""hold"": 96, ""k"": 0.8, ""kind"": ""cvd_aralik"", ""mode"": ""devam"", ""n"": 96}",-0.7324892444884104,-0.5634953881315894,-0.8265447374750099,780,-0.014147607449224487,-0.16232234610731835,-0.09517409584432754,0.4889903758438241,-43.276250099829795,-40.88237053462398,-2.3938795652058125,0.5435897435897435,156.3,-1.0010026467782835,0.3637666666666666,0.2738303028791551,-0.714481315026455,0.09278140484164243,-0.15474885817876394,-0.20370117518015907,0.9
t2_emir_akisi_a1_uyum_15m_n4_k2.0_h4,futures,15m,"{""L"": 2000, ""hold"": 4, ""k"": 2.0, ""kind"": ""uyumsuzluk"", ""mode"": ""devam"", ""n"": 4}",-0.9665276832530102,-2.0552406967208956,-0.9667723872640942,8740,-0.6719961246159358,0.037287456131581145,-4.919928031426458,0.19458698230249954,3.1225503350095565,-10.953848397193802,14.076398732203359,0.4177345537757437,5.2401601830663616,1.0591665738132359,4.078666666666666,-0.5463197522183817,-0.34093112767577305,-0.5396349214340964,-0.5379489075833415,-0.47372501582990245,2.5,-0.9757311296220619,-0.9844169874345774,-0.9603803980872491
t2_emir_akisi_a1_uyum_15m_n4_k3.0_h4,futures,15m,"{""L"": 2000, ""hold"": 4, ""k"": 3.0, ""kind"": ""uyumsuzluk"", ""mode"": ""devam"", ""n"": 4}",1.0011396331786928,0.6930443175987752,-0.40790921333363483,2280,0.14147101093687348,0.022764008465993874,1.308232120595551,0.04672390987046159,24.49694261217137,10.288840371052489,14.208102241118882,0.49298245614035086,5.178508771929825,1.9913172993990134,1.0639999999999998,0.48406009930988136,0.4859128130740762,-0.08112456313932737,-0.025730059541139272,0.013670088517447443,1.0,-0.09604401002406582,0.01017137476382235,4.1793176482691985
t2_emir_akisi_a1_uyum_15m_n24_k2.0_h4,futures,15m,"{""L"": 2000, ""hold"": 4, ""k"": 2.0, ""kind"": ""uyumsuzluk"", ""mode"": ""devam"", ""n"": 24}",0.7909204042349742,0.5872419325633624,-0.29208928332292516,2450,0.0882754188360152,0.05199552285921403,0.7919302530544217,0.11590038314176246,22.264793979000498,8.458520141730979,13.806273837269519,0.4840816326530612,10.716326530612244,1.9975899303854994,1.143333333333333,0.039392600567857095,1.0352531922702473,0.09396750360369577,-0.1090206354681883,-0.13142734602523043,0.8,-0.38065717779976027,0.8841172044328478,1.357557561723561
t2_emir_akisi_a1_uyum_15m_n24_k3.0_h4,futures,15m,"{""L"": 2000, ""hold"": 4, ""k"": 3.0, ""kind"": ""uyumsuzluk"", ""mode"": ""devam"", ""n"": 24}",2.914949715270441,1.8095394600346892,-0.23342883079862653,673,0.2736056943812496,0.00985505874757939,3.8804686456457897,0.028570288268564132,74.32095189107898,60.70989205491994,13.611059836159045,0.5928677563150074,10.234769687964338,1.8340257317967714,0.3140666666666666,0.23773737370414327,1.5651776921443359,-0.0418434868003138,0.014819706399734622,0.268104024604219,0.8,1.2719502963789036,2.443734317000729,3.959988323607119
t2_emir_akisi_a1_uyum_15m_n96_k2.0_h4,futures,15m,"{""L"": 2000, ""hold"": 4, ""k"": 2.0, ""kind"": ""uyumsuzluk"", ""mode"": ""devam"", ""n"": 96}",0.8990666385952555,0.586486355382908,-0.3827308416989119,920,0.04344659125820987,0.11203129599959029,0.3466437684034213,0.08384076810800949,34.49876149069224,23.16935044163401,11.329411049058233,0.5804347826086956,20.892391304347825,1.241495605508643,0.42933333333333334,-0.07073744507921054,1.1255578672645266,0.0020878446927965477,-0.02733075249454575,-0.013589117792921379,0.7,0.7093674248525359,0.47671617434351776,0.3510044456483319
t2_emir_akisi_a1_cvdar_5m_n12_k0.5_h12,futures,5m,"{""L"": 2000, ""hold"": 12, ""k"": 0.5, ""kind"": ""cvd_aralik"", ""mode"": ""devam"", ""n"": 12}",-0.9999999999864164,-11.806063123910533,-0.9999999999864646,49125,-4.799421007839755,-0.06860792835453147,-26.139986306460006,0.8729778629203917,-1.1960254614033374,-15.038688302478125,13.842662841074787,0.42493638676844786,16.94801017811705,-1.813691098224966,22.924299999999995,-0.9853364328836967,-0.9977301019811533,-0.9831288430060374,-0.9947011056929527,-0.9954350330504409,6.8
t2_emir_akisi_a1_uyum_15m_n96_k3.0_h4,futures,15m,"{""L"": 2000, ""hold"": 4, ""k"": 3.0, ""kind"": ""uyumsuzluk"", ""mode"": ""devam"", ""n"": 96}",0.6454461157983695,0.6227643598273894,-0.3148062633895561,240,0.03636717479696575,0.07115341394310025,0.4483161010662828,0.02155742565225324,67.0892918018993,58.17921829868859,8.9100735032107,0.6541666666666667,20.808333333333334,0.7046557470453899,0.11199999999999999,0.10227070390357595,0.3196625105532167,-0.05131556664179737,0.08578360632160154,0.09816466610577823,1.2,0.2924166392983003,0.8996942372382486,0.17614700221100676
t2_emir_akisi_a1_uyum_15m_n4_k2.0_h16,futures,15m,"{""L"": 2000, ""hold"": 16, ""k"": 2.0, ""kind"": ""uyumsuzluk"", ""mode"": ""devam"", ""n"": 4}",-0.9677794130128218,-1.5219821280086436,-0.972490929022604,7438,-0.6417029421200628,0.033487808774953935,-3.6196266210882415,0.46752987593504836,1.5496243817578705,-12.459115869721021,14.008740251478892,0.4541543425652057,16.700994891099757,0.58303386073215,3.4710666666666663,-0.4650791843231077,-0.6416066779461866,-0.5025778000167755,-0.43950198272878804,-0.39718396456571703,2.0,-0.9612351222164023,-0.9843271973280062,-0.9885415374141965
t2_emir_akisi_a1_cvdar_5m_n12_k0.8_h12,futures,5m,"{""L"": 2000, ""hold"": 12, ""k"": 0.8, ""kind"": ""cvd_aralik"", ""mode"": ""devam"", ""n"": 12}",-0.9999624227014458,-7.523900060257368,-0.9999625335305444,18756,-1.9623835290432157,-0.02777074233718251,-16.57154582266175,0.4224423006750593,-2.2232253827559685,-16.061500733212423,13.838275350456454,0.42498400511836215,14.706067391767968,-1.353883975788042,8.7528,-0.8743023426438403,-0.9736051483498255,-0.7247241850033233,-0.759684787718854,-0.8287897245845887,4.4
t2_emir_akisi_a1_uyum_15m_n4_k3.0_h16,futures,15m,"{""L"": 2000, ""hold"": 16, ""k"": 3.0, ""kind"": ""uyumsuzluk"", ""mode"": ""devam"", ""n"": 4}",-0.07264317201514991,0.11265899094263761,-0.5204277484787385,2018,-0.034065915185738656,0.05964710471432057,-0.2512168072565204,0.1261403028644408,15.124071498070956,1.2160785011829203,13.907992996888035,0.48761149653121905,16.545094152626362,1.191584202505067,0.9417333333333333,0.07625855526416458,0.08085686160258843,-0.028788114623658045,-0.09344931107672383,-0.09456768072521349,1.5,-0.1871211834366615,-0.4805913633636667,-0.24560864161963736
t2_emir_akisi_a1_uyum_15m_n24_k2.0_h16,futures,15m,"{""L"": 2000, ""hold"": 16, ""k"": 2.0, ""kind"": ""uyumsuzluk"", ""mode"": ""devam"", ""n"": 24}",0.7717956410835451,0.5090627202828699,-0.3704903952078724,2046,0.09064626780495029,0.06617192195474565,0.6256523569436809,0.21867017879948913,24.531673998752094,10.9721685704933,13.559505428258793,0.48289345063538613,25.213587487781037,1.893009926955168,0.9547999999999999,-0.017784210407740253,0.8719665621346324,0.08973450804180949,-0.1461153113113629,0.03559203337539096,1.4,-0.3957653083872097,-0.10876494358321931,2.6418678160870965
t2_emir_akisi_a1_uyum_15m_n24_k3.0_h16,futures,15m,"{""L"": 2000, ""hold"": 16, ""k"": 3.0, ""kind"": ""uyumsuzluk"", ""mode"": ""devam"", ""n"": 24}",2.276010493296635,1.1591389096424562,-0.29447031190903816,561,0.2115530755958566,0.04435908662346826,2.1094717061815516,0.0554814358693669,80.122491430895,66.69782926203287,13.424662168862126,0.5436720142602496,24.77361853832442,1.6762661644264372,0.2618,0.19015212581240304,1.644495710655696,-0.17776236405048695,-0.012122937517005217,0.28144416302981745,0.8,1.4963956985435627,2.178196797730372,1.4487350668087537
t2_emir_akisi_a1_cvdar_5m_n72_k0.5_h12,futures,5m,"{""L"": 2000, ""hold"": 12, ""k"": 0.5, ""kind"": ""cvd_aralik"", ""mode"": ""devam"", ""n"": 72}",-0.9985928616245605,-3.8205431167943322,-0.9986317324599364,12308,-1.1229969703790088,-0.11568760721073383,-7.942644152088418,0.5230721279571854,-1.9842654163862496,-15.345405535502723,13.361140119116472,0.4861878453038674,31.55849853753656,-0.7702798523612064,5.743266666666667,-0.6183494344951043,-0.9407153816515896,-0.3313008291520353,-0.6002572803832786,-0.7673422514210602,2.6
t2_emir_akisi_a1_uyum_15m_n96_k2.0_h16,futures,15m,"{""L"": 2000, ""hold"": 16, ""k"": 2.0, ""kind"": ""uyumsuzluk"", ""mode"": ""devam"", ""n"": 96}",1.303387656406528,0.6668642801512751,-0.3972593197784672,640,0.06482431705493334,0.13739385701234158,0.4585542098151437,0.12082079000182448,49.48963184211609,40.3057357458902,9.183896096225888,0.5625,44.11875,1.340076926024805,0.29866666666666664,0.03910952615345842,1.1767233762960498,0.09351337742719057,0.03631274651597671,-0.10135631378490217,0.9,1.36456929065411,1.0895006237234814,0.06538119640607953
t2_emir_akisi_a1_uyum_15m_n96_k3.0_h16,futures,15m,"{""L"": 2000, ""hold"": 16, ""k"": 3.0, ""kind"": ""uyumsuzluk"", ""mode"": ""devam"", ""n"": 96}",0.45995529958024983,0.46059496545583156,-0.3898673821522318,158,0.00734785651759563,0.08110315630241453,0.078629709622006,0.030326354679802957,79.96440367092393,76.39529030606833,3.5691133648556046,0.6265822784810127,45.85443037974684,0.5661519451630375,0.07373333333333333,0.06267772145042882,0.4016719265262847,-0.1586968147958998,0.06798617328981771,0.09087112075609727,1.2,0.43983098492074424,0.5355413130223077,-0.13270243719882346
t2_emir_akisi_a1_cvdar_5m_n72_k0.8_h12,futures,5m,"{""L"": 2000, ""hold"": 12, ""k"": 0.8, ""kind"": ""cvd_aralik"", ""mode"": ""devam"", ""n"": 72}",-0.9053701613948135,-2.442852312893859,-0.9062431861040549,4034,-0.37285084122798234,-0.06998750371752623,-4.702267063711069,0.14905658943015265,-3.5514015502724647,-17.000127185236703,13.44872563496424,0.4903321764997521,22.031978185423895,-0.4665392487549659,1.8820666666666668,-0.31878997480920934,-0.7464688509383245,-0.09637080330167591,-0.2235474132991352,-0.21907280305641752,2.4
t2_emir_akisi_a1_uyum_15m_n4_k2.0_h96,futures,15m,"{""L"": 2000, ""hold"": 96, ""k"": 2.0, ""kind"": ""uyumsuzluk"", ""mode"": ""devam"", ""n"": 4}",-0.9613313603922121,-0.9578579990295073,-0.9672119401538779,5405,-0.54638991853657,0.036120233502810524,-2.3156298138444473,0.9313708721036307,-0.5505507144938749,-14.380052199801083,13.829501485307208,0.48917668825161886,66.86327474560592,0.10555049665506079,2.5218666666666665,-0.2526921041964675,-0.69333109816278,-0.48387462141253934,-0.3150916090209237,-0.5226885162421799,1.3,-0.9545333249707404,-0.9798042016065452,-0.9966499587911117
t2_emir_akisi_a1_uyum_15m_n4_k3.0_h96,futures,15m,"{""L"": 2000, ""hold"": 96, ""k"": 3.0, ""kind"": ""uyumsuzluk"", ""mode"": ""devam"", ""n"": 4}",-0.49895349962770197,-0.10304722350363563,-0.8056675752529299,1665,-0.09881073284436745,0.04792589812625273,-0.5216027158941069,0.4484183999270206,7.033739930017725,-6.152845690816807,13.186585620834533,0.518918918918919,78.87927927927927,0.5942397217567629,0.7769999999999999,0.2363300906221144,0.33331184818875625,-0.43094161010979004,-0.08762950661382174,-0.4145581116568273,1.7,-0.5971389824606042,-0.8614377115694339,-0.6116589798581231
t2_emir_akisi_a1_cvdar_5m_n288_k0.5_h12,futures,5m,"{""L"": 2000, ""hold"": 12, ""k"": 0.5, ""kind"": ""cvd_aralik"", ""mode"": ""devam"", ""n"": 288}",-0.9780578123655461,-2.1966749734669078,-0.9786276620004323,4628,-0.5492081028907357,-0.13963609998948,-4.042488731479778,0.43399546919661863,-11.465920015649113,-23.239416609585096,11.773496593935985,0.5637424373379429,70.6076058772688,-1.685806057669299,2.1592666666666664,-0.22662850248989874,-0.8901054482103751,-0.16783272756842527,-0.2267795607570786,-0.5987623825893571,2.8
t2_emir_akisi_a1_uyum_15m_n24_k2.0_h96,futures,15m,"{""L"": 2000, ""hold"": 96, ""k"": 2.0, ""kind"": ""uyumsuzluk"", ""mode"": ""devam"", ""n"": 24}",0.03738601273007669,0.23486208900424657,-0.5189068740576175,1583,-0.014989384239116037,0.10244660142856983,-0.07778796985624424,0.5846332785987959,20.1461839127103,7.055802673359596,13.090381239350704,0.5060012634238787,103.18319646241314,1.3521405897403995,0.7384999999999999,-0.16280400573427,0.3107748598266542,0.03554448457875714,0.1120451431306888,-0.1790929875320474,1.0,-0.27645155047725944,-0.7165328922135106,-0.19841530685579567
t2_emir_akisi_a1_uyum_15m_n24_k3.0_h96,futures,15m,"{""L"": 2000, ""hold"": 96, ""k"": 3.0, ""kind"": ""uyumsuzluk"", ""mode"": ""devam"", ""n"": 24}",2.0437488613695654,0.8249299927790188,-0.35628168288405404,464,0.16156791826774627,0.10184008946680703,1.0995972090692585,0.17920429666119322,95.74237466503352,84.42248896535803,11.319885699675494,0.5560344827586207,104.1228448275862,1.7119301396666131,0.2165333333333333,-0.016166085581493794,2.2404384812338485,-0.16466168566839234,-0.041260473374506446,0.1921206517229952,0.8,3.344937907636795,0.45723828006392164,0.5414780109367987
t2_emir_akisi_a1_cvdar_5m_n288_k0.8_h12,futures,5m,"{""L"": 2000, ""hold"": 12, ""k"": 0.8, ""kind"": ""cvd_aralik"", ""mode"": ""devam"", ""n"": 288}",-0.8785167663455262,-2.338900436208336,-0.8867484500549784,1918,-0.3412260325019126,-0.056026199377264004,-4.543899553004489,0.1252147570394697,-20.450738335713606,-32.44994579805009,11.999207462336484,0.5375391032325338,40.25599582898853,-1.2473203286723011,0.8950666666666666,-0.1365942413690724,-0.7954224028842887,-0.036956119358207196,-0.08675949252555515,-0.21799039624356575,2.0
t2_emir_akisi_a1_uyum_15m_n96_k2.0_h96,futures,15m,"{""L"": 2000, ""hold"": 96, ""k"": 2.0, ""kind"": ""uyumsuzluk"", ""mode"": ""devam"", ""n"": 96}",0.4133166152600394,0.3703680479891607,-0.4795314603104278,472,-0.04829147653201311,0.1724674826730449,-0.2830825363008235,0.2674295292829776,34.12295357980296,27.91338208694034,6.209571492862619,0.548728813559322,143.02754237288136,0.9050537068235485,0.22026666666666664,0.015627742018102353,0.6374421147426312,0.009083378337764625,-0.02750066448379529,-0.1339906369412981,1.0,1.6329608547281365,-0.2143211836162543,-0.630217671376639
t2_emir_akisi_a1_uyum_15m_n96_k3.0_h96,futures,15m,"{""L"": 2000, ""hold"": 96, ""k"": 3.0, ""kind"": ""uyumsuzluk"", ""mode"": ""devam"", ""n"": 96}",0.35669286587029037,0.3492669952587279,-0.4323177950724727,126,-0.04690210060136177,0.13237002189867403,-0.3709451781261008,0.07084131545338442,56.69970867993847,66.95951925384043,-10.259810573901964,0.5,140.28571428571428,0.5225633961841298,0.05879999999999999,-0.02023073814592735,0.5043910795827546,-0.12656743864322895,-0.024670654972282047,0.08047895411277217,0.8,0.07423944756937462,0.2633608114607269,-0.06115828966873271
t2_emir_akisi_a1_cvdar_5m_n12_k0.5_h48,futures,5m,"{""L"": 2000, ""hold"": 48, ""k"": 0.5, ""kind"": ""cvd_aralik"", ""mode"": ""devam"", ""n"": 12}",-0.9999999619029877,-6.230271592259707,-0.9999999623360992,30192,-3.160431495264322,-0.08514031666356518,-13.595311031357504,0.9986810496867968,-2.8765300931968527,-16.477575457456343,13.60104536425949,0.4555842607313196,46.24006359300477,-2.4194883345005715,14.088899999999999,-0.9303096064172005,-0.9930457597256372,-0.8982738880019505,-0.9757739401786801,-0.9681027620157465,4.4
t2_emir_akisi_a1_uyum_5m_n12_k2.0_h12,futures,5m,"{""L"": 2000, ""hold"": 12, ""k"": 2.0, ""kind"": ""uyumsuzluk"", ""mode"": ""devam"", ""n"": 12}",-0.9917472471220014,-2.852476461376286,-0.9926477889646474,11156,-0.9669348340541714,0.05301604478000258,-6.851959321326854,0.2574803867907316,1.6111294469531654,-12.46335184772389,14.074481294677057,0.422373610613123,16.491394765148797,0.8886106577991034,5.206133333333334,-0.5895145164924536,-0.6067277725800412,-0.6471435354521877,-0.615325711934947,-0.6233686018782365,4.4,-0.9917263364377122,-0.9902180307013804,-0.9977571693592451
t2_emir_akisi_a1_cvdar_5m_n12_k0.8_h48,futures,5m,"{""L"": 2000, ""hold"": 48, ""k"": 0.8, ""kind"": ""cvd_aralik"", ""mode"": ""devam"", ""n"": 12}",-0.9995760840852393,-3.6571561964103116,-0.9996046279104049,12977,-1.3884034160374468,-0.068548546415577,-7.792561107893022,0.8324514991181657,-3.820974852493609,-17.132366408255375,13.311391555761766,0.4733759728750867,55.85451182861986,-1.4739922235666223,6.055466666666666,-0.683472623457307,-0.9675925235989056,-0.6200301551649456,-0.6103969467871437,-0.7208409277000619,2.8
t2_emir_akisi_a1_uyum_5m_n12_k3.0_h12,futures,5m,"{""L"": 2000, ""hold"": 12, ""k"": 3.0, ""kind"": ""uyumsuzluk"", ""mode"": ""devam"", ""n"": 12}",-0.13564307203432902,-0.01649818147970511,-0.5244211548199542,2839,-0.03979965324518507,0.0313790801924232,-0.3951584027951923,0.06131028401143344,12.922334936332094,-1.22130129840745,14.143636234739544,0.48996125396266293,16.189151109545616,1.4704388726641615,1.3248666666666664,0.11751408981635825,0.215884406475644,-0.25963648051626664,-0.08696756641962922,-0.05894153728758755,2.1,-0.6451908463225674,-0.2888358302154762,0.3931660445046006
t2_emir_akisi_a1_cvdar_5m_n72_k0.5_h48,futures,5m,"{""L"": 2000, ""hold"": 48, ""k"": 0.5, ""kind"": ""cvd_aralik"", ""mode"": ""devam"", ""n"": 72}",-0.9638374083925426,-1.214320686572105,-0.9726224954262507,8359,-0.3270096559700244,-0.20200011557382525,-1.6921874781620598,0.7956330201301466,2.1977682048619855,-10.262665610390215,12.460433815252202,0.5079554970690274,86.9729632731188,0.7432547177715416,3.9001666666666663,-0.06065775045348609,-0.8245215853582409,0.08592052688772034,-0.38103220000604376,-0.6736032024232046,2.5
t2_emir_akisi_a1_uyum_5m_n72_k2.0_h12,futures,5m,"{""L"": 2000, ""hold"": 12, ""k"": 2.0, ""kind"": ""uyumsuzluk"", ""mode"": ""devam"", ""n"": 72}",0.6234573213945616,0.5095039367939687,-0.31370190868293757,2931,0.11364795625167495,0.012431079360662251,1.0102787749781281,0.13694087149546919,19.20699950233414,5.376741771593593,13.830257730740549,0.47117024906175364,30.843056977140908,2.1549987934267296,1.3678,0.10467757562261193,0.7986312937548528,0.035323008277916346,-0.15624335802163114,-0.06465867534384961,2.3,-0.33063530046635714,0.7693254994744696,0.5914013570719694
t2_emir_akisi_a1_cvdar_5m_n72_k0.8_h48,futures,5m,"{""L"": 2000, ""hold"": 48, ""k"": 0.8, ""kind"": ""cvd_aralik"", ""mode"": ""devam"", ""n"": 72}",-0.7808839284435305,-1.0085902827211,-0.8219166676233924,3033,-0.12326321475656381,-0.1257042835664069,-1.1196154922869455,0.3234107979079243,-1.0304286775419451,-13.332725062977836,12.302296385435891,0.5047807451368282,69.22683811407848,-0.07828706494821525,1.414933333333333,-0.0013124851297967588,-0.7250551681739232,-0.08555909538569961,-0.11489916237664599,-0.01405961628192487,2.2
t2_emir_akisi_a1_uyum_5m_n72_k3.0_h12,futures,5m,"{""L"": 2000, ""hold"": 12, ""k"": 3.0, ""kind"": ""uyumsuzluk"", ""mode"": ""devam"", ""n"": 72}",2.989541105792787,1.7575675201801084,-0.22617350152520377,693,0.2785358078698497,0.009710525369154415,3.773290617170563,0.029492033083987106,71.85845113506065,58.788775370224755,13.069675764835893,0.56998556998557,28.70851370851371,1.8659583599226808,0.32339999999999997,0.27503491117035894,1.1178673832905086,0.18458502379002883,0.013587317864225401,0.23048039999051917,2.1,0.34439664813963655,1.7993828887651966,9.717713292212
t2_emir_akisi_a1_cvdar_5m_n288_k0.5_h48,futures,5m,"{""L"": 2000, ""hold"": 48, ""k"": 0.5, ""kind"": ""cvd_aralik"", ""mode"": ""devam"", ""n"": 288}",-0.9197516588813451,-1.1179016238461639,-0.938729447893983,2998,-0.22526124655038576,-0.17800491982915725,-1.4073276343919212,0.5602155932615702,-12.514864738085125,-22.0523089931109,9.537444255025775,0.5456971314209473,152.04903268845896,-1.1139122517131546,1.3985999999999998,0.048801972821852946,-0.8082409998173241,0.10001591962536849,-0.24673334227681432,-0.5184525400210895,2.3
t2_emir_akisi_a1_uyum_5m_n288_k2.0_h12,futures,5m,"{""L"": 2000, ""hold"": 12, ""k"": 2.0, ""kind"": ""uyumsuzluk"", ""mode"": ""devam"", ""n"": 288}",1.0561254538373412,0.7085071740798654,-0.3564325830552909,1155,0.0912483430221608,0.07306778686689308,0.8470145747924149,0.10032194550872711,30.89234789286553,18.50571882322939,12.386629069636138,0.548051948051948,54.81558441558442,1.4622345654202153,0.5389999999999999,-0.09912738078902383,1.1357405344214206,-0.04336774096726359,-0.0539994331206034,0.18086788979995938,2.0,0.650221153081797,0.3918123608940238,0.679185543552721
t2_emir_akisi_a1_uyum_5m_n288_k3.0_h12,futures,5m,"{""L"": 2000, ""hold"": 12, ""k"": 3.0, ""kind"": ""uyumsuzluk"", ""mode"": ""devam"", ""n"": 288}",1.4363218335271473,1.2844489944065096,-0.24340200944967005,270,0.15717526105747054,0.027260727077064513,2.4156370048329094,0.021637246852764094,102.60324821377493,93.09918135335137,9.504066860423558,0.662962962962963,49.05185185185185,1.1126369830668241,0.12599999999999997,0.2343889377346422,0.6997059025683956,-0.025216805016453403,0.19108292262660664,0.00013545239264622921,1.8,0.9796958016501813,1.5499874393095316,0.814528427072511
t2_emir_akisi_a1_cvdar_5m_n288_k0.8_h48,futures,5m,"{""L"": 2000, ""hold"": 48, ""k"": 0.8, ""kind"": ""cvd_aralik"", ""mode"": ""devam"", ""n"": 288}",-0.8012125163282671,-1.421745463054128,-0.8108279573561256,1244,-0.21671290907208599,-0.07255212412963245,-2.3823330042972417,0.20102779298181597,-28.93896753413788,-38.35710000625392,9.418132472116042,0.5393890675241158,104.72427652733118,-1.0675448497796187,0.5805333333333333,-0.07848115096857256,-0.712075807460032,0.04611969650901493,-0.09785233337536459,-0.20613318774439582,2.2
t2_emir_akisi_a1_uyum_5m_n12_k2.0_h48,futures,5m,"{""L"": 2000, ""hold"": 48, ""k"": 2.0, ""kind"": ""uyumsuzluk"", ""mode"": ""devam"", ""n"": 12}",-0.9879980312114308,-2.040291553309518,-0.9904086799556303,9398,-0.8704900005153992,0.05845349258216863,-4.966748802164565,0.573541932737335,0.8767902152987092,-13.205208130327888,14.081998345626598,0.4559480740583103,50.46797190891679,0.6307535846334438,4.385499999999999,-0.589552056952946,-0.6825159727304257,-0.5329814445592662,-0.5687695069095693,-0.5426708019882855,2.7,-0.9955342943189429,-0.9816912252076436,-0.996843791743379
t2_emir_akisi_a1_cvdar_5m_n12_k0.5_h288,futures,5m,"{""L"": 2000, ""hold"": 288, ""k"": 0.5, ""kind"": ""cvd_aralik"", ""mode"": ""devam"", ""n"": 12}",-0.9999998491212668,-5.559848972891278,-0.9999998509313907,27518,-2.8756781086848506,-0.08979083016585077,-12.08093663654666,0.999944885361552,-3.0025224873415457,-16.552250286166377,13.549727798824831,0.4583181917290501,54.61923104876808,-2.2403842265955203,12.841033333333332,-0.9211915963170629,-0.9912373066435639,-0.825190259404763,-0.9642956226363976,-0.9649949427877476,4.0
t2_emir_akisi_a1_uyum_5m_n12_k3.0_h48,futures,5m,"{""L"": 2000, ""hold"": 48, ""k"": 3.0, ""kind"": ""uyumsuzluk"", ""mode"": ""devam"", ""n"": 12}",-0.3602324776503333,-0.13767977433731615,-0.613623179034557,2588,-0.08536244604182486,0.03756907656002665,-0.6245456446165586,0.1654237365444262,10.131548442302734,-3.8307715590121076,13.962320001314842,0.4857032457496136,50.10741885625966,1.1686351296311612,1.2077333333333333,0.1465554576738286,-0.1974970416257621,0.027054778536535817,-0.1586582144433608,-0.19533629043969802,2.3,-0.6567566389901497,-0.08914588081122476,-0.6957227768732783
t2_emir_akisi_a1_uyum_5m_n72_k2.0_h48,futures,5m,"{""L"": 2000, ""hold"": 48, ""k"": 2.0, ""kind"": ""uyumsuzluk"", ""mode"": ""devam"", ""n"": 72}",0.05498787488220014,0.18955072907179582,-0.5511165781241527,2388,0.03299657528126997,0.02273373487047777,0.23633333688051972,0.2579194033935413,16.03240858916848,2.3096953257768202,13.72271326339166,0.46147403685092125,75.34924623115577,1.5746709541489667,1.1141666666666665,0.03417617873323886,0.4828633733763703,-0.09849542030622671,-0.19428206875082932,-0.05288910235097544,2.0,-0.569164141381888,0.6542640450170196,-0.4835176269903193
t2_emir_akisi_a1_cvdar_5m_n12_k0.8_h288,futures,5m,"{""L"": 2000, ""hold"": 288, ""k"": 0.8, ""kind"": ""cvd_aralik"", ""mode"": ""devam"", ""n"": 12}",-0.998980485803039,-2.3793784403699356,-0.9990584775919679,8088,-1.0757832777558451,-0.14086346026958413,-4.725720416646108,0.9990972602323177,-11.423490510770879,-23.830869052205507,12.40737854143463,0.4990108803165183,173.46636993076163,-2.609460925975811,3.7737,-0.5895107354406607,-0.9585359715678217,-0.5779926702734655,-0.5444644456024011,-0.688414164101234,2.7
t2_emir_akisi_a1_uyum_5m_n72_k3.0_h48,futures,5m,"{""L"": 2000, ""hold"": 48, ""k"": 3.0, ""kind"": ""uyumsuzluk"", ""mode"": ""devam"", ""n"": 72}",2.2201774714101106,1.1409237510946828,-0.2458830462591134,599,0.2368542430631422,0.019007187353000325,2.3351153428702984,0.06039994222465487,73.9036571451361,61.902238112654906,12.001419032481188,0.5392320534223706,70.39732888146912,1.6395395387517038,0.2795333333333333,0.023028299116410134,1.5560267067044555,0.09811717715443113,-0.05226141606681889,0.18328545426729215,1.9,0.5179575830394079,2.421564795744866,2.4682455990396286
t2_emir_akisi_a1_cvdar_5m_n72_k0.5_h288,futures,5m,"{""L"": 2000, ""hold"": 288, ""k"": 0.5, ""kind"": ""cvd_aralik"", ""mode"": ""devam"", ""n"": 72}",-0.9777125360121767,-1.0813971361196824,-0.9878324726863156,3668,-0.2735899452742494,-0.2874958023060988,-1.199570418116951,0.998770373411178,-10.426560315099096,-20.057032763529445,9.63047244843035,0.504907306434024,380.7257360959651,-1.608986453888613,1.7110333333333332,0.06021778165415825,-0.8961351560934994,0.2537911232392187,-0.43743654785735775,-0.7130539220700491,2.2
t2_emir_akisi_a1_uyum_5m_n288_k2.0_h48,futures,5m,"{""L"": 2000, ""hold"": 48, ""k"": 2.0, ""kind"": ""uyumsuzluk"", ""mode"": ""devam"", ""n"": 288}",1.8442216666218227,0.8630719369550394,-0.39840930941215535,799,0.14692475816717304,0.09182585055113672,1.1575703752098356,0.1486859909992094,52.79291230426678,41.72214903089194,11.070763273374837,0.5669586983729662,120.55193992490614,1.664853767638046,0.3728666666666666,-0.03128435509962235,2.0318005409962914,-0.09840978213295937,-0.05589095136956712,0.13771936317352762,2.1,1.3128911358457862,0.8163278594952741,1.094179307704982
t2_emir_akisi_a1_cvdar_5m_n72_k0.8_h288,futures,5m,"{""L"": 2000, ""hold"": 288, ""k"": 0.8, ""kind"": ""cvd_aralik"", ""mode"": ""devam"", ""n"": 72}",-0.8921534552455316,-0.8091283024993214,-0.9316706519020754,1553,-0.10859326974590831,-0.21130132620538317,-0.6056474567207,0.7809839293316305,-28.727017759519214,-33.48725079568201,4.760233036162796,0.519639407598197,435.06374758531877,-1.3741843870194954,0.7240333333333333,0.11325908470292445,-0.854017487894147,0.3003605852845499,-0.3120119320536664,-0.25823822130719665,3.1
t2_emir_akisi_a1_uyum_5m_n288_k3.0_h48,futures,5m,"{""L"": 2000, ""hold"": 48, ""k"": 3.0, ""kind"": ""uyumsuzluk"", ""mode"": ""devam"", ""n"": 288}",1.9635574322615206,1.3096878205263185,-0.2598500279539778,200,0.19300602365582234,0.0342863208108406,2.455511286221358,0.03387269658821383,160.80648767451467,156.50090198198535,4.305585692529306,0.65,107.2,1.2864479441760754,0.09333333333333332,0.19057849896781542,1.0602709726257271,-0.002819259629717852,0.21208258121361023,-0.00040315403700807995,2.8,1.8528882498826436,2.112843647608612,0.7558260437099351
t2_emir_akisi_a1_cvdar_5m_n288_k0.5_h288,futures,5m,"{""L"": 2000, ""hold"": 288, ""k"": 0.5, ""kind"": ""cvd_aralik"", ""mode"": ""devam"", ""n"": 288}",-0.8138534192190972,-0.3904911463070464,-0.9206359288481656,1516,0.13918988890402378,-0.29748132686660733,0.673297624581888,0.8858176731739951,-13.819288780541916,-15.540350595063224,1.7210618145213088,0.5547493403693932,612.3040897097625,-0.7631680721734472,0.7067666666666667,0.7275864588988992,-0.8490123052250309,0.6604204637403441,-0.2483153923606739,-0.4282318190507992,2.2
t2_emir_akisi_a1_cvdar_5m_n288_k0.8_h288,futures,5m,"{""L"": 2000, ""hold"": 288, ""k"": 0.8, ""kind"": ""cvd_aralik"", ""mode"": ""devam"", ""n"": 288}",-0.7179256520876138,-0.5527550023336838,-0.8317520643233873,745,-0.007321667831453955,-0.1613569519478164,-0.050424078950546916,0.46968504834884145,-45.75210982919855,-43.04294390364339,-2.7091659255551632,0.548993288590604,465.7503355704698,-0.9400853837224927,0.3474333333333333,0.3674411796049806,-0.7390295510879064,0.2295547212112039,-0.11231086852664196,-0.27580613456452696,1.8
t2_emir_akisi_a1_uyum_5m_n12_k2.0_h288,futures,5m,"{""L"": 2000, ""hold"": 288, ""k"": 2.0, ""kind"": ""uyumsuzluk"", ""mode"": ""devam"", ""n"": 12}",-0.9879023475081884,-1.3822458578803973,-0.9915634793607291,6690,-0.8261608386093802,0.07821055225485493,-3.4837278073190165,0.9728094781974093,-3.1797152335979644,-17.163336238289922,13.983621004691958,0.48550074738415544,185.0237668161435,-0.3000063304293345,3.1212999999999997,-0.4466274475180749,-0.6901241037405483,-0.4591261893431301,-0.5702225906272087,-0.696501773107072,2.7,-0.9908074185771487,-0.9935268394092612,-0.9990142025642414
t2_emir_akisi_a1_uyum_5m_n12_k3.0_h288,futures,5m,"{""L"": 2000, ""hold"": 288, ""k"": 3.0, ""kind"": ""uyumsuzluk"", ""mode"": ""devam"", ""n"": 12}",-0.48996314565415855,-0.07581348614805532,-0.7084743692361827,2130,-0.08583273675989438,0.04491062643886029,-0.42564599613012327,0.5638645624277808,9.495839162156333,-4.308648430580139,13.804487592736473,0.5220657276995305,242.31126760563382,0.9698975164740617,0.994,-0.0742549511718924,0.16987420504187534,-0.05064918997404644,-0.09301749991172481,-0.4530528514279738,1.7,-0.7683063384983182,-0.23908196022914874,-0.9001493085662823
t2_emir_akisi_a1_spotvad_1h_n1_k2.0_h1,futures,1h,"{""L"": 2000, ""hold"": 1, ""k"": 2.0, ""kind"": ""spot_vadeli"", ""mode"": ""devam"", ""n"": 1}",-0.9088022001881975,-5.468877816506797,-0.9094698598244708,5766,-0.4701234475018236,-0.003667323667803803,-12.09645658668119,0.13437328954570335,1.6664928647089534,-12.346407489827468,14.012900354536422,0.3537981269510926,1.1071800208116545,0.32036016262661143,2.6905666666666663,-0.20980406013322628,-0.3767736916021355,-0.37064487463615015,-0.42516212513706175,-0.48812650705098604,1.1,-0.9259975420424883,-0.903804618556142,-0.9037324823422465
t2_emir_akisi_a1_spotvad_1h_n1_k3.0_h1,futures,1h,"{""L"": 2000, ""hold"": 1, ""k"": 3.0, ""kind"": ""spot_vadeli"", ""mode"": ""devam"", ""n"": 1}",-0.2860027743097753,-1.995013941107142,-0.2874612171858286,999,-0.06554109119126439,-0.001038601120762681,-4.371472240475648,0.023900748038679073,3.9915891866186977,-10.013813956090479,14.005403142709177,0.34934934934934936,1.0690690690690692,0.13283389226911055,0.46619999999999995,-0.02788099383064846,-0.025619513468188693,-0.04932747943769322,-0.11666328154728633,-0.10238254783566925,0.4,-0.3867190364754045,-0.14714729674287097,-0.31547901449414106
t2_emir_akisi_a1_uyum_5m_n72_k2.0_h288,futures,5m,"{""L"": 2000, ""hold"": 288, ""k"": 2.0, ""kind"": ""uyumsuzluk"", ""mode"": ""devam"", ""n"": 72}",-0.03307168165267793,0.2069690328564858,-0.7094146649198156,1910,0.021563849021381108,0.06123922620597512,0.1089185651668479,0.6658190415374323,16.880378853275747,3.738714443771953,13.141664409503793,0.4895287958115183,301.52146596858637,1.5097817036316172,0.8908666666666666,-0.01586995972945182,1.1981145880966837,-0.036873795711817814,-0.16208956690414045,-0.4461264000914744,1.5,-0.7350004742976795,0.0413850370110882,-0.6599540181309671
t2_emir_akisi_a1_spotvad_1h_n6_k2.0_h1,futures,1h,"{""L"": 2000, ""hold"": 1, ""k"": 2.0, ""kind"": ""spot_vadeli"", ""mode"": ""devam"", ""n"": 6}",-0.6573606799904111,-2.2795006161830957,-0.6673333577749275,2506,-0.19736730582288772,-0.01071391559958122,-4.806676289699146,0.1434957124612297,1.6892045857715894,-12.519039254841296,14.208243840612885,0.3862729449321628,2.724660814046289,0.14382971682615542,1.1694666666666664,-0.20041734407567224,-0.21512991231147993,-0.11967236039140705,-0.2794169673392043,-0.13930815677847108,0.6,-0.822881333615475,-0.5137525810940187,-0.5886336100272593
t2_emir_akisi_a1_spotvad_1h_n6_k3.0_h1,futures,1h,"{""L"": 2000, ""hold"": 1, ""k"": 3.0, ""kind"": ""spot_vadeli"", ""mode"": ""devam"", ""n"": 6}",-0.14038097779346193,-0.819488060379068,-0.15474124978356707,489,-0.028782654978456695,-0.0006830286333480366,-1.779472576881841,0.024858602444809343,4.979141469290926,-8.970031336889312,13.949172806180236,0.3660531697341513,2.263803680981595,0.08076952834451248,0.22819999999999996,-0.033303851717662813,-0.01750890189908949,-0.013164622517721214,-0.035810529394432966,-0.048781451790420705,1.0,-0.14883416332327304,-0.08386678419253202,-0.20116191021730745
t2_emir_akisi_a1_spotvad_1h_n24_k2.0_h1,futures,1h,"{""L"": 2000, ""hold"": 1, ""k"": 2.0, ""kind"": ""spot_vadeli"", ""mode"": ""devam"", ""n"": 24}",-0.5649489948651774,-1.1992130759312143,-0.6257229965784759,1129,-0.1471664313099015,-0.0089678966896905,-2.5034193333953825,0.14901477832512317,-5.321585273277997,-20.37103034754678,15.049445074268784,0.4021257750221435,6.395039858281665,-0.21035659696718725,0.5268666666666666,-0.19768289213016954,-0.20641340804702624,-0.25889943568910223,-0.14530983237318584,0.0787329641181771,0.4,-0.5514178338471597,-0.8060753470928722,-0.2389716680439683
t2_emir_akisi_a1_uyum_5m_n72_k3.0_h288,futures,5m,"{""L"": 2000, ""hold"": 288, ""k"": 3.0, ""kind"": ""uyumsuzluk"", ""mode"": ""devam"", ""n"": 72}",1.6550511223582367,0.7218131496502255,-0.391970304083321,523,0.14109828939942634,0.10217028167524694,0.9025970405919098,0.21421159459952563,70.75567383215403,62.6558940738251,8.099779758328935,0.5372848948374761,305.88336520076484,1.5177762585564958,0.24383333333333335,-0.16449802631566213,1.4363574125277005,0.02351195499447445,0.008413514879974882,0.2637257383811731,1.8,0.8533792472146369,0.6839615159106713,0.8616403743460943
t2_emir_akisi_a1_spotvad_1h_n24_k3.0_h1,futures,1h,"{""L"": 2000, ""hold"": 1, ""k"": 3.0, ""kind"": ""spot_vadeli"", ""mode"": ""devam"", ""n"": 24}",-0.11125691672878679,-0.6750050151413363,-0.1671215371832283,190,-0.023273879244141253,0.0002535211280142534,-1.5246624129872293,0.026728699142492245,-4.016502341156487,-18.309562198087168,14.29305985693068,0.4052631578947368,6.257894736842105,-0.023223379428826497,0.08866666666666666,-0.01780137391555281,0.038092166786905635,-0.0709453342058517,-0.025701470137185267,-0.037041254855512795,0.4,-0.08874355162548553,-0.19994169799033656,-0.05578111405327679
t2_emir_akisi_a1_spotvad_1h_n72_k2.0_h1,futures,1h,"{""L"": 2000, ""hold"": 1, ""k"": 2.0, ""kind"": ""spot_vadeli"", ""mode"": ""devam"", ""n"": 72}",-0.5915026119060043,-0.983366235541592,-0.6616283317331078,606,-0.11023235907484909,-0.047030777293276496,-1.5106676686476808,0.17980295566502463,-24.96691097495265,-43.34927192375019,18.382360948797533,0.36468646864686466,14.575907590759076,-0.4433294969695809,0.28256666666666663,-0.10057030333481709,-0.237945224319684,-0.28591901160912603,-0.12558256146353186,-0.04551393681003535,0.7,-0.4800731119944003,-0.857972900379774,-0.34170221093966835
t2_emir_akisi_a1_spotvad_1h_n72_k3.0_h1,futures,1h,"{""L"": 2000, ""hold"": 1, ""k"": 3.0, ""kind"": ""spot_vadeli"", ""mode"": ""devam"", ""n"": 72}",-0.0824035255754405,-0.24982117997407532,-0.19847176895858076,115,-0.0029764173786547164,-0.01070838109127482,-0.10958549387098801,0.02615854771027185,0.09260054973164492,-22.4331896041202,22.525790153851847,0.33043478260869563,10.078260869565218,0.0224259719158892,0.05366666666666666,0.02778340069116214,-0.03182800093133664,-0.04356087858106272,0.005821001170499329,-0.041439369797655945,0.5,0.014826690310901336,0.015467423784947032,-0.3203241219612101
t2_emir_akisi_a1_uyum_5m_n288_k2.0_h288,futures,5m,"{""L"": 2000, ""hold"": 288, ""k"": 2.0, ""kind"": ""uyumsuzluk"", ""mode"": ""devam"", ""n"": 288}",2.0608492797685742,0.7514094496780278,-0.3978738661746357,625,0.12400490791025764,0.15649272780823004,0.719467194021316,0.3439324484583105,66.81902625475612,58.29004167899008,8.528984575766046,0.5376,398.8864,1.8082712814805593,0.29166666666666663,0.07316258096613337,2.4423583999714684,-0.11968032597606026,-0.16628823688238037,0.12892216978724713,1.6,1.7877961667002342,1.4505021382135426,-0.09303575661639729
t2_emir_akisi_a1_spotvad_1h_n1_k2.0_h6,futures,1h,"{""L"": 2000, ""hold"": 6, ""k"": 2.0, ""kind"": ""spot_vadeli"", ""mode"": ""devam"", ""n"": 1}",-0.8781697229227244,-1.784471760103802,-0.8958657936800091,4675,-0.37868840115633323,-0.01505140117347881,-3.8118758911373742,0.504584017515052,1.6736544664557553,-12.504201712869932,14.177856179325689,0.4263101604278075,6.462673796791444,0.2129745643510082,2.1814333333333327,-0.23909873506866686,-0.07822175298620171,-0.3732084871494106,-0.5081749666244254,-0.43653527404556247,0.8,-0.8595043966283834,-0.8905476468794029,-0.93403654629555
t2_emir_akisi_a1_spotvad_1h_n1_k3.0_h6,futures,1h,"{""L"": 2000, ""hold"": 6, ""k"": 3.0, ""kind"": ""spot_vadeli"", ""mode"": ""devam"", ""n"": 1}",-0.35145066113788903,-0.9625335962501114,-0.3885516816408875,927,-0.07651308359755352,-0.0054790097403789205,-1.9861742013974546,0.12096332785987958,0.6746875210312074,-13.330812693955034,14.00550021498624,0.4023732470334412,6.230852211434736,0.017144960191505507,0.43259999999999993,-0.06140099881108174,-0.10374572976271812,-0.06041912470691768,-0.12161171859448572,-0.06586209770798035,1.1,-0.5697307449210023,-0.14263438763328928,-0.3268015356690738
t2_emir_akisi_a1_uyum_5m_n288_k3.0_h288,futures,5m,"{""L"": 2000, ""hold"": 288, ""k"": 3.0, ""kind"": ""uyumsuzluk"", ""mode"": ""devam"", ""n"": 288}",0.8255086885983594,0.5669531007019598,-0.36279401088021823,163,0.049073406345069404,0.09522240171525882,0.4069383355305907,0.09387923432463663,89.30954670771503,95.29927609954316,-5.989729391828146,0.5460122699386503,385.9325153374233,0.8332229486947417,0.07606666666666666,-0.07259744627373321,0.9626419125100882,-0.0631384814416941,0.07640684303989675,-0.005458987545730598,1.9,0.9319785319375902,0.5047101930869664,-0.026677035859678733
t2_emir_akisi_a1_spotvad_1h_n6_k2.0_h6,futures,1h,"{""L"": 2000, ""hold"": 6, ""k"": 2.0, ""kind"": ""spot_vadeli"", ""mode"": ""devam"", ""n"": 6}",-0.7235364911128804,-1.455519011210347,-0.755573691445522,2093,-0.21731903742584452,-0.02212795168291109,-2.9228794233879465,0.334245575624886,-2.751393080816049,-17.400386487501606,14.648993406685559,0.4376493072145246,8.562828475871955,-0.1928714750319703,0.9767333333333332,-0.3147030097826058,-0.27267411676707387,-0.25428975840333023,-0.27715659287193306,0.029000572377201106,0.6,-0.7973719861470832,-0.8761852930514071,-0.41529376335357227
t2_emir_akisi_a1_spotvad_1h_n6_k3.0_h6,futures,1h,"{""L"": 2000, ""hold"": 6, ""k"": 3.0, ""kind"": ""spot_vadeli"", ""mode"": ""devam"", ""n"": 6}",-0.19089800606759388,-0.6844768223445432,-0.22577565832399538,433,-0.0372581541928268,-0.002880305790969869,-1.4031445280612562,0.07329866812625434,0.0900667786230402,-14.118202697855178,14.208269476478218,0.418013856812933,7.759815242494226,0.004594919657958184,0.20206666666666667,-0.07848224727460584,0.005709406881365231,0.028905741070140545,-0.11198256149732366,-0.04450159130530651,0.4,-0.04700155207725698,-0.2167243796554914,-0.3321799448344037
t2_emir_akisi_a1_spotvad_1h_n24_k2.0_h6,futures,1h,"{""L"": 2000, ""hold"": 6, ""k"": 2.0, ""kind"": ""spot_vadeli"", ""mode"": ""devam"", ""n"": 24}",-0.5262163732722578,-0.8473475525551473,-0.6030007435559693,774,-0.10756203981684162,-0.024759861504547603,-1.5060788788575146,0.23414979018427295,-9.225575047654187,-25.662207720824124,16.436632673169935,0.41472868217054265,15.324289405684755,-0.2337736816547957,0.36119999999999997,-0.23949699416301473,-0.044786268902295645,-0.3660074750271112,-0.06897095992648672,0.10492090774547713,0.5,-0.5963931527259845,-0.7171340815953566,-0.3542020628657925
t2_emir_akisi_a1_spotvad_1h_n24_k3.0_h6,futures,1h,"{""L"": 2000, ""hold"": 6, ""k"": 3.0, ""kind"": ""spot_vadeli"", ""mode"": ""devam"", ""n"": 24}",-0.19286295205440518,-1.0121128519360116,-0.2245505549264395,146,-0.040401637138575634,-0.0013398863466375505,-2.175271237634008,0.044243751140302864,-28.301275581359594,-43.741481034286004,15.44020545292641,0.3767123287671233,13.732876712328768,-0.1337302550158771,0.06813333333333332,-0.019444850232642752,-0.02906126752796112,-0.08376516146715063,-0.033915077925816384,-0.04222978797348298,0.4,-0.028688469399822614,-0.33053587612903135,-0.21669485052029702
t2_emir_akisi_a1_uyum_1h_n6_k2.0_h1,futures,1h,"{""L"": 2000, ""hold"": 1, ""k"": 2.0, ""kind"": ""uyumsuzluk"", ""mode"": ""devam"", ""n"": 6}",0.6041976392087836,0.5807541565284703,-0.3011688694401836,1890,0.09585213358068775,0.015612753742829314,1.0932826254593553,0.08232986681262543,21.874159748135998,8.086163218256807,13.78799652987919,0.48148148148148145,2.433862433862434,1.4680079604299554,0.8819999999999999,0.16436890730951115,0.7430053601435966,-0.06510297350070915,-0.13481444958524946,-0.02277287243756243,0.6,0.14389892872377352,0.8896711580607608,0.19930812971656353
t2_emir_akisi_a1_spotvad_1h_n72_k2.0_h6,futures,1h,"{""L"": 2000, ""hold"": 6, ""k"": 2.0, ""kind"": ""spot_vadeli"", ""mode"": ""devam"", ""n"": 72}",-0.603467345856481,-0.9166224739206593,-0.67340138455448,372,-0.10597582429669773,-0.05356867605518428,-1.3304336130080174,0.22288359788359788,-49.459601252893414,-71.3965006106569,21.93689935776349,0.3978494623655914,30.086021505376344,-0.5582951656049178,0.17336666666666664,-0.12737229796606997,-0.18983353261083769,-0.3330832173057541,-0.08485861355357405,-0.0809992739394908,0.4,-0.48208760402694795,-0.8691234158755466,-0.38511484425343856
t2_emir_akisi_a1_uyum_1h_n6_k3.0_h1,futures,1h,"{""L"": 2000, ""hold"": 1, ""k"": 3.0, ""kind"": ""uyumsuzluk"", ""mode"": ""devam"", ""n"": 6}",1.1121435246398872,1.2873609462325852,-0.216631968881126,476,0.14502628663505257,0.010166444946384193,2.6632248279009785,0.019499178981937603,59.804319132193754,45.57763165132056,14.226687480873197,0.5840336134453782,2.3172268907563027,1.0321430065537052,0.2221333333333333,0.06375352248354416,0.7042437952451843,-0.042110144283080464,0.11274406102068513,0.09304951116443605,0.4,0.5191940540926958,1.6844523426325337,0.7338186385166507
t2_emir_akisi_a1_spotvad_1h_n72_k3.0_h6,futures,1h,"{""L"": 2000, ""hold"": 6, ""k"": 3.0, ""kind"": ""spot_vadeli"", ""mode"": ""devam"", ""n"": 72}",-0.23545213813206944,-0.498834933842853,-0.29262260891122205,75,-0.024623039245120003,-0.02076330634565582,-0.57346681058117,0.0356914796569969,-65.88634375188923,-94.35460881280332,28.468265060914085,0.44,21.533333333333335,-0.15337394106534893,0.034999999999999996,-0.00915280577191313,-0.06253103181188724,-0.15272329166496668,-0.017410442987691677,-0.011347471341856874,0.4,0.1377931506592711,-0.23441106712832505,-0.5470233331108033
t2_emir_akisi_a1_uyum_1h_n24_k2.0_h1,futures,1h,"{""L"": 2000, ""hold"": 1, ""k"": 2.0, ""kind"": ""uyumsuzluk"", ""mode"": ""devam"", ""n"": 24}",0.5642476392354396,0.47766534844173775,-0.3254784030421618,852,0.03517739485207513,0.07665266231783883,0.3130057442622427,0.07900018244845831,27.16374918085423,16.051963633209105,11.111785547645123,0.5598591549295775,5.213615023474178,0.9421789605295648,0.39759999999999995,0.25662652046180723,0.5026007245593291,-0.05951729218169588,-0.12588755706399513,0.007714658575441957,0.5,0.7616180821746532,1.1294155690291356,-0.4089817589737137
t2_emir_akisi_a1_uyum_1h_n24_k3.0_h1,futures,1h,"{""L"": 2000, ""hold"": 1, ""k"": 3.0, ""kind"": ""uyumsuzluk"", ""mode"": ""devam"", ""n"": 24}",0.3298876542812825,0.431417334716778,-0.2725908630261613,197,0.01686705701855413,0.04660450738589911,0.23671231621296798,0.018267651888341542,48.34536428976063,41.162548780005906,7.18281550975473,0.5685279187817259,5.314720812182741,0.4077546405096733,0.09193333333333333,0.07888108073831668,0.21990946536016764,-0.039842615996702246,-0.011642484267685771,0.06477361463930409,0.3,0.12416541756671262,0.18843990882163886,0.23991268512622432
t2_emir_akisi_a1_spotvad_1h_n1_k2.0_h24,futures,1h,"{""L"": 2000, ""hold"": 24, ""k"": 2.0, ""kind"": ""spot_vadeli"", ""mode"": ""devam"", ""n"": 1}",-0.8214124088019691,-0.8481044128121753,-0.8535303971802569,3365,-0.2481012256998147,-0.033648190199555894,-1.641746928167065,0.8615444261995986,2.1616419240016174,-12.47758261839592,14.639224542397537,0.43417533432392275,22.224962852897473,0.21007514224495655,1.569633333333333,-0.46244535546315624,0.15196497753056648,-0.29970237631764174,-0.34345434494758276,-0.3727483664530281,0.6,-0.7625581830879935,-0.8360688761589514,-0.9719338809144468
t2_emir_akisi_a1_uyum_1h_n72_k2.0_h1,futures,1h,"{""L"": 2000, ""hold"": 1, ""k"": 2.0, ""kind"": ""uyumsuzluk"", ""mode"": ""devam"", ""n"": 72}",1.077195953693188,0.603697136683236,-0.39931580839066627,579,0.0432575352418286,0.1329097280188807,0.31458094760813593,0.1036307243203795,45.14924600782327,37.59978824024085,7.549457767582427,0.6217616580310881,10.573402417962004,1.0712180533136162,0.2702,0.14728846431695275,1.0231185811911607,-0.13882335176192873,-0.022502491001317626,0.0631036223084025,0.5,1.6197090460858274,0.09042889753368621,0.8048884120588375
t2_emir_akisi_a1_spotvad_1h_n1_k3.0_h24,futures,1h,"{""L"": 2000, ""hold"": 24, ""k"": 3.0, ""kind"": ""spot_vadeli"", ""mode"": ""devam"", ""n"": 1}",-0.39096358195241043,-0.5537853351431022,-0.47111716920233004,816,-0.08347573258698707,-0.002871237229917226,-1.1883232116991578,0.3610883050538223,-1.032295736222173,-15.230397146257587,14.198101410035413,0.4362745098039216,24.248774509803923,-0.04610955455487739,0.38079999999999997,-0.24259258216835056,-0.08259325385832328,-0.13133357495172382,0.1204170637878077,-0.09942677930393051,0.6,-0.7005965205729396,-0.43822635381802477,-0.07734156101260836
t2_emir_akisi_a1_uyum_1h_n72_k3.0_h1,futures,1h,"{""L"": 2000, ""hold"": 1, ""k"": 3.0, ""kind"": ""uyumsuzluk"", ""mode"": ""devam"", ""n"": 72}",0.5248656173476327,0.5051546480120621,-0.29189822511441155,149,0.038092469679437586,0.05806723582278881,0.42010582689784504,0.02547436599160737,80.91159796938852,81.99204801389803,-1.0804500445095109,0.7449664429530202,9.74496644295302,0.4916407422227195,0.06953333333333332,0.15512022418743232,0.3283113720448718,-0.051431025673697395,-0.00418799681056603,0.0521029082670994,0.3,0.34962303513952664,0.44487329884030835,0.286090403989095
t2_emir_akisi_a1_spotvad_1h_n6_k2.0_h24,futures,1h,"{""L"": 2000, ""hold"": 24, ""k"": 2.0, ""kind"": ""spot_vadeli"", ""mode"": ""devam"", ""n"": 6}",-0.7568074400978775,-0.8464463382771639,-0.8505698056466883,1540,-0.19212750097186038,-0.04295742853034738,-1.5130066897397463,0.6745803685458858,-7.361746954796966,-23.468237442242017,16.10649048744505,0.461038961038961,30.207792207792206,-0.38071792416234934,0.7184333333333333,-0.4333320345751924,-0.29237527868920654,-0.22720846059190902,-0.40955424150618847,0.32915692846502886,0.6,-0.6585138630930127,-0.9129630280523644,-0.8258392111396589
t2_emir_akisi_a1_uyum_1h_n6_k2.0_h6,futures,1h,"{""L"": 2000, ""hold"": 6, ""k"": 2.0, ""kind"": ""uyumsuzluk"", ""mode"": ""devam"", ""n"": 6}",-0.011788309262308783,0.1461930093430139,-0.5346351509019478,1510,-0.03201807931133238,0.06714892384327421,-0.23473301701824353,0.20995256340083926,15.792244494407411,3.155352437144683,12.636892057262727,0.4814569536423841,8.337086092715232,0.912883731800949,0.7046666666666667,-0.003451220407480471,0.06265666485615351,0.0029777179468823967,-0.012115700080412517,-0.058194793374957254,0.6,-0.509600013094198,-0.6184806771524674,1.1472697291905587
t2_emir_akisi_a1_spotvad_1h_n6_k3.0_h24,futures,1h,"{""L"": 2000, ""hold"": 24, ""k"": 3.0, ""kind"": ""spot_vadeli"", ""mode"": ""devam"", ""n"": 6}",-0.13520650488809483,-0.19787168958514723,-0.26998157677601053,395,-0.010856771024867767,-0.010159351060040423,-0.21317239741301788,0.21394362342638204,5.930688212980046,-9.29111135065976,15.221799563639806,0.44556962025316454,26.96708860759494,0.08987231789015235,0.1843333333333333,-0.07306471487623978,-0.13674179153222654,0.17645354708503636,-0.05385547155755588,-0.02906531137180568,0.4,-0.06802868671976114,-0.3778903849781383,-0.0940068119700137
t2_emir_akisi_a1_uyum_1h_n6_k3.0_h6,futures,1h,"{""L"": 2000, ""hold"": 6, ""k"": 3.0, ""kind"": ""uyumsuzluk"", ""mode"": ""devam"", ""n"": 6}",0.7692468494595674,0.63316430710972,-0.37216715591569716,404,0.07508404382784607,0.05459916349698695,0.7853092759300669,0.053229337712096335,59.12842602220391,47.454732966671585,11.673693055532326,0.5445544554455446,7.962871287128713,0.8840527922652053,0.1885333333333333,-0.06167742055942871,1.1324659207930425,-0.13048419125952526,0.000591475298109545,0.016295221338876953,0.4,0.7410996387411164,0.12841961370351074,0.7185675419099196
t2_emir_akisi_a1_spotvad_1h_n24_k2.0_h24,futures,1h,"{""L"": 2000, ""hold"": 24, ""k"": 2.0, ""kind"": ""spot_vadeli"", ""mode"": ""devam"", ""n"": 24}",-0.4633186497278752,-0.38437144841449195,-0.5310638543861267,652,-0.02064666001806984,-0.06362324588438147,-0.19301858025939,0.4295292829775588,1.208674212554882,-18.024800366280154,19.233474578835036,0.4677914110429448,37.030674846625764,-0.034405234114296246,0.30426666666666663,-0.25304453894314183,0.23513329186256193,-0.2579634970280099,-0.10443153470610111,-0.12464562584048611,0.4,-0.6933217027329237,-0.7742477197278235,0.11887243025790184
t2_emir_akisi_a1_uyum_1h_n24_k2.0_h6,futures,1h,"{""L"": 2000, ""hold"": 6, ""k"": 2.0, ""kind"": ""uyumsuzluk"", ""mode"": ""devam"", ""n"": 24}",0.5292747986020079,0.4369686459329794,-0.4024441757194157,494,0.007587270198871669,0.1068556739432281,0.0591976303345398,0.12992610837438423,35.284928546785046,27.752168693737563,7.532759853047483,0.5384615384615384,15.423076923076923,0.7997411369687386,0.2305333333333333,0.058911313436821544,0.751204024540042,-0.06670683042567693,-0.17352595063665943,0.0691579945704468,0.4,1.4738835985986323,0.09975835095863572,-0.3564230566887234
t2_emir_akisi_a1_spotvad_1h_n24_k3.0_h24,futures,1h,"{""L"": 2000, ""hold"": 24, ""k"": 3.0, ""kind"": ""spot_vadeli"", ""mode"": ""devam"", ""n"": 24}",-0.03097933052951496,-0.05373952670657168,-0.2154083594109728,132,-0.0012268207416070227,-0.002238773284674742,-0.03870662944537797,0.09512406495165115,12.278572339177966,-4.317833479913831,16.596405819091796,0.4318181818181818,33.71969696969697,0.0549844810592377,0.061599999999999995,-0.020081281738919876,0.04062467547450854,-0.015467549369514444,-0.07579798388761871,0.04436406650166336,0.4,0.14107845064784152,-0.2697005421348898,0.00829141555216184
t2_emir_akisi_a1_uyum_1h_n24_k3.0_h6,futures,1h,"{""L"": 2000, ""hold"": 6, ""k"": 3.0, ""kind"": ""uyumsuzluk"", ""mode"": ""devam"", ""n"": 24}",0.36274439521323854,0.4030473754812475,-0.37177160309206814,125,0.0029498752554517646,0.07066691300616175,0.03273169700055927,0.030628534938879768,62.092736385952726,63.09715512356555,-1.0044187376128266,0.584,14.64,0.4165434402017809,0.05833333333333333,0.0471789594111478,0.3850549631240041,-0.11373301973216465,-0.01691581549021992,0.07837847543316823,0.4,0.3523859835622738,0.14561613413401742,0.08401293840378066
t2_emir_akisi_a1_spotvad_1h_n72_k2.0_h24,futures,1h,"{""L"": 2000, ""hold"": 24, ""k"": 2.0, ""kind"": ""spot_vadeli"", ""mode"": ""devam"", ""n"": 72}",-0.5432536939442559,-0.6571309327851124,-0.6381497116721765,271,-0.06398796655291672,-0.06165191085398004,-0.7165947626259078,0.3186006203247583,-55.64119670860052,-86.66735270392284,31.026155995322334,0.4317343173431734,61.84132841328413,-0.41637345374395873,0.12623333333333334,-0.10491201144683726,-0.14998401998026123,-0.27262597862787774,-0.08754485434152859,-0.09549095630988857,0.4,-0.5553967624311662,-0.7796282496260292,-0.42496711505072715
t2_emir_akisi_a1_uyum_1h_n72_k2.0_h6,futures,1h,"{""L"": 2000, ""hold"": 6, ""k"": 2.0, ""kind"": ""uyumsuzluk"", ""mode"": ""devam"", ""n"": 72}",0.628147706980053,0.459132776064645,-0.42706376747174757,270,-0.010658514708620183,0.13928207998935344,-0.07776746615046382,0.133917168399927,55.236412491537656,56.827899052280166,-1.5914865607425093,0.5851851851851851,30.118518518518517,0.7214725071263215,0.126,0.08370523031190236,0.5688250668222674,-0.19843795857286017,-0.009245022552821114,0.20588170703653152,0.3,0.6657189621188486,0.03996143516466932,0.3099420835093232
t2_emir_akisi_a1_uyum_1h_n72_k3.0_h6,futures,1h,"{""L"": 2000, ""hold"": 6, ""k"": 3.0, ""kind"": ""uyumsuzluk"", ""mode"": ""devam"", ""n"": 72}",0.4221435589869682,0.4051671496138728,-0.32886689253131085,84,-0.006230157132231246,0.09071484754844468,-0.06021404049900935,0.03436872833424558,115.62279413351733,132.27525836712041,-16.65246423360309,0.7142857142857143,24.011904761904763,0.4114826010915265,0.0392,0.1047278175567079,0.38760228094285987,-0.08119852488645463,-0.014960683037381961,0.025056714192961627,0.3,0.46411644887290726,-0.008808184077791714,0.3691712302761163
t2_emir_akisi_a1_spotvad_1h_n72_k3.0_h24,futures,1h,"{""L"": 2000, ""hold"": 24, ""k"": 3.0, ""kind"": ""spot_vadeli"", ""mode"": ""devam"", ""n"": 72}",-0.21180211968464235,-0.2556160674737334,-0.3513620919277355,62,0.010925269559585091,-0.04163363849157519,0.1733554434266127,0.059615033752964786,-71.18557223385184,-125.76691787287231,54.581345639020476,0.3709677419354839,45.25806451612903,-0.09206107080732404,0.028699999999999996,-0.005402515510085859,-0.07601381971929866,-0.038013492712559716,-0.06597269881679801,-0.045460556434209765,0.4,-0.06916907294547492,-0.3583183114203987,-0.32261016869350123
t2_emir_akisi_a1_uyum_1h_n6_k2.0_h24,futures,1h,"{""L"": 2000, ""hold"": 24, ""k"": 2.0, ""kind"": ""uyumsuzluk"", ""mode"": ""devam"", ""n"": 6}",0.24259895016020505,0.31352374757699825,-0.5266111998796333,1182,0.006161392082578372,0.10660611477531108,0.03422847102281472,0.47411512497719394,23.83980661514283,13.00605570555145,10.833750909591378,0.5135363790186125,27.04568527918782,1.0932623219706183,0.5513666666666666,0.18074800920809264,0.5358631084457348,-0.256264613184074,0.09349092284731153,-0.15746563513066036,0.6,-0.6847551877965317,-0.6046619542917132,2.5577911363644983
t2_emir_akisi_a1_uyum_1h_n6_k3.0_h24,futures,1h,"{""L"": 2000, ""hold"": 24, ""k"": 3.0, ""kind"": ""uyumsuzluk"", ""mode"": ""devam"", ""n"": 6}",2.712027164209323,0.9573370296822451,-0.3293624695735963,343,0.19946368759544988,0.10100332726606379,1.3924341083706357,0.13526272577996715,136.3655835485351,127.11993299026746,9.245650558267656,0.565597667638484,25.224489795918366,1.6763708278784721,0.16006666666666663,-0.03417637284737929,2.5224228493017575,0.056658679776998344,-0.002526528909221004,0.035227384670392325,0.6,2.214102425411267,0.8638408309008341,2.9449436091778796
t2_emir_akisi_a1_uyum_1h_n24_k2.0_h24,futures,1h,"{""L"": 2000, ""hold"": 24, ""k"": 2.0, ""kind"": ""uyumsuzluk"", ""mode"": ""devam"", ""n"": 24}",1.8207604590277948,0.7359547159905107,-0.4018726020578339,412,0.11801944592100848,0.13873037632057164,0.7307407507515519,0.23706896551724138,86.49963738371699,82.55339763345651,3.9462397502604794,0.558252427184466,36.449029126213595,1.4482687598984096,0.19226666666666664,0.08526839534026176,1.6489811600846598,0.009102965299759846,-0.13581659319116823,0.1251457295267302,0.6,1.6588273919681145,0.06391704337618487,1.8816889710234168
t2_emir_akisi_a1_uyum_1h_n24_k3.0_h24,futures,1h,"{""L"": 2000, ""hold"": 24, ""k"": 3.0, ""kind"": ""uyumsuzluk"", ""mode"": ""devam"", ""n"": 24}",0.2719960482500101,0.309164478526288,-0.36227309475452607,108,-0.03714878220692332,0.10645743165264074,-0.31615420315156073,0.06175880313811348,46.60364576381191,54.489848214850824,-7.886202451038915,0.5092592592592593,35.51851851851852,0.38921615605057586,0.0504,0.04435686457148047,0.218580405521287,-0.024306735559269876,-0.051321200475642925,0.07981695810840628,0.6,0.30610803453807933,-0.021477748764019422,-0.06081926408015714
t2_emir_akisi_a1_uyum_1h_n72_k2.0_h24,futures,1h,"{""L"": 2000, ""hold"": 24, ""k"": 2.0, ""kind"": ""uyumsuzluk"", ""mode"": ""devam"", ""n"": 72}",0.44703180228981476,0.3823843613280948,-0.43115229540076294,185,-0.032536044570844816,0.14782652854008635,-0.21398005900496905,0.1916621054552089,62.055511990398145,73.84969297288853,-11.794180982490397,0.5567567567567567,64.81621621621622,0.5948392579191453,0.08633333333333332,0.036697386958381095,0.4906597183588268,-0.16124004682795035,0.014111733701803963,0.10083964546757063,0.3,0.21834765931533817,-0.24854022812216825,0.48379164305729727
t2_emir_akisi_a1_uyum_1h_n72_k3.0_h24,futures,1h,"{""L"": 2000, ""hold"": 24, ""k"": 3.0, ""kind"": ""uyumsuzluk"", ""mode"": ""devam"", ""n"": 72}",0.231580723503644,0.2811718781525896,-0.36944283538466915,50,-0.04303463855952184,0.10263582972282519,-0.378649690803693,0.05090311986863711,65.05613272025097,105.00822845085462,-39.952095730603645,0.66,61.64,0.2763795830900122,0.02333333333333333,0.037870068040276816,0.32479720066865236,-0.15577723338909644,-0.02109705962389441,0.08386152762746457,0.3,0.30024560283639024,-0.24209641842170604,0.2671813448352818
t2_emir_akisi_a1_spotvad_15m_n1_k2.0_h4,futures,15m,"{""L"": 2000, ""hold"": 4, ""k"": 2.0, ""kind"": ""spot_vadeli"", ""mode"": ""devam"", ""n"": 1}",-0.9999717415283845,-11.418763698703378,-0.9999717822903283,20815,-2.075655438076916,0.004942460246952188,-25.544657667080465,0.4054916985951469,-0.9777665618458914,-14.98034423604015,14.00257767419426,0.34715349507566656,4.323612779245736,-0.6833857139897546,9.713199999999999,-0.7391173048145299,-0.913407168767195,-0.9155039324217434,-0.8545883154329754,-0.8981911214277962,3.1,-0.9999859320654405,-0.9999767660099844,-0.9999551658746005
t2_emir_akisi_a1_spotvad_15m_n1_k3.0_h4,futures,15m,"{""L"": 2000, ""hold"": 4, ""k"": 3.0, ""kind"": ""spot_vadeli"", ""mode"": ""devam"", ""n"": 1}",-0.7368449957758803,-4.143175072837707,-0.7368449957758803,3131,-0.26335312112040743,-0.001060477688621477,-9.199259172335593,0.06964399744572158,1.2407624983017278,-12.722129596226921,13.962892094528648,0.3382305972532737,4.106675183647397,0.12971732259688473,1.4611333333333332,-0.16243255119496836,-0.13236840209626732,-0.2736951532995665,-0.29226841999975883,-0.2955195178616903,1.6,-0.7987020966988633,-0.7136098785618219,-0.7005338565911172
t2_emir_akisi_a1_spotvad_15m_n4_k2.0_h4,futures,15m,"{""L"": 2000, ""hold"": 4, ""k"": 2.0, ""kind"": ""spot_vadeli"", ""mode"": ""devam"", ""n"": 4}",-0.9959324289337741,-7.291125102707808,-0.9959351124865193,11561,-1.0814424738145263,-0.004771821700212918,-16.185545732267116,0.30157019704433496,-0.11301255482985612,-14.128375895403856,14.015363340573998,0.3696047054753049,5.393564570538881,-0.044624049332288696,5.3949,-0.4019518557904772,-0.7604124556717361,-0.6810066917024336,-0.6576112335467952,-0.740083598230806,1.6,-0.9977170615754293,-0.9957989175787695,-0.9949268405273556
t2_emir_akisi_a1_spotvad_15m_n4_k3.0_h4,futures,15m,"{""L"": 2000, ""hold"": 4, ""k"": 3.0, ""kind"": ""spot_vadeli"", ""mode"": ""devam"", ""n"": 4}",-0.5970281430793654,-2.977509323683816,-0.5989963743716538,2073,-0.17662837340089693,-0.0026772839344647173,-6.531506372176907,0.057773444626892906,0.9851123625646225,-13.01051819941256,13.995630561977183,0.36806560540279787,5.065605402797877,0.06611907912669376,0.9673999999999999,-0.08313025624742088,-0.18202360843111087,-0.14633991420807713,-0.21802942858204788,-0.1950833316810887,1.5,-0.7218770872349904,-0.46004459865520775,-0.5838412657809606
t2_emir_akisi_a1_spotvad_15m_n24_k2.0_h4,futures,15m,"{""L"": 2000, ""hold"": 4, ""k"": 2.0, ""kind"": ""spot_vadeli"", ""mode"": ""devam"", ""n"": 24}",-0.7914366091287532,-2.034051563649931,-0.815927139539774,3417,-0.29140697657347875,-0.009247235583798948,-4.382603227634687,0.20511767925561028,0.8255467034498767,-13.3871685898674,14.212715293317277,0.39274217149546387,11.760023412350014,0.10539279395591981,1.5945999999999998,-0.24817682002402153,-0.25239007415166936,-0.2143565599603422,-0.32304710337903,-0.3023086008468573,1.0,-0.8815528025941188,-0.7329298386273349,-0.7910613263616019
t2_emir_akisi_a1_spotvad_15m_n24_k3.0_h4,futures,15m,"{""L"": 2000, ""hold"": 4, ""k"": 3.0, ""kind"": ""spot_vadeli"", ""mode"": ""devam"", ""n"": 24}",-0.20861832348752707,-0.7405493364698316,-0.26702208200177135,636,-0.042672955686928145,-0.0019431826687552531,-1.570096996898524,0.036318646232439335,3.732512591698099,-10.467819987833574,14.200332579531674,0.389937106918239,10.303459119496855,0.07418700885925386,0.29679999999999995,-0.01041945063441374,-0.05395882505857885,-0.050175231146651456,-0.07673353910463354,-0.036050569261668386,1.4,-0.2184848389335845,0.002849747041231643,-0.3931690090766675
t2_emir_akisi_a1_spotvad_15m_n96_k2.0_h4,futures,15m,"{""L"": 2000, ""hold"": 4, ""k"": 2.0, ""kind"": ""spot_vadeli"", ""mode"": ""devam"", ""n"": 96}",-0.6507156470943942,-1.3650113691195516,-0.7243715333827554,1602,-0.1784224885416052,-0.01828642808159009,-2.737518258586439,0.20314495530012772,-5.111158440282079,-19.68129343420461,14.57013499392253,0.3920099875156055,24.666042446941322,-0.2005620247854391,0.7475999999999999,-0.2658469844294532,-0.37288048379383265,0.005355029444742421,-0.204910633580061,-0.05091124632763733,0.9,-0.7675663729134661,-0.7800275349013,-0.4409347656475885
t2_emir_akisi_a1_spotvad_15m_n96_k3.0_h4,futures,15m,"{""L"": 2000, ""hold"": 4, ""k"": 3.0, ""kind"": ""spot_vadeli"", ""mode"": ""devam"", ""n"": 96}",-0.35586545326558816,-1.25590856770776,-0.36567313499747434,274,-0.07802320699121072,-0.006469066531916567,-2.5649382669973897,0.03148376208721036,-32.339114592436616,-46.73051860119239,14.391404008755778,0.39416058394160586,20.50729927007299,-0.29568083680463797,0.12786666666666666,-0.19816855630685015,-0.04037516748127501,-0.09930728863597105,-0.03389968596258108,-0.03795993334677128,0.9,-0.42794760968210466,-0.3906254809095977,-0.2871781199002138
t2_emir_akisi_a1_spotvad_15m_n1_k2.0_h16,futures,15m,"{""L"": 2000, ""hold"": 16, ""k"": 2.0, ""kind"": ""spot_vadeli"", ""mode"": ""devam"", ""n"": 1}",-0.9997881136913918,-5.30349230453395,-0.9998040540446139,15784,-1.6393906494492372,0.0011219235568633455,-11.838377494173848,0.7971914340448824,-1.5938606398699977,-15.626248132908268,14.03238749303827,0.3934363912823112,15.722187024835277,-0.8375084842139433,7.365166666666665,-0.6630264841538482,-0.8773485095215476,-0.8035518313534753,-0.7699213593667263,-0.8865746812896903,2.8,-0.9995184911941497,-0.9999380648416265,-0.9999219313349925
t2_emir_akisi_a1_spotvad_15m_n1_k3.0_h16,futures,15m,"{""L"": 2000, ""hold"": 16, ""k"": 3.0, ""kind"": ""spot_vadeli"", ""mode"": ""devam"", ""n"": 1}",-0.6744384593422,-1.7854818841276459,-0.6908144035970628,2866,-0.21124224742875958,-0.004800999907071017,-3.8829396664493463,0.2302214468162744,2.5647240408202316,-11.383261614646043,13.947985655466274,0.41591067690160505,16.2920446615492,0.24616531542044373,1.3372333333333333,-0.10016682203170368,-0.19411743737766207,-0.12063955818940719,-0.30605122893889913,-0.2642928136129816,1.7,-0.6514083874284108,-0.6373267613815838,-0.7804235430845123
t2_emir_akisi_a1_spotvad_15m_n4_k2.0_h16,futures,15m,"{""L"": 2000, ""hold"": 16, ""k"": 2.0, ""kind"": ""spot_vadeli"", ""mode"": ""devam"", ""n"": 4}",-0.9942678838365528,-3.8234875418524923,-0.9947362664248619,9309,-0.96095956723004,-0.030364208426041123,-8.265357887628907,0.6461811257069878,-2.030017014073402,-16.08629804792136,14.05628103384796,0.40917391771404016,18.271565152003436,-0.6167600775828479,4.343733333333333,-0.5414155038857786,-0.6776908590069992,-0.61546413344616,-0.6080232462395238,-0.7427082702284764,1.3,-0.9946699568980713,-0.9966193505235704,-0.9961742556991522
t2_emir_akisi_a1_spotvad_15m_n4_k3.0_h16,futures,15m,"{""L"": 2000, ""hold"": 16, ""k"": 3.0, ""kind"": ""spot_vadeli"", ""mode"": ""devam"", ""n"": 4}",-0.6537366443311092,-1.8713674290438036,-0.7077123280756205,1929,-0.19914846368805358,-0.005771701555903296,-4.042954816746517,0.17355409596788907,-1.9881770113135993,-16.00027235717631,14.01209534586271,0.39968895800933124,17.48729911871436,-0.13250604081863426,0.8999666666666666,0.0050998406321192125,-0.3296020370095136,-0.18577303998704164,-0.24881033832919386,-0.15982537116196038,1.7,-0.6931098990445799,-0.46982302499099504,-0.783012963789611
t2_emir_akisi_a1_spotvad_15m_n24_k2.0_h16,futures,15m,"{""L"": 2000, ""hold"": 16, ""k"": 2.0, ""kind"": ""spot_vadeli"", ""mode"": ""devam"", ""n"": 24}",-0.8825318181407669,-1.9176517799864845,-0.9024175501516691,2859,-0.3900949288220897,-0.0133865754640065,-4.120175991568421,0.3588076993249407,-6.611685399100812,-21.136281430831346,14.524596031730534,0.41518013291360617,26.77859391395593,-0.650814959918719,1.3341999999999998,-0.3678896511546601,-0.44992219022034696,-0.40317711441296245,-0.3458679232544736,-0.13464898742561848,1.3,-0.9063489166847506,-0.952812675363144,-0.7905984891563916
t2_emir_akisi_a1_spotvad_15m_n24_k3.0_h16,futures,15m,"{""L"": 2000, ""hold"": 16, ""k"": 3.0, ""kind"": ""spot_vadeli"", ""mode"": ""devam"", ""n"": 24}",-0.2982710187049884,-0.840511362899225,-0.3628684926320076,580,-0.06037267748724157,-0.006234621310237101,-1.679026614313466,0.07413679073161832,-3.6333619767319174,-18.0106481881109,14.377286211378982,0.41724137931034483,23.594827586206897,-0.0557827251908696,0.27066666666666667,-0.14909530864880816,-0.0510734298099812,-0.0038860145997928752,-0.10729435203726512,-0.022675990905104526,0.8,-0.24698463063336917,-0.3077219838773728,-0.4135885564965692
t2_emir_akisi_a1_spotvad_15m_n96_k2.0_h16,futures,15m,"{""L"": 2000, ""hold"": 16, ""k"": 2.0, ""kind"": ""spot_vadeli"", ""mode"": ""devam"", ""n"": 96}",-0.46747877994423104,-0.6358040604150869,-0.579819475991167,1142,-0.08655218378662345,-0.021090546112500934,-1.113074116692467,0.2728402663747491,-0.5923140763613415,-15.723185482421616,15.130871406060274,0.4273204903677758,48.388791593695274,0.04029022971604665,0.5329333333333333,-0.3099884431213792,-0.17665318252373807,0.0672783260468135,-0.1280441073378642,0.007222770758951169,1.3,-0.783752982304308,-0.5743895649730597,-0.021240692612076617
t2_emir_akisi_a1_spotvad_15m_n96_k3.0_h16,futures,15m,"{""L"": 2000, ""hold"": 16, ""k"": 3.0, ""kind"": ""spot_vadeli"", ""mode"": ""devam"", ""n"": 96}",-0.35501305356909896,-1.1206353596877747,-0.38225891341592655,207,-0.07663926589973256,-0.006954041662768057,-2.2696163298386822,0.04671820835613939,-46.27772086652513,-61.64031025689207,15.362589390366942,0.40096618357487923,40.53623188405797,-0.3159446885040788,0.09659999999999999,-0.23382195360491898,-0.05133146115869891,-0.05287182015659231,-0.03825351185260473,-0.025824157322706265,0.7,-0.40797065966618784,-0.5063836571242766,-0.16683373775970123
t2_emir_akisi_a1_spotvad_15m_n1_k2.0_h96,futures,15m,"{""L"": 2000, ""hold"": 96, ""k"": 2.0, ""kind"": ""spot_vadeli"", ""mode"": ""devam"", ""n"": 1}",-0.9993745829677729,-2.772639253878739,-0.9996453212827209,11203,-1.352187933581456,0.0024303308869389286,-6.197002446693437,0.9832033388067871,-4.341399016235131,-18.518794856353676,14.177395840118546,0.3925734178345086,41.767740783718644,-1.4629963007502556,5.227366666666666,-0.7945651557336062,-0.8895875627392787,-0.6595597608053053,-0.6277547283271174,-0.7824257357493162,1.5,-0.9970544877096508,-0.9999740333072609,-0.9999111657212707
t2_emir_akisi_a1_spotvad_15m_n1_k3.0_h96,futures,15m,"{""L"": 2000, ""hold"": 96, ""k"": 3.0, ""kind"": ""spot_vadeli"", ""mode"": ""devam"", ""n"": 1}",-0.7838581067961852,-0.9647333665266998,-0.8177697643868201,2203,-0.26559031978328773,-0.0016278289781811591,-2.136730230568568,0.7151694490056559,-3.860456778817597,-17.856638569822085,13.996181791004489,0.44121652292328645,90.80390376758965,-0.31630082050775765,1.0275999999999998,-0.3632924608713314,-0.5132000517241029,-0.11445393895718214,0.08220346749814689,-0.27234024023888337,1.5,-0.8096713383013434,-0.9546211023451868,-0.6299561825364102
t2_emir_akisi_a1_spotvad_15m_n4_k2.0_h96,futures,15m,"{""L"": 2000, ""hold"": 96, ""k"": 2.0, ""kind"": ""spot_vadeli"", ""mode"": ""devam"", ""n"": 4}",-0.9951649256965387,-2.1587603998265967,-0.9956587913827933,6026,-0.8983646686076575,-0.056469912701859436,-4.513828940032755,0.9705573800401387,-10.017980068831868,-24.34624062635866,14.328260557526791,0.41802190507799536,70.28426817125788,-1.8963717831239393,2.811433333333333,-0.7562059457859232,-0.7997270017426327,-0.3448350396723562,-0.5669859763345036,-0.6509360335973917,1.3,-0.9957899438599856,-0.9985060154788583,-0.9991644578365528
t2_emir_akisi_a1_spotvad_15m_n4_k3.0_h96,futures,15m,"{""L"": 2000, ""hold"": 96, ""k"": 3.0, ""kind"": ""spot_vadeli"", ""mode"": ""devam"", ""n"": 4}",-0.7572013699620814,-1.0809801679177047,-0.786446070806136,1548,-0.24411590546582948,-0.009299015516330417,-2.3110542637308447,0.6021312260536399,-9.767251842618386,-24.184770851701852,14.417519009083467,0.4476744186046512,96.99354005167959,-0.5273528432596807,0.7219333333333332,-0.46756365995652716,-0.11653981712476535,-0.3737272940275661,-0.0021778395718989874,-0.1740097289865823,1.6,-0.7506067850290096,-0.6210301821066857,-0.9378172340224952
t2_emir_akisi_a1_spotvad_15m_n24_k2.0_h96,futures,15m,"{""L"": 2000, ""hold"": 96, ""k"": 2.0, ""kind"": ""spot_vadeli"", ""mode"": ""devam"", ""n"": 24}",-0.9005122596806749,-1.1380297117204974,-0.9272274826679671,2058,-0.344809070665382,-0.04727563812131447,-2.205652867987176,0.8015245849297573,-13.764525589072282,-29.389060790234833,15.624535201162551,0.445578231292517,116.57240038872692,-0.9086297781432477,0.9601666666666666,-0.6446725279010199,-0.5047139211445106,-0.3570559382240537,-0.3074372756919974,0.26955744558814576,0.8,-0.9346717787250973,-0.9686977377986532,-0.9161881843440459
t2_emir_akisi_a1_spotvad_15m_n24_k3.0_h96,futures,15m,"{""L"": 2000, ""hold"": 96, ""k"": 3.0, ""kind"": ""spot_vadeli"", ""mode"": ""devam"", ""n"": 24}",-0.49262353211202137,-0.7820053774578832,-0.571185276607719,533,-0.10830573694515884,-0.012862640143260004,-1.5380012682149038,0.28060572888159097,-20.528620495257986,-35.550209463377534,15.021588968119545,0.46153846153846156,107.32457786116322,-0.3421864974056047,0.24873333333333328,-0.4051838388145549,-0.1899564697480205,0.03223868316359102,0.023377272520988868,-0.0031649378115560234,1.3,-0.5391973771462224,-0.7052055451013999,-0.36408629765882006
t2_emir_akisi_a1_spotvad_15m_n96_k2.0_h96,futures,15m,"{""L"": 2000, ""hold"": 96, ""k"": 2.0, ""kind"": ""spot_vadeli"", ""mode"": ""devam"", ""n"": 96}",-0.2792178890115615,-0.11113137218989853,-0.5117979938058042,879,0.04992163818900054,-0.0693315849738004,0.42485293959938153,0.5475905400474366,10.436039431818116,-6.432764660958252,16.86880409277637,0.47554038680318544,146.82138794084187,0.36728285930159255,0.41019999999999995,-0.30284927278279483,0.043362352831040285,0.34789278897012643,-0.019683394287875244,-0.25007049053717934,0.8,-0.7519085844085482,-0.4191660827130729,-0.15323285070413228
t2_emir_akisi_a1_spotvad_15m_n96_k3.0_h96,futures,15m,"{""L"": 2000, ""hold"": 96, ""k"": 3.0, ""kind"": ""spot_vadeli"", ""mode"": ""devam"", ""n"": 96}",-0.39802274984644115,-0.7099801851369647,-0.4372885185459152,185,-0.07247957516974451,-0.01749218110307225,-1.246899398301154,0.12710385878489328,-56.79614484265085,-74.84119744811531,18.04505260546446,0.4594594594594595,127.37297297297297,-0.3503400970128722,0.08633333333333333,-0.3510611649803351,0.12983662492950554,-0.015270193196823878,-0.09431854467087841,-0.07940607183130477,1.4,-0.4638424869844161,-0.60407611339456,-0.19540926359939204
t2_emir_akisi_a1_spotvad_5m_n1_k2.0_h12,futures,5m,"{""L"": 2000, ""hold"": 12, ""k"": 2.0, ""kind"": ""spot_vadeli"", ""mode"": ""devam"", ""n"": 1}",-0.9999999999718643,-15.741179151327342,-0.9999999999718939,50539,-4.749425764928915,-0.021962129334642068,-34.982936042910126,0.7203331204767986,-0.3163800948300515,-14.309732440112759,13.993352345282707,0.33645303626901996,12.308296563050318,-0.5111475998916143,23.58416666666666,-0.9596976034473059,-0.995740923595885,-0.9926337685540138,-0.9950979580570163,-0.995460704401458,9.6,-0.9999999999691862,-0.9999999999902017,-0.9999999999785129
t2_emir_akisi_a1_spotvad_5m_n1_k3.0_h12,futures,5m,"{""L"": 2000, ""hold"": 12, ""k"": 3.0, ""kind"": ""spot_vadeli"", ""mode"": ""devam"", ""n"": 1}",-0.9651253903613612,-6.103826758658531,-0.9651613402931994,7004,-0.6646484879203809,0.0006288325658436308,-13.629065181741346,0.1480569239189929,-0.29974618213062487,-14.273931192180921,13.974185010050297,0.3405197030268418,12.267846944603084,-0.06589219287140072,3.2682999999999995,-0.29307885865045635,-0.4632256984225317,-0.5432868691629429,-0.5007486697115631,-0.596926783686548,2.6,-0.96292706702242,-0.9816602349423293,-0.9471197417553492
t2_emir_akisi_a1_spotvad_5m_n12_k2.0_h12,futures,5m,"{""L"": 2000, ""hold"": 12, ""k"": 2.0, ""kind"": ""spot_vadeli"", ""mode"": ""devam"", ""n"": 12}",-0.9995278391308493,-8.082321822774409,-0.9995329235861713,15499,-1.5033659677244302,-0.00515199404387972,-17.96064071145391,0.4030210423888585,-0.6306310412010621,-14.652974517314298,14.022343476113237,0.37395961029743857,17.066907542422094,-0.3203602272526686,7.232633333333332,-0.6692595990495733,-0.8174693733439902,-0.77656852667444,-0.8035833095894714,-0.821784997934698,3.3,-0.9997634682489235,-0.9997093138602494,-0.9991164409046787
t2_emir_akisi_a1_spotvad_5m_n12_k3.0_h12,futures,5m,"{""L"": 2000, ""hold"": 12, ""k"": 3.0, ""kind"": ""spot_vadeli"", ""mode"": ""devam"", ""n"": 12}",-0.7044727165884993,-3.0339304211945737,-0.7105651399905741,2959,-0.23859665058411533,-0.0014910908854585058,-6.719440826252319,0.08320219850392264,1.796454221046114,-12.191657688628318,13.988111909674434,0.3683676917877661,15.69787090233187,0.1759593022232766,1.3808666666666665,-0.13494824161869468,-0.20976163269388182,-0.2142456761883773,-0.2820677404820098,-0.2336500577732601,2.6,-0.8194308534865468,-0.6476657743268313,-0.6271811816519133
t2_emir_akisi_a1_spotvad_5m_n72_k2.0_h12,futures,5m,"{""L"": 2000, ""hold"": 12, ""k"": 2.0, ""kind"": ""spot_vadeli"", ""mode"": ""devam"", ""n"": 72}",-0.8739373230521668,-2.490042682182248,-0.8893338443607146,4353,-0.3923267261123436,-0.007241997186463244,-5.441996669674924,0.2521000577753451,0.23645204267630102,-13.913946314138105,14.150398356814406,0.39007580978635426,34.727084769124744,0.05357712121639775,2.0313999999999997,-0.28295285227423983,-0.2708769957428717,-0.3684368553275148,-0.4159032291117728,-0.3463633010006726,2.3,-0.9256800580101373,-0.8946256317543001,-0.8300206257476096
t2_emir_akisi_a1_spotvad_5m_n72_k3.0_h12,futures,5m,"{""L"": 2000, ""hold"": 12, ""k"": 3.0, ""kind"": ""spot_vadeli"", ""mode"": ""devam"", ""n"": 72}",-0.21884645203194486,-0.6452669029710222,-0.3045093436194445,830,-0.039542128935584724,-0.006274889823442467,-1.2201376842503178,0.04451552332299459,5.619594196983605,-8.49374113269569,14.113335329679296,0.3783132530120482,29.23012048192771,0.15569487709151775,0.38733333333333325,0.00263402286586234,0.04809576397065651,-0.09591827328977498,-0.10357286589970349,-0.0827867474332159,2.1,-0.40653370565123503,-0.1726334282539872,-0.09679357647375841
t2_emir_akisi_a1_spotvad_5m_n288_k2.0_h12,futures,5m,"{""L"": 2000, ""hold"": 12, ""k"": 2.0, ""kind"": ""spot_vadeli"", ""mode"": ""devam"", ""n"": 288}",-0.7251941654366658,-1.4586910469238812,-0.7773843611677986,2364,-0.20864562229496594,-0.030750842014844678,-2.812947737159997,0.2760863285288573,-1.9372344185656247,-16.19420359145065,14.256969172885025,0.4263959390862944,68.91751269035532,-0.0658458217654338,1.1031999999999997,-0.14720340887507122,-0.396376406801774,-0.13979458663335487,-0.1583132640521533,-0.2626704613764147,2.0,-0.8629933533517429,-0.8787158980814771,-0.29733298139527464
t2_emir_akisi_a1_spotvad_5m_n288_k3.0_h12,futures,5m,"{""L"": 2000, ""hold"": 12, ""k"": 3.0, ""kind"": ""spot_vadeli"", ""mode"": ""devam"", ""n"": 288}",-0.2926775460442653,-0.9151231457525537,-0.31875560439902784,498,-0.05727754999956111,-0.007997142696002928,-1.7657367373989947,0.04303312959922155,-5.88692053018497,-19.817035887107394,13.930115356922425,0.39759036144578314,46.13253012048193,-0.10349882170583624,0.2324,-0.13429637285950924,-0.036695845111371916,-0.11956693513491656,-0.01895487967553089,-0.018027222790906627,2.0,-0.43673191825842683,-0.36766648039430117,-0.0718105398431872
t2_emir_akisi_a1_spotvad_5m_n1_k2.0_h48,futures,5m,"{""L"": 2000, ""hold"": 48, ""k"": 2.0, ""kind"": ""spot_vadeli"", ""mode"": ""devam"", ""n"": 1}",-0.9999999950580327,-8.640998914125145,-0.9999999951172905,36752,-3.6933190434592515,-0.012348927262423152,-19.204389726533012,0.959665587179955,-1.3099648342900319,-15.312303904628003,14.002339070337971,0.348715716151502,32.84199499346974,-1.4419888149866251,17.150233333333333,-0.8699458376121482,-0.9952363173529885,-0.9645661611614927,-0.9847049850261848,-0.9852814618937116,5.0,-0.999999993628392,-0.9999999979333665,-0.9999999995813751
t2_emir_akisi_a1_spotvad_5m_n1_k3.0_h48,futures,5m,"{""L"": 2000, ""hold"": 48, ""k"": 3.0, ""kind"": ""spot_vadeli"", ""mode"": ""devam"", ""n"": 1}",-0.9074169634303332,-2.27795754838523,-0.9098640179314608,6124,-0.45362861534175924,-0.0013891586208087622,-5.0630581070624086,0.417206410022502,2.7028775200529425,-11.324127998249256,14.0270055183022,0.4136185499673416,47.49281515349445,0.5956797445259416,2.8571666666666666,-0.2406119268633602,-0.3511617549354995,-0.30607792462636674,-0.4272143284154767,-0.5272534601094379,2.4,-0.9336269559393218,-0.9667156094565121,-0.8137436949908795
t2_emir_akisi_a1_spotvad_5m_n12_k2.0_h48,futures,5m,"{""L"": 2000, ""hold"": 48, ""k"": 2.0, ""kind"": ""spot_vadeli"", ""mode"": ""devam"", ""n"": 12}",-0.9989927823127586,-4.443605428846322,-0.9990100776844796,12028,-1.3360612886801408,0.004402088738229475,-9.949478011845962,0.7593504834884145,-2.7428178323988046,-16.762031897920526,14.019214065521721,0.4065513801130695,55.16237113402062,-1.0173411350588775,5.612599999999999,-0.6945961025880871,-0.7359491915828188,-0.7267944343547209,-0.7752739194450335,-0.79656847843832,3.1,-0.9992427430799644,-0.9997623673408652,-0.998784840888368
t2_emir_akisi_a1_spotvad_5m_n12_k3.0_h48,futures,5m,"{""L"": 2000, ""hold"": 48, ""k"": 3.0, ""kind"": ""spot_vadeli"", ""mode"": ""devam"", ""n"": 12}",-0.7848787400559869,-2.1097603292753946,-0.8155760474824619,2724,-0.2984915383864718,0.0012884406269980703,-4.729243908455414,0.2366698595146871,-2.3385334871013583,-16.35774114041363,14.019207653312272,0.4104258443465492,52.80653450807636,-0.2165149558191745,1.2709666666666666,-0.17531845919295874,-0.3138329924708281,-0.23081254139504792,-0.3156099958839359,-0.27784341715237804,2.8,-0.7845393616167426,-0.8084359999608306,-0.8177163325569439
t2_emir_akisi_a1_spotvad_5m_n72_k2.0_h48,futures,5m,"{""L"": 2000, ""hold"": 48, ""k"": 2.0, ""kind"": ""spot_vadeli"", ""mode"": ""devam"", ""n"": 72}",-0.8836496994254548,-1.8190793400928948,-0.9126763098089186,3579,-0.3930143330719523,-0.010371558432351184,-3.940612594348746,0.43380921972875996,-2.8563935784955063,-17.12176075371905,14.265367175223547,0.4224643755238894,80.2771723945236,-0.3146340653115297,1.6701999999999997,-0.29458712981787305,-0.339790111578675,-0.4691743648936886,-0.369612587541412,-0.2534091120807258,2.5,-0.9458147274881442,-0.9752607079950564,-0.4419440288405684
t2_emir_akisi_a1_spotvad_5m_n72_k3.0_h48,futures,5m,"{""L"": 2000, ""hold"": 48, ""k"": 3.0, ""kind"": ""spot_vadeli"", ""mode"": ""devam"", ""n"": 72}",-0.300315446702213,-0.6605892374315748,-0.3791449073987031,755,-0.05497569415309332,-0.009922636307575203,-1.2240767435025326,0.09252037341117801,0.5778121692639695,-13.701915839757506,14.279728009021476,0.42649006622516555,68.97880794701987,0.028126757171875842,0.35233333333333333,-0.05250554598695811,0.04281468958165369,-0.11223793240360558,-0.14359721971816364,-0.06858373757388758,1.8,-0.46734898624711907,-0.3047155139030949,-0.20536752827295268
t2_emir_akisi_a1_spotvad_5m_n288_k2.0_h48,futures,5m,"{""L"": 2000, ""hold"": 48, ""k"": 2.0, ""kind"": ""spot_vadeli"", ""mode"": ""devam"", ""n"": 288}",-0.7166030889435431,-1.0889817694593413,-0.7718529900882105,1669,-0.20878954883636683,-0.01789289722333725,-2.216232782006142,0.3732572371221797,-7.779818200644944,-22.21776192986381,14.437943729218865,0.4343918514080288,138.5745955662073,-0.31042273760024436,0.7786333333333333,-0.19011519561373225,-0.475006690057459,0.0021574850691383762,-0.2030954118630739,-0.1654049765390645,2.3,-0.7855781596871356,-0.8274197123719453,-0.7132801980043169
t2_emir_akisi_a1_spotvad_5m_n288_k3.0_h48,futures,5m,"{""L"": 2000, ""hold"": 48, ""k"": 3.0, ""kind"": ""spot_vadeli"", ""mode"": ""devam"", ""n"": 288}",-0.37594071647971083,-0.9792076581604218,-0.4336012231319417,398,-0.0831174724551858,-0.0058795447413314,-2.0224830893829155,0.07114159520768716,-19.351053961883686,-33.84434110952856,14.493287147644871,0.41457286432160806,96.74371859296483,-0.25939467981132475,0.1857333333333333,-0.1913014975198225,0.004960031255141661,-0.22352837710484674,-0.015173963131111412,0.004165529808531465,1.8,-0.5217233694291415,-0.4728159778259403,-0.1415628599482105
t2_emir_akisi_a1_spotvad_5m_n1_k2.0_h288,futures,5m,"{""L"": 2000, ""hold"": 288, ""k"": 2.0, ""kind"": ""spot_vadeli"", ""mode"": ""devam"", ""n"": 1}",-0.9999999859576517,-6.784546726465564,-0.9999999862057959,33120,-3.408501443928866,-0.046319086471568356,-14.93935793138345,0.996170482880253,-2.05004514557794,-16.073787214640156,14.023742069062218,0.34405193236714976,44.85954106280193,-1.7954838200121277,15.455299999999998,-0.8908590904049296,-0.9957175387983432,-0.9611088752747675,-0.9635244397368626,-0.978820960539829,4.3,-0.9999999913022757,-0.9999999932561398,-0.9999999995563815
t2_emir_akisi_a1_spotvad_5m_n1_k3.0_h288,futures,5m,"{""L"": 2000, ""hold"": 288, ""k"": 3.0, ""kind"": ""spot_vadeli"", ""mode"": ""devam"", ""n"": 1}",-0.9433306101000032,-1.3136613126716798,-0.947628789443145,4367,-0.5097865723135013,0.008686159161119233,-2.989052240159925,0.8941437845891869,-3.5493248509400734,-17.57401588166209,14.024691030722014,0.41905198076482714,220.7829173345546,-0.3734804720323349,2.037233333333333,-0.3514862095759258,-0.5560470668319675,-0.4067056391549765,-0.28955812114167856,-0.5330250146788362,2.8,-0.9543992320821441,-0.9916135414956054,-0.9589764933644062
t2_emir_akisi_a1_spotvad_5m_n12_k2.0_h288,futures,5m,"{""L"": 2000, ""hold"": 288, ""k"": 2.0, ""kind"": ""spot_vadeli"", ""mode"": ""devam"", ""n"": 12}",-0.9982955948335221,-2.3183942610307158,-0.9984422079985433,7998,-1.1255882655496119,-0.018419933087010506,-5.077784988775632,0.9922782491029617,-7.680928316141528,-21.84876615768153,14.167837841540004,0.415103775943986,173.73230807701927,-1.8977032170776575,3.7316999999999996,-0.7258795097325279,-0.7454875049675969,-0.7694162532006013,-0.6032484460645666,-0.7329608693968077,2.6,-0.9986414480497656,-0.9998969809349523,-0.9993320440381425
t2_emir_akisi_a1_spotvad_5m_n12_k3.0_h288,futures,5m,"{""L"": 2000, ""hold"": 288, ""k"": 3.0, ""kind"": ""spot_vadeli"", ""mode"": ""devam"", ""n"": 12}",-0.7133430048260877,-0.7337386948986012,-0.7706480111638817,2126,-0.20021235041659374,-0.007693836989988434,-1.5676801981710033,0.7259491120841696,-0.9277718659216139,-14.895605846931549,13.967833981009933,0.44402634054562556,283.6589840075259,-0.026119676354317056,0.9916666666666667,-0.21572382840237603,-0.07821882029114668,-0.366882176644896,-0.21916654922556766,-0.19791067340340152,2.1,-0.6765381711986315,-0.7192592056061173,-0.936643116075249
t2_emir_akisi_a1_spotvad_5m_n72_k2.0_h288,futures,5m,"{""L"": 2000, ""hold"": 288, ""k"": 2.0, ""kind"": ""spot_vadeli"", ""mode"": ""devam"", ""n"": 72}",-0.7201121001427375,-0.47724634908823504,-0.8391281293596342,2579,-0.15311596571453095,-0.025066223808956945,-0.8971235190791363,0.892051328832938,3.8201530804404626,-11.191654816882016,15.011807897322479,0.4540519581233036,334.80457541682824,0.4204185894861575,1.2033,-0.446134473927572,-0.37820162925372114,0.056015576771720754,-0.40577403595633366,0.29511478407665725,2.2,-0.8770990228112682,-0.8784287404950561,-0.8529077320249332
t2_emir_akisi_a1_spotvad_5m_n72_k3.0_h288,futures,5m,"{""L"": 2000, ""hold"": 288, ""k"": 3.0, ""kind"": ""spot_vadeli"", ""mode"": ""devam"", ""n"": 72}",-0.5124939720920663,-0.678467270254547,-0.5661614290407645,700,-0.10404853608243529,-0.019269796466358166,-1.2519931124688652,0.34173356443471387,-13.869684801776842,-28.488981574499043,14.6192967727222,0.43142857142857144,313.69428571428574,-0.2823537916484606,0.3264333333333333,-0.23690378419309133,-0.02724703561277808,-0.1735890885506287,-0.19947759218117445,-0.007275839969083542,2.3,-0.6570672596513052,-0.8210267013470924,0.060734436706085804
t2_emir_akisi_a1_spotvad_5m_n288_k2.0_h288,futures,5m,"{""L"": 2000, ""hold"": 288, ""k"": 2.0, ""kind"": ""spot_vadeli"", ""mode"": ""devam"", ""n"": 288}",-0.8022260016873506,-0.8860641411881535,-0.8407916262832846,1291,-0.23313879768931345,-0.036643670243212106,-1.6814257925686882,0.7126208721036307,-19.690301951339627,-34.5011588051423,14.810856853802674,0.4608830364058869,421.3942680092951,-0.6716089489028608,0.6022333333333333,-0.38308823149485205,-0.41705236359940734,-0.043840604738155875,-0.2556011747369711,-0.22735390002233147,2.0,-0.5945192407863937,-0.9449371588942658,-0.9365147945151192
t2_emir_akisi_a1_spotvad_5m_n288_k3.0_h288,futures,5m,"{""L"": 2000, ""hold"": 288, ""k"": 3.0, ""kind"": ""spot_vadeli"", ""mode"": ""devam"", ""n"": 288}",-0.42350568587712,-0.5566259625349365,-0.4808862762583823,353,-0.07029891602390309,-0.021597419135242584,-0.9222521666855672,0.2182406647205498,-26.00836551285994,-40.78627918018704,14.777913667327102,0.43626062322946174,355.1416430594901,-0.30589873005258034,0.16473333333333331,-0.33017588078734783,0.1758236912428186,-0.23052735774360544,0.0056195683814903585,-0.05405662286396229,2.3,-0.43982237702881744,-0.7028120656856023,-0.22625829376656725
