open_time,trend_ens_vadeli_port3_4h_alim,trend_ens_vadeli_port3_4h_ls_vt,rotasyon_vadeli_uzunkisa_karma28,rotasyon_vadeli_uzunkisa_L21_volesit,rotasyon_oran_SOLBTC_n50_yukari,od_dip_ens4_fut_port3_1h,od_dip_ret4h_fut_port3_1h,kirilim_kanal4h_vadeli_iki,kirilim_kanal4h_vadeli_uzun,fonlama_negatif_uzun_sepet3,tom_1d_fut_PORT3_a4_b5,tom_1d_fut_PORT2_a4_b5,tomk_1d_fut_PORT3_a2-5_b2-5,ml_1h_fu_PORT3_hgb_clf_H6_k3.0_ortusen_iki_temel_egspot,ml_1h_fu_PORT3_hgb_reg_H4_k3.0_ortusen_uzun_temel_egspot,formasyon_ucgen_kama_4h_trend_uzun,formasyon_ucgen_kama_4h_hacim_iki,formasyon_hepsi_4h_trend_10bar_uzun,formasyon_hepsi_1d_olcek234_iki
2017-08-17 00:00:00+00:00,,,,,,,,,,,,,,0.0,0.0,,,,
2017-08-18 00:00:00+00:00,,,,,,,,,,,,,,0.0,0.0,,,,
2017-08-19 00:00:00+00:00,,,,,,,,,,,,,,0.0,0.0,,,,
2017-08-20 00:00:00+00:00,,,,,,,,,,,,,,0.0,0.0,,,,
2017-08-21 00:00:00+00:00,,,,,,,,,,,,,,0.0,0.0,,,,
2017-08-22 00:00:00+00:00,,,,,,,,,,,,,,0.0,0.0,,,,
2017-08-23 00:00:00+00:00,,,,,,,,,,,,,,0.0,0.0,,,,
2017-08-24 00:00:00+00:00,,,,,,,,,,,,,,0.0,0.0,,,,
2017-08-25 00:00:00+00:00,,,,,,,,,,,,,,0.0,0.0,,,,
2017-08-26 00:00:00+00:00,,,,,,,,,,,,,,0.0,0.0,,,,
2017-08-27 00:00:00+00:00,,,,,,,,,,,,,,0.0,0.0,,,,
2017-08-28 00:00:00+00:00,,,,,,,,,,,,,,0.0,0.0,,,,
2017-08-29 00:00:00+00:00,,,,,,,,,,,,,,0.0,0.0,,,,
2017-08-30 00:00:00+00:00,,,,,,,,,,,,,,0.0,0.0,,,,
2017-08-31 00:00:00+00:00,,,,,,,,,,,,,,0.0,0.0,,,,
2017-09-01 00:00:00+00:00,,,,,,,,,,,,,,0.0,0.0,,,,
2017-09-02 00:00:00+00:00,,,,,,,,,,,,,,0.0,0.0,,,,
2017-09-03 00:00:00+00:00,,,,,,,,,,,,,,0.0,0.0,,,,
2017-09-04 00:00:00+00:00,,,,,,,,,,,,,,0.0,0.0,,,,
2017-09-05 00:00:00+00:00,,,,,,,,,,,,,,0.0,0.0,,,,
2017-09-06 00:00:00+00:00,,,,,,,,,,,,,,0.0,0.0,,,,
2017-09-07 00:00:00+00:00,,,,,,,,,,,,,,0.0,0.0,,,,
2017-09-08 00:00:00+00:00,,,,,,,,,,,,,,0.0,0.0,,,,
2017-09-09 00:00:00+00:00,,,,,,,,,,,,,,0.0,0.0,,,,
2017-09-10 00:00:00+00:00,,,,,,,,,,,,,,0.0,0.0,,,,
2017-09-11 00:00:00+00:00,,,,,,,,,,,,,,0.0,0.0,,,,
2017-09-12 00:00:00+00:00,,,,,,,,,,,,,,0.0,0.0,,,,
2017-09-13 00:00:00+00:00,,,,,,,,,,,,,,0.0,0.0,,,,
2017-09-14 00:00:00+00:00,,,,,,,,,,,,,,0.0,0.0,,,,
2017-09-15 00:00:00+00:00,,,,,,,,,,,,,,0.0,0.0,,,,
2017-09-16 00:00:00+00:00,,,,,,,,,,,,,,0.0,0.0,,,,
2017-09-17 00:00:00+00:00,,,,,,,,,,,,,,0.0,0.0,,,,
2017-09-18 00:00:00+00:00,,,,,,,,,,,,,,0.0,0.0,,,,
2017-09-19 00:00:00+00:00,,,,,,,,,,,,,,0.0,0.0,,,,
2017-09-20 00:00:00+00:00,,,,,,,,,,,,,,0.0,0.0,,,,
2017-09-21 00:00:00+00:00,,,,,,,,,,,,,,0.0,0.0,,,,
2017-09-22 00:00:00+00:00,,,,,,,,,,,,,,0.0,0.0,,,,
2017-09-23 00:00:00+00:00,,,,,,,,,,,,,,0.0,0.0,,,,
2017-09-24 00:00:00+00:00,,,,,,,,,,,,,,0.0,0.0,,,,
2017-09-25 00:00:00+00:00,,,,,,,,,,,,,,0.0,0.0,,,,
2017-09-26 00:00:00+00:00,,,,,,,,,,,,,,0.0,0.0,,,,
2017-09-27 00:00:00+00:00,,,,,,,,,,,,,,0.0,0.0,,,,
2017-09-28 00:00:00+00:00,,,,,,,,,,,,,,0.0,0.0,,,,
2017-09-29 00:00:00+00:00,,,,,,,,,,,,,,0.0,0.0,,,,
2017-09-30 00:00:00+00:00,,,,,,,,,,,,,,0.0,0.0,,,,
2017-10-01 00:00:00+00:00,,,,,,,,,,,,,,0.0,0.0,,,,
2017-10-02 00:00:00+00:00,,,,,,,,,,,,,,0.0,0.0,,,,
2017-10-03 00:00:00+00:00,,,,,,,,,,,,,,0.0,0.0,,,,
2017-10-04 00:00:00+00:00,,,,,,,,,,,,,,0.0,0.0,,,,
2017-10-05 00:00:00+00:00,,,,,,,,,,,,,,0.0,0.0,,,,
2017-10-06 00:00:00+00:00,,,,,,,,,,,,,,0.0,0.0,,,,
2017-10-07 00:00:00+00:00,,,,,,,,,,,,,,0.0,0.0,,,,
2017-10-08 00:00:00+00:00,,,,,,,,,,,,,,0.0,0.0,,,,
2017-10-09 00:00:00+00:00,,,,,,,,,,,,,,0.0,0.0,,,,
2017-10-10 00:00:00+00:00,,,,,,,,,,,,,,0.0,0.0,,,,
2017-10-11 00:00:00+00:00,,,,,,,,,,,,,,0.0,0.0,,,,
2017-10-12 00:00:00+00:00,,,,,,,,,,,,,,0.0,0.0,,,,
2017-10-13 00:00:00+00:00,,,,,,,,,,,,,,0.0,0.0,,,,
2017-10-14 00:00:00+00:00,,,,,,,,,,,,,,0.0,0.0,,,,
2017-10-15 00:00:00+00:00,,,,,,,,,,,,,,0.0,0.0,,,,
2017-10-16 00:00:00+00:00,,,,,,,,,,,,,,0.0,0.0,,,,
2017-10-17 00:00:00+00:00,,,,,,,,,,,,,,0.0,0.0,,,,
2017-10-18 00:00:00+00:00,,,,,,,,,,,,,,0.0,0.0,,,,
2017-10-19 00:00:00+00:00,,,,,,,,,,,,,,0.0,0.0,,,,
2017-10-20 00:00:00+00:00,,,,,,,,,,,,,,0.0,0.0,,,,
2017-10-21 00:00:00+00:00,,,,,,,,,,,,,,0.0,0.0,,,,
2017-10-22 00:00:00+00:00,,,,,,,,,,,,,,0.0,0.0,,,,
2017-10-23 00:00:00+00:00,,,,,,,,,,,,,,0.0,0.0,,,,
2017-10-24 00:00:00+00:00,,,,,,,,,,,,,,0.0,0.0,,,,
2017-10-25 00:00:00+00:00,,,,,,,,,,,,,,0.0,0.0,,,,
2017-10-26 00:00:00+00:00,,,,,,,,,,,,,,0.0,0.0,,,,
2017-10-27 00:00:00+00:00,,,,,,,,,,,,,,0.0,0.0,,,,
2017-10-28 00:00:00+00:00,,,,,,,,,,,,,,0.0,0.0,,,,
2017-10-29 00:00:00+00:00,,,,,,,,,,,,,,0.0,0.0,,,,
2017-10-30 00:00:00+00:00,,,,,,,,,,,,,,0.0,0.0,,,,
2017-10-31 00:00:00+00:00,,,,,,,,,,,,,,0.0,0.0,,,,
2017-11-01 00:00:00+00:00,,,,,,,,,,,,,,0.0,0.0,,,,
2017-11-02 00:00:00+00:00,,,,,,,,,,,,,,0.0,0.0,,,,
2017-11-03 00:00:00+00:00,,,,,,,,,,,,,,0.0,0.0,,,,
2017-11-04 00:00:00+00:00,,,,,,,,,,,,,,0.0,0.0,,,,
2017-11-05 00:00:00+00:00,,,,,,,,,,,,,,0.0,0.0,,,,
2017-11-06 00:00:00+00:00,,,,,,,,,,,,,,0.0,0.0,,,,
2017-11-07 00:00:00+00:00,,,,,,,,,,,,,,0.0,0.0,,,,
2017-11-08 00:00:00+00:00,,,,,,,,,,,,,,0.0,0.0,,,,
2017-11-09 00:00:00+00:00,,,,,,,,,,,,,,0.0,0.0,,,,
2017-11-10 00:00:00+00:00,,,,,,,,,,,,,,0.0,0.0,,,,
2017-11-11 00:00:00+00:00,,,,,,,,,,,,,,0.0,0.0,,,,
2017-11-12 00:00:00+00:00,,,,,,,,,,,,,,0.0,0.0,,,,
2017-11-13 00:00:00+00:00,,,,,,,,,,,,,,0.0,0.0,,,,
2017-11-14 00:00:00+00:00,,,,,,,,,,,,,,0.0,0.0,,,,
2017-11-15 00:00:00+00:00,,,,,,,,,,,,,,0.0,0.0,,,,
2017-11-16 00:00:00+00:00,,,,,,,,,,,,,,0.0,0.0,,,,
2017-11-17 00:00:00+00:00,,,,,,,,,,,,,,0.0,0.0,,,,
2017-11-18 00:00:00+00:00,,,,,,,,,,,,,,0.0,0.0,,,,
2017-11-19 00:00:00+00:00,,,,,,,,,,,,,,0.0,0.0,,,,
2017-11-20 00:00:00+00:00,,,,,,,,,,,,,,0.0,0.0,,,,
2017-11-21 00:00:00+00:00,,,,,,,,,,,,,,0.0,0.0,,,,
2017-11-22 00:00:00+00:00,,,,,,,,,,,,,,0.0,0.0,,,,
2017-11-23 00:00:00+00:00,,,,,,,,,,,,,,0.0,0.0,,,,
2017-11-24 00:00:00+00:00,,,,,,,,,,,,,,0.0,0.0,,,,
2017-11-25 00:00:00+00:00,,,,,,,,,,,,,,0.0,0.0,,,,
2017-11-26 00:00:00+00:00,,,,,,,,,,,,,,0.0,0.0,,,,
2017-11-27 00:00:00+00:00,,,,,,,,,,,,,,0.0,0.0,,,,
2017-11-28 00:00:00+00:00,,,,,,,,,,,,,,0.0,0.0,,,,
2017-11-29 00:00:00+00:00,,,,,,,,,,,,,,0.0,0.0,,,,
2017-11-30 00:00:00+00:00,,,,,,,,,,,,,,0.0,0.0,,,,
2017-12-01 00:00:00+00:00,,,,,,,,,,,,,,0.0,0.0,,,,
2017-12-02 00:00:00+00:00,,,,,,,,,,,,,,0.0,0.0,,,,
2017-12-03 00:00:00+00:00,,,,,,,,,,,,,,0.0,0.0,,,,
2017-12-04 00:00:00+00:00,,,,,,,,,,,,,,0.0,0.0,,,,
2017-12-05 00:00:00+00:00,,,,,,,,,,,,,,0.0,0.0,,,,
2017-12-06 00:00:00+00:00,,,,,,,,,,,,,,0.0,0.0,,,,
2017-12-07 00:00:00+00:00,,,,,,,,,,,,,,0.0,0.0,,,,
2017-12-08 00:00:00+00:00,,,,,,,,,,,,,,0.0,0.0,,,,
2017-12-09 00:00:00+00:00,,,,,,,,,,,,,,0.0,0.0,,,,
2017-12-10 00:00:00+00:00,,,,,,,,,,,,,,0.0,0.0,,,,
2017-12-11 00:00:00+00:00,,,,,,,,,,,,,,0.0,0.0,,,,
2017-12-12 00:00:00+00:00,,,,,,,,,,,,,,0.0,0.0,,,,
2017-12-13 00:00:00+00:00,,,,,,,,,,,,,,0.0,0.0,,,,
2017-12-14 00:00:00+00:00,,,,,,,,,,,,,,0.0,0.0,,,,
2017-12-15 00:00:00+00:00,,,,,,,,,,,,,,0.0,0.0,,,,
2017-12-16 00:00:00+00:00,,,,,,,,,,,,,,0.0,0.0,,,,
2017-12-17 00:00:00+00:00,,,,,,,,,,,,,,0.0,0.0,,,,
2017-12-18 00:00:00+00:00,,,,,,,,,,,,,,0.0,0.0,,,,
2017-12-19 00:00:00+00:00,,,,,,,,,,,,,,0.0,0.0,,,,
2017-12-20 00:00:00+00:00,,,,,,,,,,,,,,0.0,0.0,,,,
2017-12-21 00:00:00+00:00,,,,,,,,,,,,,,0.0,0.0,,,,
2017-12-22 00:00:00+00:00,,,,,,,,,,,,,,0.0,0.0,,,,
2017-12-23 00:00:00+00:00,,,,,,,,,,,,,,0.0,0.0,,,,
2017-12-24 00:00:00+00:00,,,,,,,,,,,,,,0.0,0.0,,,,
2017-12-25 00:00:00+00:00,,,,,,,,,,,,,,0.0,0.0,,,,
2017-12-26 00:00:00+00:00,,,,,,,,,,,,,,0.0,0.0,,,,
2017-12-27 00:00:00+00:00,,,,,,,,,,,,,,0.0,0.0,,,,
2017-12-28 00:00:00+00:00,,,,,,,,,,,,,,0.0,0.0,,,,
2017-12-29 00:00:00+00:00,,,,,,,,,,,,,,0.0,0.0,,,,
2017-12-30 00:00:00+00:00,,,,,,,,,,,,,,0.0,0.0,,,,
2017-12-31 00:00:00+00:00,,,,,,,,,,,,,,0.0,0.0,,,,
2018-01-01 00:00:00+00:00,,,,,,,,,,,,,,0.0,0.0,,,,
2018-01-02 00:00:00+00:00,,,,,,,,,,,,,,0.0,0.0,,,,
2018-01-03 00:00:00+00:00,,,,,,,,,,,,,,0.0,0.0,,,,
2018-01-04 00:00:00+00:00,,,,,,,,,,,,,,0.0,0.0,,,,
2018-01-05 00:00:00+00:00,,,,,,,,,,,,,,0.0,0.0,,,,
2018-01-06 00:00:00+00:00,,,,,,,,,,,,,,0.0,0.0,,,,
2018-01-07 00:00:00+00:00,,,,,,,,,,,,,,0.0,0.0,,,,
2018-01-08 00:00:00+00:00,,,,,,,,,,,,,,0.0,0.0,,,,
2018-01-09 00:00:00+00:00,,,,,,,,,,,,,,0.0,0.0,,,,
2018-01-10 00:00:00+00:00,,,,,,,,,,,,,,0.0,0.0,,,,
2018-01-11 00:00:00+00:00,,,,,,,,,,,,,,0.0,0.0,,,,
2018-01-12 00:00:00+00:00,,,,,,,,,,,,,,0.0,0.0,,,,
2018-01-13 00:00:00+00:00,,,,,,,,,,,,,,0.0,0.0,,,,
2018-01-14 00:00:00+00:00,,,,,,,,,,,,,,0.0,0.0,,,,
2018-01-15 00:00:00+00:00,,,,,,,,,,,,,,0.0,0.0,,,,
2018-01-16 00:00:00+00:00,,,,,,,,,,,,,,0.0,0.0,,,,
2018-01-17 00:00:00+00:00,,,,,,,,,,,,,,0.0,0.0,,,,
2018-01-18 00:00:00+00:00,,,,,,,,,,,,,,0.0,0.0,,,,
2018-01-19 00:00:00+00:00,,,,,,,,,,,,,,0.0,0.0,,,,
2018-01-20 00:00:00+00:00,,,,,,,,,,,,,,0.0,0.0,,,,
2018-01-21 00:00:00+00:00,,,,,,,,,,,,,,0.0,0.0,,,,
2018-01-22 00:00:00+00:00,,,,,,,,,,,,,,0.0,0.0,,,,
2018-01-23 00:00:00+00:00,,,,,,,,,,,,,,0.0,0.0,,,,
2018-01-24 00:00:00+00:00,,,,,,,,,,,,,,0.0,0.0,,,,
2018-01-25 00:00:00+00:00,,,,,,,,,,,,,,0.0,0.0,,,,
2018-01-26 00:00:00+00:00,,,,,,,,,,,,,,0.0,0.0,,,,
2018-01-27 00:00:00+00:00,,,,,,,,,,,,,,0.0,0.0,,,,
2018-01-28 00:00:00+00:00,,,,,,,,,,,,,,0.0,0.0,,,,
2018-01-29 00:00:00+00:00,,,,,,,,,,,,,,0.0,0.0,,,,
2018-01-30 00:00:00+00:00,,,,,,,,,,,,,,0.0,0.0,,,,
2018-01-31 00:00:00+00:00,,,,,,,,,,,,,,0.0,0.0,,,,
2018-02-01 00:00:00+00:00,,,,,,,,,,,,,,0.0,0.0,,,,
2018-02-02 00:00:00+00:00,,,,,,,,,,,,,,0.0,0.0,,,,
2018-02-03 00:00:00+00:00,,,,,,,,,,,,,,0.0,0.0,,,,
2018-02-04 00:00:00+00:00,,,,,,,,,,,,,,0.0,0.0,,,,
2018-02-05 00:00:00+00:00,,,,,,,,,,,,,,0.0,0.0,,,,
2018-02-06 00:00:00+00:00,,,,,,,,,,,,,,0.0,0.0,,,,
2018-02-07 00:00:00+00:00,,,,,,,,,,,,,,0.0,0.0,,,,
2018-02-08 00:00:00+00:00,,,,,,,,,,,,,,0.0,0.0,,,,
2018-02-09 00:00:00+00:00,,,,,,,,,,,,,,0.0,0.0,,,,
2018-02-10 00:00:00+00:00,,,,,,,,,,,,,,0.0,0.0,,,,
2018-02-11 00:00:00+00:00,,,,,,,,,,,,,,0.0,0.0,,,,
2018-02-12 00:00:00+00:00,,,,,,,,,,,,,,0.0,0.0,,,,
2018-02-13 00:00:00+00:00,,,,,,,,,,,,,,0.0,0.0,,,,
2018-02-14 00:00:00+00:00,,,,,,,,,,,,,,0.0,0.0,,,,
2018-02-15 00:00:00+00:00,,,,,,,,,,,,,,0.0,0.0,,,,
2018-02-16 00:00:00+00:00,,,,,,,,,,,,,,0.0,0.0,,,,
2018-02-17 00:00:00+00:00,,,,,,,,,,,,,,0.0,0.0,,,,
2018-02-18 00:00:00+00:00,,,,,,,,,,,,,,0.0,0.0,,,,
2018-02-19 00:00:00+00:00,,,,,,,,,,,,,,0.0,0.0,,,,
2018-02-20 00:00:00+00:00,,,,,,,,,,,,,,0.0,0.0,,,,
2018-02-21 00:00:00+00:00,,,,,,,,,,,,,,0.0,0.0,,,,
2018-02-22 00:00:00+00:00,,,,,,,,,,,,,,0.0,0.0,,,,
2018-02-23 00:00:00+00:00,,,,,,,,,,,,,,0.0,0.0,,,,
2018-02-24 00:00:00+00:00,,,,,,,,,,,,,,0.0,0.0,,,,
2018-02-25 00:00:00+00:00,,,,,,,,,,,,,,0.0,0.0,,,,
2018-02-26 00:00:00+00:00,,,,,,,,,,,,,,0.0,0.0,,,,
2018-02-27 00:00:00+00:00,,,,,,,,,,,,,,0.0,0.0,,,,
2018-02-28 00:00:00+00:00,,,,,,,,,,,,,,0.0,0.0,,,,
2018-03-01 00:00:00+00:00,,,,,,,,,,,,,,0.0,0.0,,,,
2018-03-02 00:00:00+00:00,,,,,,,,,,,,,,0.0,0.0,,,,
2018-03-03 00:00:00+00:00,,,,,,,,,,,,,,0.0,0.0,,,,
2018-03-04 00:00:00+00:00,,,,,,,,,,,,,,0.0,0.0,,,,
2018-03-05 00:00:00+00:00,,,,,,,,,,,,,,0.0,0.0,,,,
2018-03-06 00:00:00+00:00,,,,,,,,,,,,,,0.0,0.0,,,,
2018-03-07 00:00:00+00:00,,,,,,,,,,,,,,0.0,0.0,,,,
2018-03-08 00:00:00+00:00,,,,,,,,,,,,,,0.0,0.0,,,,
2018-03-09 00:00:00+00:00,,,,,,,,,,,,,,0.0,0.0,,,,
2018-03-10 00:00:00+00:00,,,,,,,,,,,,,,0.0,0.0,,,,
2018-03-11 00:00:00+00:00,,,,,,,,,,,,,,0.0,0.0,,,,
2018-03-12 00:00:00+00:00,,,,,,,,,,,,,,0.0,0.0,,,,
2018-03-13 00:00:00+00:00,,,,,,,,,,,,,,0.0,0.0,,,,
2018-03-14 00:00:00+00:00,,,,,,,,,,,,,,0.0,0.0,,,,
2018-03-15 00:00:00+00:00,,,,,,,,,,,,,,0.0,0.0,,,,
2018-03-16 00:00:00+00:00,,,,,,,,,,,,,,0.0,0.0,,,,
2018-03-17 00:00:00+00:00,,,,,,,,,,,,,,0.0,0.0,,,,
2018-03-18 00:00:00+00:00,,,,,,,,,,,,,,0.0,0.0,,,,
2018-03-19 00:00:00+00:00,,,,,,,,,,,,,,0.0,0.0,,,,
2018-03-20 00:00:00+00:00,,,,,,,,,,,,,,0.0,0.0,,,,
2018-03-21 00:00:00+00:00,,,,,,,,,,,,,,0.0,0.0,,,,
2018-03-22 00:00:00+00:00,,,,,,,,,,,,,,0.0,0.0,,,,
2018-03-23 00:00:00+00:00,,,,,,,,,,,,,,0.0,0.0,,,,
2018-03-24 00:00:00+00:00,,,,,,,,,,,,,,0.0,0.0,,,,
2018-03-25 00:00:00+00:00,,,,,,,,,,,,,,0.0,0.0,,,,
2018-03-26 00:00:00+00:00,,,,,,,,,,,,,,0.0,0.0,,,,
2018-03-27 00:00:00+00:00,,,,,,,,,,,,,,0.0,0.0,,,,
2018-03-28 00:00:00+00:00,,,,,,,,,,,,,,0.0,0.0,,,,
2018-03-29 00:00:00+00:00,,,,,,,,,,,,,,0.0,0.0,,,,
2018-03-30 00:00:00+00:00,,,,,,,,,,,,,,0.0,0.0,,,,
2018-03-31 00:00:00+00:00,,,,,,,,,,,,,,0.0,0.0,,,,
2018-04-01 00:00:00+00:00,,,,,,,,,,,,,,0.0,0.0,,,,
2018-04-02 00:00:00+00:00,,,,,,,,,,,,,,0.0,0.0,,,,
2018-04-03 00:00:00+00:00,,,,,,,,,,,,,,0.0,0.0,,,,
2018-04-04 00:00:00+00:00,,,,,,,,,,,,,,0.0,0.0,,,,
2018-04-05 00:00:00+00:00,,,,,,,,,,,,,,0.0,0.0,,,,
2018-04-06 00:00:00+00:00,,,,,,,,,,,,,,0.0,0.0,,,,
2018-04-07 00:00:00+00:00,,,,,,,,,,,,,,0.0,0.0,,,,
2018-04-08 00:00:00+00:00,,,,,,,,,,,,,,0.0,0.0,,,,
2018-04-09 00:00:00+00:00,,,,,,,,,,,,,,0.0,0.0,,,,
2018-04-10 00:00:00+00:00,,,,,,,,,,,,,,0.0,0.0,,,,
2018-04-11 00:00:00+00:00,,,,,,,,,,,,,,0.0,0.0,,,,
2018-04-12 00:00:00+00:00,,,,,,,,,,,,,,0.0,0.0,,,,
2018-04-13 00:00:00+00:00,,,,,,,,,,,,,,0.0,0.0,,,,
2018-04-14 00:00:00+00:00,,,,,,,,,,,,,,0.0,0.0,,,,
2018-04-15 00:00:00+00:00,,,,,,,,,,,,,,0.0,0.0,,,,
2018-04-16 00:00:00+00:00,,,,,,,,,,,,,,0.0,0.0,,,,
2018-04-17 00:00:00+00:00,,,,,,,,,,,,,,0.0,0.0,,,,
2018-04-18 00:00:00+00:00,,,,,,,,,,,,,,0.0,0.0,,,,
2018-04-19 00:00:00+00:00,,,,,,,,,,,,,,0.0,0.0,,,,
2018-04-20 00:00:00+00:00,,,,,,,,,,,,,,0.0,0.0,,,,
2018-04-21 00:00:00+00:00,,,,,,,,,,,,,,0.0,0.0,,,,
2018-04-22 00:00:00+00:00,,,,,,,,,,,,,,0.0,0.0,,,,
2018-04-23 00:00:00+00:00,,,,,,,,,,,,,,0.0,0.0,,,,
2018-04-24 00:00:00+00:00,,,,,,,,,,,,,,0.0,0.0,,,,
2018-04-25 00:00:00+00:00,,,,,,,,,,,,,,0.0,0.0,,,,
2018-04-26 00:00:00+00:00,,,,,,,,,,,,,,0.0,0.0,,,,
2018-04-27 00:00:00+00:00,,,,,,,,,,,,,,0.0,0.0,,,,
2018-04-28 00:00:00+00:00,,,,,,,,,,,,,,0.0,0.0,,,,
2018-04-29 00:00:00+00:00,,,,,,,,,,,,,,0.0,0.0,,,,
2018-04-30 00:00:00+00:00,,,,,,,,,,,,,,0.0,0.0,,,,
2018-05-01 00:00:00+00:00,,,,,,,,,,,,,,0.0,0.0,,,,
2018-05-02 00:00:00+00:00,,,,,,,,,,,,,,0.0,0.0,,,,
2018-05-03 00:00:00+00:00,,,,,,,,,,,,,,0.0,0.0,,,,
2018-05-04 00:00:00+00:00,,,,,,,,,,,,,,0.0,0.0,,,,
2018-05-05 00:00:00+00:00,,,,,,,,,,,,,,0.0,0.0,,,,
2018-05-06 00:00:00+00:00,,,,,,,,,,,,,,0.0,0.0,,,,
2018-05-07 00:00:00+00:00,,,,,,,,,,,,,,0.0,0.0,,,,
2018-05-08 00:00:00+00:00,,,,,,,,,,,,,,0.0,0.0,,,,
2018-05-09 00:00:00+00:00,,,,,,,,,,,,,,0.0,0.0,,,,
2018-05-10 00:00:00+00:00,,,,,,,,,,,,,,0.0,0.0,,,,
2018-05-11 00:00:00+00:00,,,,,,,,,,,,,,0.0,0.0,,,,
2018-05-12 00:00:00+00:00,,,,,,,,,,,,,,0.0,0.0,,,,
2018-05-13 00:00:00+00:00,,,,,,,,,,,,,,0.0,0.0,,,,
2018-05-14 00:00:00+00:00,,,,,,,,,,,,,,0.0,0.0,,,,
2018-05-15 00:00:00+00:00,,,,,,,,,,,,,,0.0,0.0,,,,
2018-05-16 00:00:00+00:00,,,,,,,,,,,,,,0.0,0.0,,,,
2018-05-17 00:00:00+00:00,,,,,,,,,,,,,,0.0,0.0,,,,
2018-05-18 00:00:00+00:00,,,,,,,,,,,,,,0.0,0.0,,,,
2018-05-19 00:00:00+00:00,,,,,,,,,,,,,,0.0,0.0,,,,
2018-05-20 00:00:00+00:00,,,,,,,,,,,,,,0.0,0.0,,,,
2018-05-21 00:00:00+00:00,,,,,,,,,,,,,,0.0,0.0,,,,
2018-05-22 00:00:00+00:00,,,,,,,,,,,,,,0.0,0.0,,,,
2018-05-23 00:00:00+00:00,,,,,,,,,,,,,,0.0,0.0,,,,
2018-05-24 00:00:00+00:00,,,,,,,,,,,,,,0.0,0.0,,,,
2018-05-25 00:00:00+00:00,,,,,,,,,,,,,,0.0,0.0,,,,
2018-05-26 00:00:00+00:00,,,,,,,,,,,,,,0.0,0.0,,,,
2018-05-27 00:00:00+00:00,,,,,,,,,,,,,,0.0,0.0,,,,
2018-05-28 00:00:00+00:00,,,,,,,,,,,,,,0.0,0.0,,,,
2018-05-29 00:00:00+00:00,,,,,,,,,,,,,,0.0,0.0,,,,
2018-05-30 00:00:00+00:00,,,,,,,,,,,,,,0.0,0.0,,,,
2018-05-31 00:00:00+00:00,,,,,,,,,,,,,,0.0,0.0,,,,
2018-06-01 00:00:00+00:00,,,,,,,,,,,,,,0.0,0.0,,,,
2018-06-02 00:00:00+00:00,,,,,,,,,,,,,,0.0,0.0,,,,
2018-06-03 00:00:00+00:00,,,,,,,,,,,,,,0.0,0.0,,,,
2018-06-04 00:00:00+00:00,,,,,,,,,,,,,,0.0,0.0,,,,
2018-06-05 00:00:00+00:00,,,,,,,,,,,,,,0.0,0.0,,,,
2018-06-06 00:00:00+00:00,,,,,,,,,,,,,,0.0,0.0,,,,
2018-06-07 00:00:00+00:00,,,,,,,,,,,,,,0.0,0.0,,,,
2018-06-08 00:00:00+00:00,,,,,,,,,,,,,,0.0,0.0,,,,
2018-06-09 00:00:00+00:00,,,,,,,,,,,,,,0.0,0.0,,,,
2018-06-10 00:00:00+00:00,,,,,,,,,,,,,,0.0,0.0,,,,
2018-06-11 00:00:00+00:00,,,,,,,,,,,,,,0.0,0.0,,,,
2018-06-12 00:00:00+00:00,,,,,,,,,,,,,,0.0,0.0,,,,
2018-06-13 00:00:00+00:00,,,,,,,,,,,,,,0.0,0.0,,,,
2018-06-14 00:00:00+00:00,,,,,,,,,,,,,,0.0,0.0,,,,
2018-06-15 00:00:00+00:00,,,,,,,,,,,,,,0.0,0.0,,,,
2018-06-16 00:00:00+00:00,,,,,,,,,,,,,,0.0,0.0,,,,
2018-06-17 00:00:00+00:00,,,,,,,,,,,,,,0.0,0.0,,,,
2018-06-18 00:00:00+00:00,,,,,,,,,,,,,,0.0,0.0,,,,
2018-06-19 00:00:00+00:00,,,,,,,,,,,,,,0.0,0.0,,,,
2018-06-20 00:00:00+00:00,,,,,,,,,,,,,,0.0,0.0,,,,
2018-06-21 00:00:00+00:00,,,,,,,,,,,,,,0.0,0.0,,,,
2018-06-22 00:00:00+00:00,,,,,,,,,,,,,,0.0,0.0,,,,
2018-06-23 00:00:00+00:00,,,,,,,,,,,,,,0.0,0.0,,,,
2018-06-24 00:00:00+00:00,,,,,,,,,,,,,,0.0,0.0,,,,
2018-06-25 00:00:00+00:00,,,,,,,,,,,,,,0.0,0.0,,,,
2018-06-26 00:00:00+00:00,,,,,,,,,,,,,,0.0,0.0,,,,
2018-06-27 00:00:00+00:00,,,,,,,,,,,,,,0.0,0.0,,,,
2018-06-28 00:00:00+00:00,,,,,,,,,,,,,,0.0,0.0,,,,
2018-06-29 00:00:00+00:00,,,,,,,,,,,,,,0.0,0.0,,,,
2018-06-30 00:00:00+00:00,,,,,,,,,,,,,,0.0,0.0,,,,
2018-07-01 00:00:00+00:00,,,,,,,,,,,,,,0.0,0.0,,,,
2018-07-02 00:00:00+00:00,,,,,,,,,,,,,,0.0,0.0,,,,
2018-07-03 00:00:00+00:00,,,,,,,,,,,,,,0.0,0.0,,,,
2018-07-04 00:00:00+00:00,,,,,,,,,,,,,,0.0,0.0,,,,
2018-07-05 00:00:00+00:00,,,,,,,,,,,,,,0.0,0.0,,,,
2018-07-06 00:00:00+00:00,,,,,,,,,,,,,,0.0,0.0,,,,
2018-07-07 00:00:00+00:00,,,,,,,,,,,,,,0.0,0.0,,,,
2018-07-08 00:00:00+00:00,,,,,,,,,,,,,,0.0,0.0,,,,
2018-07-09 00:00:00+00:00,,,,,,,,,,,,,,0.0,0.0,,,,
2018-07-10 00:00:00+00:00,,,,,,,,,,,,,,0.0,0.0,,,,
2018-07-11 00:00:00+00:00,,,,,,,,,,,,,,0.0,0.0,,,,
2018-07-12 00:00:00+00:00,,,,,,,,,,,,,,0.0,0.0,,,,
2018-07-13 00:00:00+00:00,,,,,,,,,,,,,,0.0,0.0,,,,
2018-07-14 00:00:00+00:00,,,,,,,,,,,,,,0.0,0.0,,,,
2018-07-15 00:00:00+00:00,,,,,,,,,,,,,,0.0,0.0,,,,
2018-07-16 00:00:00+00:00,,,,,,,,,,,,,,0.0,0.0,,,,
2018-07-17 00:00:00+00:00,,,,,,,,,,,,,,0.0,0.0,,,,
2018-07-18 00:00:00+00:00,,,,,,,,,,,,,,0.0,0.0,,,,
2018-07-19 00:00:00+00:00,,,,,,,,,,,,,,0.0,0.0,,,,
2018-07-20 00:00:00+00:00,,,,,,,,,,,,,,0.0,0.0,,,,
2018-07-21 00:00:00+00:00,,,,,,,,,,,,,,0.0,0.0,,,,
2018-07-22 00:00:00+00:00,,,,,,,,,,,,,,0.0,0.0,,,,
2018-07-23 00:00:00+00:00,,,,,,,,,,,,,,0.0,0.0,,,,
2018-07-24 00:00:00+00:00,,,,,,,,,,,,,,0.0,0.0,,,,
2018-07-25 00:00:00+00:00,,,,,,,,,,,,,,0.0,0.0,,,,
2018-07-26 00:00:00+00:00,,,,,,,,,,,,,,0.0,0.0,,,,
2018-07-27 00:00:00+00:00,,,,,,,,,,,,,,0.0,0.0,,,,
2018-07-28 00:00:00+00:00,,,,,,,,,,,,,,0.0,0.0,,,,
2018-07-29 00:00:00+00:00,,,,,,,,,,,,,,0.0,0.0,,,,
2018-07-30 00:00:00+00:00,,,,,,,,,,,,,,0.0,0.0,,,,
2018-07-31 00:00:00+00:00,,,,,,,,,,,,,,0.0,0.0,,,,
2018-08-01 00:00:00+00:00,,,,,,,,,,,,,,0.0,0.0,,,,
2018-08-02 00:00:00+00:00,,,,,,,,,,,,,,0.0,0.0,,,,
2018-08-03 00:00:00+00:00,,,,,,,,,,,,,,0.0,0.0,,,,
2018-08-04 00:00:00+00:00,,,,,,,,,,,,,,0.0,0.0,,,,
2018-08-05 00:00:00+00:00,,,,,,,,,,,,,,0.0,0.0,,,,
2018-08-06 00:00:00+00:00,,,,,,,,,,,,,,0.0,0.0,,,,
2018-08-07 00:00:00+00:00,,,,,,,,,,,,,,0.0,0.0,,,,
2018-08-08 00:00:00+00:00,,,,,,,,,,,,,,0.0,0.0,,,,
2018-08-09 00:00:00+00:00,,,,,,,,,,,,,,0.0,0.0,,,,
2018-08-10 00:00:00+00:00,,,,,,,,,,,,,,0.0,0.0,,,,
2018-08-11 00:00:00+00:00,,,,,,,,,,,,,,0.0,0.0,,,,
2018-08-12 00:00:00+00:00,,,,,,,,,,,,,,0.0,0.0,,,,
2018-08-13 00:00:00+00:00,,,,,,,,,,,,,,0.0,0.0,,,,
2018-08-14 00:00:00+00:00,,,,,,,,,,,,,,0.0,0.0,,,,
2018-08-15 00:00:00+00:00,,,,,,,,,,,,,,0.0,0.0,,,,
2018-08-16 00:00:00+00:00,,,,,,,,,,,,,,0.0,0.0,,,,
2018-08-17 00:00:00+00:00,,,,,,,,,,,,,,0.0,0.0,,,,
2018-08-18 00:00:00+00:00,,,,,,,,,,,,,,0.0,0.0,,,,
2018-08-19 00:00:00+00:00,,,,,,,,,,,,,,0.0,0.0,,,,
2018-08-20 00:00:00+00:00,,,,,,,,,,,,,,0.0,0.0,,,,
2018-08-21 00:00:00+00:00,,,,,,,,,,,,,,0.0,0.0,,,,
2018-08-22 00:00:00+00:00,,,,,,,,,,,,,,0.0,0.0,,,,
2018-08-23 00:00:00+00:00,,,,,,,,,,,,,,0.0,0.0,,,,
2018-08-24 00:00:00+00:00,,,,,,,,,,,,,,0.0,0.0,,,,
2018-08-25 00:00:00+00:00,,,,,,,,,,,,,,0.0,0.0,,,,
2018-08-26 00:00:00+00:00,,,,,,,,,,,,,,0.0,0.0,,,,
2018-08-27 00:00:00+00:00,,,,,,,,,,,,,,0.0,0.0,,,,
2018-08-28 00:00:00+00:00,,,,,,,,,,,,,,0.0,0.0,,,,
2018-08-29 00:00:00+00:00,,,,,,,,,,,,,,0.0,0.0,,,,
2018-08-30 00:00:00+00:00,,,,,,,,,,,,,,0.0,0.0,,,,
2018-08-31 00:00:00+00:00,,,,,,,,,,,,,,0.0,0.0,,,,
2018-09-01 00:00:00+00:00,,,,,,,,,,,,,,0.0,0.0,,,,
2018-09-02 00:00:00+00:00,,,,,,,,,,,,,,0.0,0.0,,,,
2018-09-03 00:00:00+00:00,,,,,,,,,,,,,,0.0,0.0,,,,
2018-09-04 00:00:00+00:00,,,,,,,,,,,,,,0.0,0.0,,,,
2018-09-05 00:00:00+00:00,,,,,,,,,,,,,,0.0,0.0,,,,
2018-09-06 00:00:00+00:00,,,,,,,,,,,,,,0.0,0.0,,,,
2018-09-07 00:00:00+00:00,,,,,,,,,,,,,,0.0,0.0,,,,
2018-09-08 00:00:00+00:00,,,,,,,,,,,,,,0.0,0.0,,,,
2018-09-09 00:00:00+00:00,,,,,,,,,,,,,,0.0,0.0,,,,
2018-09-10 00:00:00+00:00,,,,,,,,,,,,,,0.0,0.0,,,,
2018-09-11 00:00:00+00:00,,,,,,,,,,,,,,0.0,0.0,,,,
2018-09-12 00:00:00+00:00,,,,,,,,,,,,,,0.0,0.0,,,,
2018-09-13 00:00:00+00:00,,,,,,,,,,,,,,0.0,0.0,,,,
2018-09-14 00:00:00+00:00,,,,,,,,,,,,,,0.0,0.0,,,,
2018-09-15 00:00:00+00:00,,,,,,,,,,,,,,0.0,0.0,,,,
2018-09-16 00:00:00+00:00,,,,,,,,,,,,,,0.0,0.0,,,,
2018-09-17 00:00:00+00:00,,,,,,,,,,,,,,0.0,0.0,,,,
2018-09-18 00:00:00+00:00,,,,,,,,,,,,,,0.0,0.0,,,,
2018-09-19 00:00:00+00:00,,,,,,,,,,,,,,0.0,0.0,,,,
2018-09-20 00:00:00+00:00,,,,,,,,,,,,,,0.0,0.0,,,,
2018-09-21 00:00:00+00:00,,,,,,,,,,,,,,0.0,0.0,,,,
2018-09-22 00:00:00+00:00,,,,,,,,,,,,,,0.0,0.0,,,,
2018-09-23 00:00:00+00:00,,,,,,,,,,,,,,0.0,0.0,,,,
2018-09-24 00:00:00+00:00,,,,,,,,,,,,,,0.0,0.0,,,,
2018-09-25 00:00:00+00:00,,,,,,,,,,,,,,0.0,0.0,,,,
2018-09-26 00:00:00+00:00,,,,,,,,,,,,,,0.0,0.0,,,,
2018-09-27 00:00:00+00:00,,,,,,,,,,,,,,0.0,0.0,,,,
2018-09-28 00:00:00+00:00,,,,,,,,,,,,,,0.0,0.0,,,,
2018-09-29 00:00:00+00:00,,,,,,,,,,,,,,0.0,0.0,,,,
2018-09-30 00:00:00+00:00,,,,,,,,,,,,,,0.0,0.0,,,,
2018-10-01 00:00:00+00:00,,,,,,,,,,,,,,0.0,0.0,,,,
2018-10-02 00:00:00+00:00,,,,,,,,,,,,,,0.0,0.0,,,,
2018-10-03 00:00:00+00:00,,,,,,,,,,,,,,0.0,0.0,,,,
2018-10-04 00:00:00+00:00,,,,,,,,,,,,,,0.0,0.0,,,,
2018-10-05 00:00:00+00:00,,,,,,,,,,,,,,0.0,0.0,,,,
2018-10-06 00:00:00+00:00,,,,,,,,,,,,,,0.0,0.0,,,,
2018-10-07 00:00:00+00:00,,,,,,,,,,,,,,0.0,0.0,,,,
2018-10-08 00:00:00+00:00,,,,,,,,,,,,,,0.0,0.0,,,,
2018-10-09 00:00:00+00:00,,,,,,,,,,,,,,0.0,0.0,,,,
2018-10-10 00:00:00+00:00,,,,,,,,,,,,,,0.0,0.0,,,,
2018-10-11 00:00:00+00:00,,,,,,,,,,,,,,0.0,0.0,,,,
2018-10-12 00:00:00+00:00,,,,,,,,,,,,,,0.0,0.0,,,,
2018-10-13 00:00:00+00:00,,,,,,,,,,,,,,0.0,0.0,,,,
2018-10-14 00:00:00+00:00,,,,,,,,,,,,,,0.0,0.0,,,,
2018-10-15 00:00:00+00:00,,,,,,,,,,,,,,0.0,0.0,,,,
2018-10-16 00:00:00+00:00,,,,,,,,,,,,,,0.0,0.0,,,,
2018-10-17 00:00:00+00:00,,,,,,,,,,,,,,0.0,0.0,,,,
2018-10-18 00:00:00+00:00,,,,,,,,,,,,,,0.0,0.0,,,,
2018-10-19 00:00:00+00:00,,,,,,,,,,,,,,0.0,0.0,,,,
2018-10-20 00:00:00+00:00,,,,,,,,,,,,,,0.0,0.0,,,,
2018-10-21 00:00:00+00:00,,,,,,,,,,,,,,0.0,0.0,,,,
2018-10-22 00:00:00+00:00,,,,,,,,,,,,,,0.0,0.0,,,,
2018-10-23 00:00:00+00:00,,,,,,,,,,,,,,0.0,0.0,,,,
2018-10-24 00:00:00+00:00,,,,,,,,,,,,,,0.0,0.0,,,,
2018-10-25 00:00:00+00:00,,,,,,,,,,,,,,0.0,0.0,,,,
2018-10-26 00:00:00+00:00,,,,,,,,,,,,,,0.0,0.0,,,,
2018-10-27 00:00:00+00:00,,,,,,,,,,,,,,0.0,0.0,,,,
2018-10-28 00:00:00+00:00,,,,,,,,,,,,,,0.0,0.0,,,,
2018-10-29 00:00:00+00:00,,,,,,,,,,,,,,0.0,0.0,,,,
2018-10-30 00:00:00+00:00,,,,,,,,,,,,,,0.0,0.0,,,,
2018-10-31 00:00:00+00:00,,,,,,,,,,,,,,0.0,0.0,,,,
2018-11-01 00:00:00+00:00,,,,,,,,,,,,,,0.0,0.0,,,,
2018-11-02 00:00:00+00:00,,,,,,,,,,,,,,0.0,0.0,,,,
2018-11-03 00:00:00+00:00,,,,,,,,,,,,,,0.0,0.0,,,,
2018-11-04 00:00:00+00:00,,,,,,,,,,,,,,0.0,0.0,,,,
2018-11-05 00:00:00+00:00,,,,,,,,,,,,,,0.0,0.0,,,,
2018-11-06 00:00:00+00:00,,,,,,,,,,,,,,0.0,0.0,,,,
2018-11-07 00:00:00+00:00,,,,,,,,,,,,,,0.0,0.0,,,,
2018-11-08 00:00:00+00:00,,,,,,,,,,,,,,0.0,0.0,,,,
2018-11-09 00:00:00+00:00,,,,,,,,,,,,,,0.0,0.0,,,,
2018-11-10 00:00:00+00:00,,,,,,,,,,,,,,0.0,0.0,,,,
2018-11-11 00:00:00+00:00,,,,,,,,,,,,,,0.0,0.0,,,,
2018-11-12 00:00:00+00:00,,,,,,,,,,,,,,0.0,0.0,,,,
2018-11-13 00:00:00+00:00,,,,,,,,,,,,,,0.0,0.0,,,,
2018-11-14 00:00:00+00:00,,,,,,,,,,,,,,0.0,0.0,,,,
2018-11-15 00:00:00+00:00,,,,,,,,,,,,,,0.0,0.0,,,,
2018-11-16 00:00:00+00:00,,,,,,,,,,,,,,0.0,0.0,,,,
2018-11-17 00:00:00+00:00,,,,,,,,,,,,,,0.0,0.0,,,,
2018-11-18 00:00:00+00:00,,,,,,,,,,,,,,0.0,0.0,,,,
2018-11-19 00:00:00+00:00,,,,,,,,,,,,,,0.0,0.0,,,,
2018-11-20 00:00:00+00:00,,,,,,,,,,,,,,0.0,0.0,,,,
2018-11-21 00:00:00+00:00,,,,,,,,,,,,,,0.0,0.0,,,,
2018-11-22 00:00:00+00:00,,,,,,,,,,,,,,0.0,0.0,,,,
2018-11-23 00:00:00+00:00,,,,,,,,,,,,,,0.0,0.0,,,,
2018-11-24 00:00:00+00:00,,,,,,,,,,,,,,0.0,0.0,,,,
2018-11-25 00:00:00+00:00,,,,,,,,,,,,,,0.0,0.0,,,,
2018-11-26 00:00:00+00:00,,,,,,,,,,,,,,0.0,0.0,,,,
2018-11-27 00:00:00+00:00,,,,,,,,,,,,,,0.0,0.0,,,,
2018-11-28 00:00:00+00:00,,,,,,,,,,,,,,0.0,0.0,,,,
2018-11-29 00:00:00+00:00,,,,,,,,,,,,,,0.0,0.0,,,,
2018-11-30 00:00:00+00:00,,,,,,,,,,,,,,0.0,0.0,,,,
2018-12-01 00:00:00+00:00,,,,,,,,,,,,,,0.0,0.0,,,,
2018-12-02 00:00:00+00:00,,,,,,,,,,,,,,0.0,0.0,,,,
2018-12-03 00:00:00+00:00,,,,,,,,,,,,,,0.0,0.0,,,,
2018-12-04 00:00:00+00:00,,,,,,,,,,,,,,0.0,0.0,,,,
2018-12-05 00:00:00+00:00,,,,,,,,,,,,,,0.0,0.0,,,,
2018-12-06 00:00:00+00:00,,,,,,,,,,,,,,0.0,0.0,,,,
2018-12-07 00:00:00+00:00,,,,,,,,,,,,,,0.0,0.0,,,,
2018-12-08 00:00:00+00:00,,,,,,,,,,,,,,0.0,0.0,,,,
2018-12-09 00:00:00+00:00,,,,,,,,,,,,,,0.0,0.0,,,,
2018-12-10 00:00:00+00:00,,,,,,,,,,,,,,0.0,0.0,,,,
2018-12-11 00:00:00+00:00,,,,,,,,,,,,,,0.0,0.0,,,,
2018-12-12 00:00:00+00:00,,,,,,,,,,,,,,0.0,0.0,,,,
2018-12-13 00:00:00+00:00,,,,,,,,,,,,,,0.0,0.0,,,,
2018-12-14 00:00:00+00:00,,,,,,,,,,,,,,0.0,0.0,,,,
2018-12-15 00:00:00+00:00,,,,,,,,,,,,,,0.0,0.0,,,,
2018-12-16 00:00:00+00:00,,,,,,,,,,,,,,0.0,0.0,,,,
2018-12-17 00:00:00+00:00,,,,,,,,,,,,,,0.0,0.0,,,,
2018-12-18 00:00:00+00:00,,,,,,,,,,,,,,0.0,0.0,,,,
2018-12-19 00:00:00+00:00,,,,,,,,,,,,,,0.0,0.0,,,,
2018-12-20 00:00:00+00:00,,,,,,,,,,,,,,0.0,0.0,,,,
2018-12-21 00:00:00+00:00,,,,,,,,,,,,,,0.0,0.0,,,,
2018-12-22 00:00:00+00:00,,,,,,,,,,,,,,0.0,0.0,,,,
2018-12-23 00:00:00+00:00,,,,,,,,,,,,,,0.0,0.0,,,,
2018-12-24 00:00:00+00:00,,,,,,,,,,,,,,0.0,0.0,,,,
2018-12-25 00:00:00+00:00,,,,,,,,,,,,,,0.0,0.0,,,,
2018-12-26 00:00:00+00:00,,,,,,,,,,,,,,0.0,0.0,,,,
2018-12-27 00:00:00+00:00,,,,,,,,,,,,,,0.0,0.0,,,,
2018-12-28 00:00:00+00:00,,,,,,,,,,,,,,0.0,0.0,,,,
2018-12-29 00:00:00+00:00,,,,,,,,,,,,,,0.0,0.0,,,,
2018-12-30 00:00:00+00:00,,,,,,,,,,,,,,0.0,0.0,,,,
2018-12-31 00:00:00+00:00,,,,,,,,,,,,,,0.0,0.0,,,,
2019-01-01 00:00:00+00:00,,,,,,,,,,,,,,0.0,0.0,,,,
2019-01-02 00:00:00+00:00,,,,,,,,,,,,,,0.0,0.0,,,,
2019-01-03 00:00:00+00:00,,,,,,,,,,,,,,0.0,0.0,,,,
2019-01-04 00:00:00+00:00,,,,,,,,,,,,,,0.0,0.0,,,,
2019-01-05 00:00:00+00:00,,,,,,,,,,,,,,0.0,0.0,,,,
2019-01-06 00:00:00+00:00,,,,,,,,,,,,,,0.0,0.0,,,,
2019-01-07 00:00:00+00:00,,,,,,,,,,,,,,0.0,0.0,,,,
2019-01-08 00:00:00+00:00,,,,,,,,,,,,,,0.0,0.0,,,,
2019-01-09 00:00:00+00:00,,,,,,,,,,,,,,0.0,0.0,,,,
2019-01-10 00:00:00+00:00,,,,,,,,,,,,,,0.0,0.0,,,,
2019-01-11 00:00:00+00:00,,,,,,,,,,,,,,0.0,0.0,,,,
2019-01-12 00:00:00+00:00,,,,,,,,,,,,,,0.0,0.0,,,,
2019-01-13 00:00:00+00:00,,,,,,,,,,,,,,0.0,0.0,,,,
2019-01-14 00:00:00+00:00,,,,,,,,,,,,,,0.0,0.0,,,,
2019-01-15 00:00:00+00:00,,,,,,,,,,,,,,0.0,0.0,,,,
2019-01-16 00:00:00+00:00,,,,,,,,,,,,,,0.0,0.0,,,,
2019-01-17 00:00:00+00:00,,,,,,,,,,,,,,0.0,0.0,,,,
2019-01-18 00:00:00+00:00,,,,,,,,,,,,,,0.0,0.0,,,,
2019-01-19 00:00:00+00:00,,,,,,,,,,,,,,0.0,0.0,,,,
2019-01-20 00:00:00+00:00,,,,,,,,,,,,,,0.0,0.0,,,,
2019-01-21 00:00:00+00:00,,,,,,,,,,,,,,0.0,0.0,,,,
2019-01-22 00:00:00+00:00,,,,,,,,,,,,,,0.0,0.0,,,,
2019-01-23 00:00:00+00:00,,,,,,,,,,,,,,0.0,0.0,,,,
2019-01-24 00:00:00+00:00,,,,,,,,,,,,,,0.0,0.0,,,,
2019-01-25 00:00:00+00:00,,,,,,,,,,,,,,0.0,0.0,,,,
2019-01-26 00:00:00+00:00,,,,,,,,,,,,,,0.0,0.0,,,,
2019-01-27 00:00:00+00:00,,,,,,,,,,,,,,0.0,0.0,,,,
2019-01-28 00:00:00+00:00,,,,,,,,,,,,,,0.0,0.0,,,,
2019-01-29 00:00:00+00:00,,,,,,,,,,,,,,0.0,0.0,,,,
2019-01-30 00:00:00+00:00,,,,,,,,,,,,,,0.0,0.0,,,,
2019-01-31 00:00:00+00:00,,,,,,,,,,,,,,0.0,0.0,,,,
2019-02-01 00:00:00+00:00,,,,,,,,,,,,,,0.0,0.0,,,,
2019-02-02 00:00:00+00:00,,,,,,,,,,,,,,0.0,0.0,,,,
2019-02-03 00:00:00+00:00,,,,,,,,,,,,,,0.0,0.0,,,,
2019-02-04 00:00:00+00:00,,,,,,,,,,,,,,0.0,0.0,,,,
2019-02-05 00:00:00+00:00,,,,,,,,,,,,,,0.0,0.0,,,,
2019-02-06 00:00:00+00:00,,,,,,,,,,,,,,0.0,0.0,,,,
2019-02-07 00:00:00+00:00,,,,,,,,,,,,,,0.0,0.0,,,,
2019-02-08 00:00:00+00:00,,,,,,,,,,,,,,0.0,0.0,,,,
2019-02-09 00:00:00+00:00,,,,,,,,,,,,,,0.0,0.0,,,,
2019-02-10 00:00:00+00:00,,,,,,,,,,,,,,0.0,0.0,,,,
2019-02-11 00:00:00+00:00,,,,,,,,,,,,,,0.0,0.0,,,,
2019-02-12 00:00:00+00:00,,,,,,,,,,,,,,0.0,0.0,,,,
2019-02-13 00:00:00+00:00,,,,,,,,,,,,,,0.0,0.0,,,,
2019-02-14 00:00:00+00:00,,,,,,,,,,,,,,0.0,0.0,,,,
2019-02-15 00:00:00+00:00,,,,,,,,,,,,,,0.0,0.0,,,,
2019-02-16 00:00:00+00:00,,,,,,,,,,,,,,0.0,0.0,,,,
2019-02-17 00:00:00+00:00,,,,,,,,,,,,,,0.0,0.0,,,,
2019-02-18 00:00:00+00:00,,,,,,,,,,,,,,0.0,0.0,,,,
2019-02-19 00:00:00+00:00,,,,,,,,,,,,,,0.0,0.0,,,,
2019-02-20 00:00:00+00:00,,,,,,,,,,,,,,0.0,0.0,,,,
2019-02-21 00:00:00+00:00,,,,,,,,,,,,,,0.0,0.0,,,,
2019-02-22 00:00:00+00:00,,,,,,,,,,,,,,0.0,0.0,,,,
2019-02-23 00:00:00+00:00,,,,,,,,,,,,,,0.0,0.0,,,,
2019-02-24 00:00:00+00:00,,,,,,,,,,,,,,0.0,0.0,,,,
2019-02-25 00:00:00+00:00,,,,,,,,,,,,,,0.0,0.0,,,,
2019-02-26 00:00:00+00:00,,,,,,,,,,,,,,0.0,0.0,,,,
2019-02-27 00:00:00+00:00,,,,,,,,,,,,,,0.0,0.0,,,,
2019-02-28 00:00:00+00:00,,,,,,,,,,,,,,0.0,0.0,,,,
2019-03-01 00:00:00+00:00,,,,,,,,,,,,,,0.0,0.0,,,,
2019-03-02 00:00:00+00:00,,,,,,,,,,,,,,0.0,0.0,,,,
2019-03-03 00:00:00+00:00,,,,,,,,,,,,,,0.0,0.0,,,,
2019-03-04 00:00:00+00:00,,,,,,,,,,,,,,0.0,0.0,,,,
2019-03-05 00:00:00+00:00,,,,,,,,,,,,,,0.0,0.0,,,,
2019-03-06 00:00:00+00:00,,,,,,,,,,,,,,0.0,0.0,,,,
2019-03-07 00:00:00+00:00,,,,,,,,,,,,,,0.0,0.0,,,,
2019-03-08 00:00:00+00:00,,,,,,,,,,,,,,0.0,0.0,,,,
2019-03-09 00:00:00+00:00,,,,,,,,,,,,,,0.0,0.0,,,,
2019-03-10 00:00:00+00:00,,,,,,,,,,,,,,0.0,0.0,,,,
2019-03-11 00:00:00+00:00,,,,,,,,,,,,,,0.0,0.0,,,,
2019-03-12 00:00:00+00:00,,,,,,,,,,,,,,0.0,0.0,,,,
2019-03-13 00:00:00+00:00,,,,,,,,,,,,,,0.0,0.0,,,,
2019-03-14 00:00:00+00:00,,,,,,,,,,,,,,0.0,0.0,,,,
2019-03-15 00:00:00+00:00,,,,,,,,,,,,,,0.0,0.0,,,,
2019-03-16 00:00:00+00:00,,,,,,,,,,,,,,0.0,0.0,,,,
2019-03-17 00:00:00+00:00,,,,,,,,,,,,,,0.0,0.0,,,,
2019-03-18 00:00:00+00:00,,,,,,,,,,,,,,0.0,0.0,,,,
2019-03-19 00:00:00+00:00,,,,,,,,,,,,,,0.0,0.0,,,,
2019-03-20 00:00:00+00:00,,,,,,,,,,,,,,0.0,0.0,,,,
2019-03-21 00:00:00+00:00,,,,,,,,,,,,,,0.0,0.0,,,,
2019-03-22 00:00:00+00:00,,,,,,,,,,,,,,0.0,0.0,,,,
2019-03-23 00:00:00+00:00,,,,,,,,,,,,,,0.0,0.0,,,,
2019-03-24 00:00:00+00:00,,,,,,,,,,,,,,0.0,0.0,,,,
2019-03-25 00:00:00+00:00,,,,,,,,,,,,,,0.0,0.0,,,,
2019-03-26 00:00:00+00:00,,,,,,,,,,,,,,0.0,0.0,,,,
2019-03-27 00:00:00+00:00,,,,,,,,,,,,,,0.0,0.0,,,,
2019-03-28 00:00:00+00:00,,,,,,,,,,,,,,0.0,0.0,,,,
2019-03-29 00:00:00+00:00,,,,,,,,,,,,,,0.0,0.0,,,,
2019-03-30 00:00:00+00:00,,,,,,,,,,,,,,0.0,0.0,,,,
2019-03-31 00:00:00+00:00,,,,,,,,,,,,,,0.0,0.0,,,,
2019-04-01 00:00:00+00:00,,,,,,,,,,,,,,0.0,0.0,,,,
2019-04-02 00:00:00+00:00,,,,,,,,,,,,,,0.0,0.0,,,,
2019-04-03 00:00:00+00:00,,,,,,,,,,,,,,0.0,0.0,,,,
2019-04-04 00:00:00+00:00,,,,,,,,,,,,,,0.0,0.0,,,,
2019-04-05 00:00:00+00:00,,,,,,,,,,,,,,0.0,0.0,,,,
2019-04-06 00:00:00+00:00,,,,,,,,,,,,,,0.0,0.0,,,,
2019-04-07 00:00:00+00:00,,,,,,,,,,,,,,0.0,0.0,,,,
2019-04-08 00:00:00+00:00,,,,,,,,,,,,,,0.0,0.0,,,,
2019-04-09 00:00:00+00:00,,,,,,,,,,,,,,0.0,0.0,,,,
2019-04-10 00:00:00+00:00,,,,,,,,,,,,,,0.0,0.0,,,,
2019-04-11 00:00:00+00:00,,,,,,,,,,,,,,0.0,0.0,,,,
2019-04-12 00:00:00+00:00,,,,,,,,,,,,,,0.0,0.0,,,,
2019-04-13 00:00:00+00:00,,,,,,,,,,,,,,0.0,0.0,,,,
2019-04-14 00:00:00+00:00,,,,,,,,,,,,,,0.0,0.0,,,,
2019-04-15 00:00:00+00:00,,,,,,,,,,,,,,0.0,0.0,,,,
2019-04-16 00:00:00+00:00,,,,,,,,,,,,,,0.0,0.0,,,,
2019-04-17 00:00:00+00:00,,,,,,,,,,,,,,0.0,0.0,,,,
2019-04-18 00:00:00+00:00,,,,,,,,,,,,,,0.0,0.0,,,,
2019-04-19 00:00:00+00:00,,,,,,,,,,,,,,0.0,0.0,,,,
2019-04-20 00:00:00+00:00,,,,,,,,,,,,,,0.0,0.0,,,,
2019-04-21 00:00:00+00:00,,,,,,,,,,,,,,0.0,0.0,,,,
2019-04-22 00:00:00+00:00,,,,,,,,,,,,,,0.0,0.0,,,,
2019-04-23 00:00:00+00:00,,,,,,,,,,,,,,0.0,0.0,,,,
2019-04-24 00:00:00+00:00,,,,,,,,,,,,,,0.0,0.0,,,,
2019-04-25 00:00:00+00:00,,,,,,,,,,,,,,0.0,0.0,,,,
2019-04-26 00:00:00+00:00,,,,,,,,,,,,,,0.0,0.0,,,,
2019-04-27 00:00:00+00:00,,,,,,,,,,,,,,0.0,0.0,,,,
2019-04-28 00:00:00+00:00,,,,,,,,,,,,,,0.0,0.0,,,,
2019-04-29 00:00:00+00:00,,,,,,,,,,,,,,0.0,0.0,,,,
2019-04-30 00:00:00+00:00,,,,,,,,,,,,,,0.0,0.0,,,,
2019-05-01 00:00:00+00:00,,,,,,,,,,,,,,0.0,0.0,,,,
2019-05-02 00:00:00+00:00,,,,,,,,,,,,,,0.0,0.0,,,,
2019-05-03 00:00:00+00:00,,,,,,,,,,,,,,0.0,0.0,,,,
2019-05-04 00:00:00+00:00,,,,,,,,,,,,,,0.0,0.0,,,,
2019-05-05 00:00:00+00:00,,,,,,,,,,,,,,0.0,0.0,,,,
2019-05-06 00:00:00+00:00,,,,,,,,,,,,,,0.0,0.0,,,,
2019-05-07 00:00:00+00:00,,,,,,,,,,,,,,0.0,0.0,,,,
2019-05-08 00:00:00+00:00,,,,,,,,,,,,,,0.0,0.0,,,,
2019-05-09 00:00:00+00:00,,,,,,,,,,,,,,0.0,0.0,,,,
2019-05-10 00:00:00+00:00,,,,,,,,,,,,,,0.0,0.0,,,,
2019-05-11 00:00:00+00:00,,,,,,,,,,,,,,0.0,0.0,,,,
2019-05-12 00:00:00+00:00,,,,,,,,,,,,,,0.0,0.0,,,,
2019-05-13 00:00:00+00:00,,,,,,,,,,,,,,0.0,0.0,,,,
2019-05-14 00:00:00+00:00,,,,,,,,,,,,,,0.0,0.0,,,,
2019-05-15 00:00:00+00:00,,,,,,,,,,,,,,0.0,0.0,,,,
2019-05-16 00:00:00+00:00,,,,,,,,,,,,,,0.0,0.0,,,,
2019-05-17 00:00:00+00:00,,,,,,,,,,,,,,0.0,0.0,,,,
2019-05-18 00:00:00+00:00,,,,,,,,,,,,,,0.0,0.0,,,,
2019-05-19 00:00:00+00:00,,,,,,,,,,,,,,0.0,0.0,,,,
2019-05-20 00:00:00+00:00,,,,,,,,,,,,,,0.0,0.0,,,,
2019-05-21 00:00:00+00:00,,,,,,,,,,,,,,0.0,0.0,,,,
2019-05-22 00:00:00+00:00,,,,,,,,,,,,,,0.0,0.0,,,,
2019-05-23 00:00:00+00:00,,,,,,,,,,,,,,0.0,0.0,,,,
2019-05-24 00:00:00+00:00,,,,,,,,,,,,,,0.0,0.0,,,,
2019-05-25 00:00:00+00:00,,,,,,,,,,,,,,0.0,0.0,,,,
2019-05-26 00:00:00+00:00,,,,,,,,,,,,,,0.0,0.0,,,,
2019-05-27 00:00:00+00:00,,,,,,,,,,,,,,0.0,0.0,,,,
2019-05-28 00:00:00+00:00,,,,,,,,,,,,,,0.0,0.0,,,,
2019-05-29 00:00:00+00:00,,,,,,,,,,,,,,0.0,0.0,,,,
2019-05-30 00:00:00+00:00,,,,,,,,,,,,,,0.0,0.0,,,,
2019-05-31 00:00:00+00:00,,,,,,,,,,,,,,0.0,0.0,,,,
2019-06-01 00:00:00+00:00,,,,,,,,,,,,,,0.0,0.0,,,,
2019-06-02 00:00:00+00:00,,,,,,,,,,,,,,0.0,0.0,,,,
2019-06-03 00:00:00+00:00,,,,,,,,,,,,,,0.0,0.0,,,,
2019-06-04 00:00:00+00:00,,,,,,,,,,,,,,0.0,0.0,,,,
2019-06-05 00:00:00+00:00,,,,,,,,,,,,,,0.0,0.0,,,,
2019-06-06 00:00:00+00:00,,,,,,,,,,,,,,0.0,0.0,,,,
2019-06-07 00:00:00+00:00,,,,,,,,,,,,,,0.0,0.0,,,,
2019-06-08 00:00:00+00:00,,,,,,,,,,,,,,0.0,0.0,,,,
2019-06-09 00:00:00+00:00,,,,,,,,,,,,,,0.0,0.0,,,,
2019-06-10 00:00:00+00:00,,,,,,,,,,,,,,0.0,0.0,,,,
2019-06-11 00:00:00+00:00,,,,,,,,,,,,,,0.0,0.0,,,,
2019-06-12 00:00:00+00:00,,,,,,,,,,,,,,0.0,0.0,,,,
2019-06-13 00:00:00+00:00,,,,,,,,,,,,,,0.0,0.0,,,,
2019-06-14 00:00:00+00:00,,,,,,,,,,,,,,0.0,0.0,,,,
2019-06-15 00:00:00+00:00,,,,,,,,,,,,,,0.0,0.0,,,,
2019-06-16 00:00:00+00:00,,,,,,,,,,,,,,0.0,0.0,,,,
2019-06-17 00:00:00+00:00,,,,,,,,,,,,,,0.0,0.0,,,,
2019-06-18 00:00:00+00:00,,,,,,,,,,,,,,0.0,0.0,,,,
2019-06-19 00:00:00+00:00,,,,,,,,,,,,,,0.0,0.0,,,,
2019-06-20 00:00:00+00:00,,,,,,,,,,,,,,0.0,0.0,,,,
2019-06-21 00:00:00+00:00,,,,,,,,,,,,,,0.0,0.0,,,,
2019-06-22 00:00:00+00:00,,,,,,,,,,,,,,0.0,0.0,,,,
2019-06-23 00:00:00+00:00,,,,,,,,,,,,,,0.0,0.0,,,,
2019-06-24 00:00:00+00:00,,,,,,,,,,,,,,0.0,0.0,,,,
2019-06-25 00:00:00+00:00,,,,,,,,,,,,,,0.0,0.0,,,,
2019-06-26 00:00:00+00:00,,,,,,,,,,,,,,0.0,0.0,,,,
2019-06-27 00:00:00+00:00,,,,,,,,,,,,,,0.0,0.0,,,,
2019-06-28 00:00:00+00:00,,,,,,,,,,,,,,0.0,0.0,,,,
2019-06-29 00:00:00+00:00,,,,,,,,,,,,,,0.0,0.0,,,,
2019-06-30 00:00:00+00:00,,,,,,,,,,,,,,0.0,0.0,,,,
2019-07-01 00:00:00+00:00,,,,,,,,,,,,,,0.0,0.0,,,,
2019-07-02 00:00:00+00:00,,,,,,,,,,,,,,0.0,0.0,,,,
2019-07-03 00:00:00+00:00,,,,,,,,,,,,,,0.0,0.0,,,,
2019-07-04 00:00:00+00:00,,,,,,,,,,,,,,0.0,0.0,,,,
2019-07-05 00:00:00+00:00,,,,,,,,,,,,,,0.0,0.0,,,,
2019-07-06 00:00:00+00:00,,,,,,,,,,,,,,0.0,0.0,,,,
2019-07-07 00:00:00+00:00,,,,,,,,,,,,,,0.0,0.0,,,,
2019-07-08 00:00:00+00:00,,,,,,,,,,,,,,0.0,0.0,,,,
2019-07-09 00:00:00+00:00,,,,,,,,,,,,,,0.0,0.0,,,,
2019-07-10 00:00:00+00:00,,,,,,,,,,,,,,0.0,0.0,,,,
2019-07-11 00:00:00+00:00,,,,,,,,,,,,,,0.0,0.0,,,,
2019-07-12 00:00:00+00:00,,,,,,,,,,,,,,0.0,0.0,,,,
2019-07-13 00:00:00+00:00,,,,,,,,,,,,,,0.0,0.0,,,,
2019-07-14 00:00:00+00:00,,,,,,,,,,,,,,0.0,0.0,,,,
2019-07-15 00:00:00+00:00,,,,,,,,,,,,,,0.0,0.0,,,,
2019-07-16 00:00:00+00:00,,,,,,,,,,,,,,0.0,0.0,,,,
2019-07-17 00:00:00+00:00,,,,,,,,,,,,,,0.0,0.0,,,,
2019-07-18 00:00:00+00:00,,,,,,,,,,,,,,0.0,0.0,,,,
2019-07-19 00:00:00+00:00,,,,,,,,,,,,,,0.0,0.0,,,,
2019-07-20 00:00:00+00:00,,,,,,,,,,,,,,0.0,0.0,,,,
2019-07-21 00:00:00+00:00,,,,,,,,,,,,,,0.0,0.0,,,,
2019-07-22 00:00:00+00:00,,,,,,,,,,,,,,0.0,0.0,,,,
2019-07-23 00:00:00+00:00,,,,,,,,,,,,,,0.0,0.0,,,,
2019-07-24 00:00:00+00:00,,,,,,,,,,,,,,0.0,0.0,,,,
2019-07-25 00:00:00+00:00,,,,,,,,,,,,,,0.0,0.0,,,,
2019-07-26 00:00:00+00:00,,,,,,,,,,,,,,0.0,0.0,,,,
2019-07-27 00:00:00+00:00,,,,,,,,,,,,,,0.0,0.0,,,,
2019-07-28 00:00:00+00:00,,,,,,,,,,,,,,0.0,0.0,,,,
2019-07-29 00:00:00+00:00,,,,,,,,,,,,,,0.0,0.0,,,,
2019-07-30 00:00:00+00:00,,,,,,,,,,,,,,0.0,0.0,,,,
2019-07-31 00:00:00+00:00,,,,,,,,,,,,,,0.0,0.0,,,,
2019-08-01 00:00:00+00:00,,,,,,,,,,,,,,0.0,0.0,,,,
2019-08-02 00:00:00+00:00,,,,,,,,,,,,,,0.0,0.0,,,,
2019-08-03 00:00:00+00:00,,,,,,,,,,,,,,0.0,0.0,,,,
2019-08-04 00:00:00+00:00,,,,,,,,,,,,,,0.0,0.0,,,,
2019-08-05 00:00:00+00:00,,,,,,,,,,,,,,0.0,0.0,,,,
2019-08-06 00:00:00+00:00,,,,,,,,,,,,,,0.0,0.0,,,,
2019-08-07 00:00:00+00:00,,,,,,,,,,,,,,0.0,0.0,,,,
2019-08-08 00:00:00+00:00,,,,,,,,,,,,,,0.0,0.0,,,,
2019-08-09 00:00:00+00:00,,,,,,,,,,,,,,0.0,0.0,,,,
2019-08-10 00:00:00+00:00,,,,,,,,,,,,,,0.0,0.0,,,,
2019-08-11 00:00:00+00:00,,,,,,,,,,,,,,0.0,0.0,,,,
2019-08-12 00:00:00+00:00,,,,,,,,,,,,,,0.0,0.0,,,,
2019-08-13 00:00:00+00:00,,,,,,,,,,,,,,0.0,0.0,,,,
2019-08-14 00:00:00+00:00,,,,,,,,,,,,,,0.0,0.0,,,,
2019-08-15 00:00:00+00:00,,,,,,,,,,,,,,0.0,0.0,,,,
2019-08-16 00:00:00+00:00,,,,,,,,,,,,,,0.0,0.0,,,,
2019-08-17 00:00:00+00:00,,,,,,,,,,,,,,0.0,0.0,,,,
2019-08-18 00:00:00+00:00,,,,,,,,,,,,,,0.0,0.0,,,,
2019-08-19 00:00:00+00:00,,,,,,,,,,,,,,0.0,0.0,,,,
2019-08-20 00:00:00+00:00,,,,,,,,,,,,,,0.0,0.0,,,,
2019-08-21 00:00:00+00:00,,,,,,,,,,,,,,0.0,0.0,,,,
2019-08-22 00:00:00+00:00,,,,,,,,,,,,,,0.0,0.0,,,,
2019-08-23 00:00:00+00:00,,,,,,,,,,,,,,0.0,0.0,,,,
2019-08-24 00:00:00+00:00,,,,,,,,,,,,,,0.0,0.0,,,,
2019-08-25 00:00:00+00:00,,,,,,,,,,,,,,0.0,0.0,,,,
2019-08-26 00:00:00+00:00,,,,,,,,,,,,,,0.0,0.0,,,,
2019-08-27 00:00:00+00:00,,,,,,,,,,,,,,0.0,0.0,,,,
2019-08-28 00:00:00+00:00,,,,,,,,,,,,,,0.0,0.0,,,,
2019-08-29 00:00:00+00:00,,,,,,,,,,,,,,0.0,0.0,,,,
2019-08-30 00:00:00+00:00,,,,,,,,,,,,,,0.0,0.0,,,,
2019-08-31 00:00:00+00:00,,,,,,,,,,,,,,0.0,0.0,,,,
2019-09-01 00:00:00+00:00,,,,,,,,,,,,,,0.0,0.0,,,,
2019-09-02 00:00:00+00:00,,,,,,,,,,,,,,0.0,0.0,,,,
2019-09-03 00:00:00+00:00,,,,,,,,,,,,,,0.0,0.0,,,,
2019-09-04 00:00:00+00:00,,,,,,,,,,,,,,0.0,0.0,,,,
2019-09-05 00:00:00+00:00,,,,,,,,,,,,,,0.0,0.0,,,,
2019-09-06 00:00:00+00:00,,,,,,,,,,,,,,0.0,0.0,,,,
2019-09-07 00:00:00+00:00,,,,,,,,,,,,,,0.0,0.0,,,,
2019-09-08 00:00:00+00:00,,,0.0,0.0,0.0,,,,,,0.0,0.0,0.0,0.0,0.0,,,,0.0
2019-09-09 00:00:00+00:00,,,0.0,0.0,0.0,,,,,,0.0,0.0,0.0,0.0,0.0,,,,0.0
2019-09-10 00:00:00+00:00,,,0.0,0.0,0.0,,,,,,0.0,0.0,0.0,0.0,0.0,,,,0.0
2019-09-11 00:00:00+00:00,,,0.0,0.0,0.0,,,,,,0.0,0.0,0.0,0.0,0.0,,,,0.0
2019-09-12 00:00:00+00:00,,,0.0,0.0,0.0,,,,,,0.0,0.0,0.0,0.0,0.0,,,,0.0
2019-09-13 00:00:00+00:00,,,0.0,0.0,0.0,,,,,,0.0,0.0,0.0,0.0,0.0,,,,0.0
2019-09-14 00:00:00+00:00,,,0.0,0.0,0.0,,,,,,0.0,0.0,0.0,0.0,0.0,,,,0.0
2019-09-15 00:00:00+00:00,,,0.0,0.0,0.0,,,,,,0.0,0.0,0.0,0.0,0.0,,,,0.0
2019-09-16 00:00:00+00:00,,,0.0,0.0,0.0,,,,,,0.0,0.0,0.0,0.0,0.0,,,,0.0
2019-09-17 00:00:00+00:00,,,0.0,0.0,0.0,,,,,,0.0,0.0,0.0,0.0,0.0,,,,0.0
2019-09-18 00:00:00+00:00,,,0.0,0.0,0.0,,,,,,0.0,0.0,0.0,0.0,0.0,,,,0.0
2019-09-19 00:00:00+00:00,,,0.0,0.0,0.0,,,,,,0.0,0.0,0.0,0.0,0.0,,,,0.0
2019-09-20 00:00:00+00:00,,,0.0,0.0,0.0,,,,,,0.0,0.0,0.0,0.0,0.0,,,,0.0
2019-09-21 00:00:00+00:00,,,0.0,0.0,0.0,,,,,,0.0,0.0,0.0,0.0,0.0,,,,0.0
2019-09-22 00:00:00+00:00,,,0.0,0.0,0.0,,,,,,0.0,0.0,0.0,0.0,0.0,,,,0.0
2019-09-23 00:00:00+00:00,,,0.0,0.0,0.0,,,,,,0.0,0.0,0.0,0.0,0.0,,,,0.0
2019-09-24 00:00:00+00:00,,,0.0,0.0,0.0,,,,,,0.0,0.0,0.0,0.0,0.0,,,,0.0
2019-09-25 00:00:00+00:00,,,0.0,0.0,0.0,,,,,,0.0,0.0,0.0,0.0,0.0,,,,0.0
2019-09-26 00:00:00+00:00,,,0.0,0.0,0.0,,,,,,0.0,0.0,0.0,0.0,0.0,,,,0.0
2019-09-27 00:00:00+00:00,,,0.0,0.0,0.0,,,,,,0.0,0.0,0.0,0.0,0.0,,,,0.0
2019-09-28 00:00:00+00:00,,,0.0,0.0,0.0,,,,,,0.0,0.0,0.0,0.0,0.0,,,,0.0
2019-09-29 00:00:00+00:00,,,0.0,0.0,0.0,,,,,,0.0,0.0,0.0,0.0,0.0,,,,0.0
2019-09-30 00:00:00+00:00,,,0.0,0.0,0.0,,,,,,0.0,0.0,0.0,0.0,0.0,,,,0.0
2019-10-01 00:00:00+00:00,,,0.0,0.0,0.0,,,,,,0.0,0.0,0.0,0.0,0.0,,,,0.0
2019-10-02 00:00:00+00:00,,,0.0,0.0,0.0,,,,,,0.0,0.0,0.0,0.0,0.0,,,,0.0
2019-10-03 00:00:00+00:00,,,0.0,0.0,0.0,,,,,,0.0,0.0,0.0,0.0,0.0,,,,0.0
2019-10-04 00:00:00+00:00,,,0.0,0.0,0.0,,,,,,0.0,0.0,0.0,0.0,0.0,,,,0.0
2019-10-05 00:00:00+00:00,,,0.0,0.0,0.0,,,,,,0.0,0.0,0.0,0.0,0.0,,,,0.0
2019-10-06 00:00:00+00:00,,,0.0,0.0,0.0,,,,,,0.0,0.0,0.0,0.0,0.0,,,,0.0
2019-10-07 00:00:00+00:00,,,0.0,0.0,0.0,,,,,,0.0,0.0,0.0,0.0,0.0,,,,0.0
2019-10-08 00:00:00+00:00,,,0.0,0.0,0.0,,,,,,0.0,0.0,0.0,0.0,0.0,,,,0.0
2019-10-09 00:00:00+00:00,,,0.0,0.0,0.0,,,,,,0.0,0.0,0.0,0.0,0.0,,,,0.0
2019-10-10 00:00:00+00:00,,,0.0,0.0,0.0,,,,,,0.0,0.0,0.0,0.0,0.0,,,,0.0
2019-10-11 00:00:00+00:00,,,0.0,0.0,0.0,,,,,,0.0,0.0,0.0,0.0,0.0,,,,0.0
2019-10-12 00:00:00+00:00,,,0.0,0.0,0.0,,,,,,0.0,0.0,0.0,0.0,0.0,,,,0.0
2019-10-13 00:00:00+00:00,,,0.0,0.0,0.0,,,,,,0.0,0.0,0.0,0.0,0.0,,,,0.0
2019-10-14 00:00:00+00:00,,,0.0,0.0,0.0,,,,,,0.0,0.0,0.0,0.0,0.0,,,,0.0
2019-10-15 00:00:00+00:00,,,0.0,0.0,0.0,,,,,,0.0,0.0,0.0,0.0,0.0,,,,0.0
2019-10-16 00:00:00+00:00,,,0.0,0.0,0.0,,,,,,0.0,0.0,0.0,0.0,0.0,,,,0.0
2019-10-17 00:00:00+00:00,,,0.0,0.0,0.0,,,,,,0.0,0.0,0.0,0.0,0.0,,,,0.0
2019-10-18 00:00:00+00:00,,,0.0,0.0,0.0,,,,,,0.0,0.0,0.0,0.0,0.0,,,,0.0
2019-10-19 00:00:00+00:00,,,0.0,0.0,0.0,,,,,,0.0,0.0,0.0,0.0,0.0,,,,0.0
2019-10-20 00:00:00+00:00,,,0.0,0.0,0.0,,,,,,0.0,0.0,0.0,0.0,0.0,,,,0.0
2019-10-21 00:00:00+00:00,,,0.0,0.0,0.0,,,,,,0.0,0.0,0.0,0.0,0.0,,,,0.0
2019-10-22 00:00:00+00:00,,,0.0,0.0,0.0,,,,,,0.0,0.0,0.0,0.0,0.0,,,,0.0
2019-10-23 00:00:00+00:00,,,0.0,0.0,0.0,,,,,,0.0,0.0,0.0,0.0,0.0,,,,0.0
2019-10-24 00:00:00+00:00,,,0.0,0.0,0.0,,,,,,0.0,0.0,0.0,0.0,0.0,,,,0.0
2019-10-25 00:00:00+00:00,,,0.0,0.0,0.0,,,,,,0.0,0.0,0.0,0.0,0.0,,,,0.0
2019-10-26 00:00:00+00:00,,,0.0,0.0,0.0,,,,,,0.0,0.0,0.0,0.0,0.0,,,,0.0
2019-10-27 00:00:00+00:00,,,0.0,0.0,0.0,,,,,,0.0,0.0,0.0,0.0,0.0,,,,0.0
2019-10-28 00:00:00+00:00,,,0.0,0.0,0.0,,,,,,0.0,0.0,0.0,0.0,0.0,,,,0.0
2019-10-29 00:00:00+00:00,,,0.0,0.0,0.0,,,,,,0.0,0.0,0.0,0.0,0.0,,,,0.0
2019-10-30 00:00:00+00:00,,,0.0,0.0,0.0,,,,,,0.0,0.0,0.0,0.0,0.0,,,,0.0
2019-10-31 00:00:00+00:00,,,0.0,0.0,0.0,,,,,,0.0,0.0,0.0,0.0,0.0,,,,0.0
2019-11-01 00:00:00+00:00,,,0.0,0.0,0.0,,,,,,0.0,0.0,0.0,0.0,0.0,,,,0.0
2019-11-02 00:00:00+00:00,,,0.0,0.0,0.0,,,,,,0.0,0.0,0.0,0.0,0.0,,,,0.0
2019-11-03 00:00:00+00:00,,,0.0,0.0,0.0,,,,,,0.0,0.0,0.0,0.0,0.0,,,,0.0
2019-11-04 00:00:00+00:00,,,0.0,0.0,0.0,,,,,,0.0,0.0,0.0,0.0,0.0,,,,0.0
2019-11-05 00:00:00+00:00,,,0.0,0.0,0.0,,,,,,0.0,0.0,0.0,0.0,0.0,,,,0.0
2019-11-06 00:00:00+00:00,,,0.0,0.0,0.0,,,,,,0.0,0.0,0.0,0.0,0.0,,,,0.0
2019-11-07 00:00:00+00:00,,,0.0,0.0,0.0,,,,,,0.0,0.0,0.0,0.0,0.0,,,,0.0
2019-11-08 00:00:00+00:00,,,0.0,0.0,0.0,,,,,,0.0,0.0,0.0,0.0,0.0,,,,0.0
2019-11-09 00:00:00+00:00,,,0.0,0.0,0.0,,,,,,0.0,0.0,0.0,0.0,0.0,,,,0.0
2019-11-10 00:00:00+00:00,,,0.0,0.0,0.0,,,,,,0.0,0.0,0.0,0.0,0.0,,,,0.0
2019-11-11 00:00:00+00:00,,,0.0,0.0,0.0,,,,,,0.0,0.0,0.0,0.0,0.0,,,,0.0
2019-11-12 00:00:00+00:00,,,0.0,0.0,0.0,,,,,,0.0,0.0,0.0,0.0,0.0,,,,0.0
2019-11-13 00:00:00+00:00,,,0.0,0.0,0.0,,,,,,0.0,0.0,0.0,0.0,0.0,,,,0.0
2019-11-14 00:00:00+00:00,,,0.0,0.0,0.0,,,,,,0.0,0.0,0.0,0.0,0.0,,,,0.0
2019-11-15 00:00:00+00:00,,,0.0,0.0,0.0,,,,,,0.0,0.0,0.0,0.0,0.0,,,,0.0
2019-11-16 00:00:00+00:00,,,0.0,0.0,0.0,,,,,,0.0,0.0,0.0,0.0,0.0,,,,0.0
2019-11-17 00:00:00+00:00,,,0.0,0.0,0.0,,,,,,0.0,0.0,0.0,0.0,0.0,,,,0.0
2019-11-18 00:00:00+00:00,,,0.0,0.0,0.0,,,,,,0.0,0.0,0.0,0.0,0.0,,,,0.0
2019-11-19 00:00:00+00:00,,,0.0,0.0,0.0,,,,,,0.0,0.0,0.0,0.0,0.0,,,,0.0
2019-11-20 00:00:00+00:00,,,0.0,0.0,0.0,,,,,,0.0,0.0,0.0,0.0,0.0,,,,0.0
2019-11-21 00:00:00+00:00,,,0.0,0.0,0.0,,,,,,0.0,0.0,0.0,0.0,0.0,,,,0.0
2019-11-22 00:00:00+00:00,,,0.0,0.0,0.0,,,,,,0.0,0.0,0.0,0.0,0.0,,,,0.0
2019-11-23 00:00:00+00:00,,,0.0,0.0,0.0,,,,,,0.0,0.0,0.0,0.0,0.0,,,,0.0
2019-11-24 00:00:00+00:00,,,0.0,0.0,0.0,,,,,,0.0,0.0,0.0,0.0,0.0,,,,0.0
2019-11-25 00:00:00+00:00,,,0.0,0.0,0.0,,,,,,0.0,0.0,0.0,0.0,0.0,,,,0.0
2019-11-26 00:00:00+00:00,,,0.0,0.0,0.0,,,,,,0.0,0.0,0.0,0.0,0.0,,,,0.0
2019-11-27 00:00:00+00:00,,,0.0,0.0,0.0,,,,,,0.0,0.0,0.0,0.0,0.0,,,,0.0
2019-11-28 00:00:00+00:00,,,0.0,0.0,0.0,,,,,,0.0,0.0,0.0,0.0,0.0,,,,0.0
2019-11-29 00:00:00+00:00,,,0.0,0.0,0.0,,,,,,0.0,0.0,0.0,0.0,0.0,,,,0.0
2019-11-30 00:00:00+00:00,,,0.0,0.0,0.0,,,,,,0.0,0.0,0.0,0.0,0.0,,,,0.0
2019-12-01 00:00:00+00:00,,,0.0,0.0,0.0,,,,,,0.0,0.0,0.0,0.0,0.0,,,,0.0
2019-12-02 00:00:00+00:00,,,0.0,0.0,0.0,,,,,,0.0,0.0,0.0,0.0,0.0,,,,0.0
2019-12-03 00:00:00+00:00,,,0.0,0.0,0.0,,,,,,0.0,0.0,0.0,0.0,0.0,,,,0.0
2019-12-04 00:00:00+00:00,,,0.0,0.0,0.0,,,,,,0.0,0.0,0.0,0.0,0.0,,,,0.0
2019-12-05 00:00:00+00:00,,,0.0,0.0,0.0,,,,,,0.0,0.0,0.0,0.0,0.0,,,,0.0
2019-12-06 00:00:00+00:00,,,0.0,0.0,0.0,,,,,,0.0,0.0,0.0,0.0,0.0,,,,0.0
2019-12-07 00:00:00+00:00,,,0.0,0.0,0.0,,,,,,0.0,0.0,0.0,0.0,0.0,,,,0.0
2019-12-08 00:00:00+00:00,,,0.0,0.0,0.0,,,,,,0.0,0.0,0.0,0.0,0.0,,,,0.0
2019-12-09 00:00:00+00:00,,,0.0,0.0,0.0,,,,,,0.0,0.0,0.0,0.0,0.0,,,,0.0
2019-12-10 00:00:00+00:00,,,0.0,0.0,0.0,,,,,,0.0,0.0,0.0,0.0,0.0,,,,0.0
2019-12-11 00:00:00+00:00,,,0.0,0.0,0.0,,,,,,0.0,0.0,0.0,0.0,0.0,,,,0.0
2019-12-12 00:00:00+00:00,,,0.0,0.0,0.0,,,,,,0.0,0.0,0.0,0.0,0.0,,,,0.0
2019-12-13 00:00:00+00:00,,,0.0,0.0,0.0,,,,,,0.0,0.0,0.0,0.0,0.0,,,,0.0
2019-12-14 00:00:00+00:00,,,0.0,0.0,0.0,,,,,,0.0,0.0,0.0,0.0,0.0,,,,0.0
2019-12-15 00:00:00+00:00,,,0.0,0.0,0.0,,,,,,0.0,0.0,0.0,0.0,0.0,,,,0.0
2019-12-16 00:00:00+00:00,,,0.0,0.0,0.0,,,,,,0.0,0.0,0.0,0.0,0.0,,,,0.0
2019-12-17 00:00:00+00:00,,,0.0,0.0,0.0,,,,,,0.0,0.0,0.0,0.0,0.0,,,,0.0
2019-12-18 00:00:00+00:00,,,0.0,0.0,0.0,,,,,,0.0,0.0,0.0,0.0,0.0,,,,0.0
2019-12-19 00:00:00+00:00,,,0.0,0.0,0.0,,,,,,0.0,0.0,0.0,0.0,0.0,,,,0.0
2019-12-20 00:00:00+00:00,,,0.0,0.0,0.0,,,,,,0.0,0.0,0.0,0.0,0.0,,,,0.0
2019-12-21 00:00:00+00:00,,,0.0,0.0,0.0,,,,,,0.0,0.0,0.0,0.0,0.0,,,,0.0
2019-12-22 00:00:00+00:00,,,0.0,0.0,0.0,,,,,,0.0,0.0,0.0,0.0,0.0,,,,0.0
2019-12-23 00:00:00+00:00,,,0.0,0.0,0.0,,,,,,0.0,0.0,0.0,0.0,0.0,,,,0.0
2019-12-24 00:00:00+00:00,,,0.0,0.0,0.0,,,,,,0.0,0.0,0.0,0.0,0.0,,,,0.0
2019-12-25 00:00:00+00:00,,,0.0,0.0,0.0,,,,,,0.0,0.0,0.0,0.0,0.0,,,,0.0
2019-12-26 00:00:00+00:00,,,0.0,0.0,0.0,,,,,,0.0,0.0,0.0,0.0,0.0,,,,0.0
2019-12-27 00:00:00+00:00,,,0.0,0.0,0.0,,,,,,0.0,0.0,0.0,0.0,0.0,,,,0.0
2019-12-28 00:00:00+00:00,,,0.0,0.0,0.0,,,,,,0.0,0.0,0.0,0.0,0.0,,,,0.0
2019-12-29 00:00:00+00:00,,,0.0,0.0,0.0,,,,,,0.0,0.0,0.0,0.0,0.0,,,,0.0
2019-12-30 00:00:00+00:00,,,0.0,0.0,0.0,,,,,,0.0,0.0,0.0,0.0,0.0,,,,0.0
2019-12-31 00:00:00+00:00,,,0.0,0.0,0.0,,,,,,0.0,0.0,0.0,0.0,0.0,,,,0.0
2020-01-01 00:00:00+00:00,0.0,0.0,0.0,0.0,0.0,0.0,0.0,0.0,0.0,0.0,0.0,0.0,0.0,0.0,0.0,0.0,0.0,0.0,0.0
2020-01-02 00:00:00+00:00,0.0,0.0,0.0,-0.0041160776640052354,0.0,0.0,0.0,0.0,0.0,-0.00797247325437156,-0.020443080148189408,-0.03066462022228411,-0.020443080148189408,0.0,0.0,0.0,0.0,0.0,0.0
2020-01-03 00:00:00+00:00,0.0,0.0,0.0,0.0028390450165325376,0.0,0.0,0.0,0.0,0.0,0.01800226346576239,0.036916362290702054,0.0553745434360533,0.027563658384693213,0.0,0.0,0.0,0.0,0.0,0.0
2020-01-04 00:00:00+00:00,0.0,0.0,0.0,0.0007746920708928684,0.0,0.0,0.0,0.0,0.0,-0.0006532899744671194,-0.000174240109963697,-0.000261360164945601,-0.00022045338831522265,0.0,0.0,0.0,0.0,0.0,0.0
2020-01-05 00:00:00+00:00,0.0,0.0,0.0,-0.0022369782239923808,0.0,0.0,0.0,0.0,0.0,0.0,0.002905489731330979,0.004358234596996358,0.0005930390994994816,0.0,0.0,0.0,0.0,0.0,0.0
2020-01-06 00:00:00+00:00,0.0,0.0,0.0,0.0007841931586183293,0.0,0.0,0.0,0.0,0.0,0.0,-0.0005333333333333856,-0.0008000000000000229,-0.00013333333333331865,0.0,0.0,0.0,0.0,0.0,0.0
2020-01-07 00:00:00+00:00,0.0,0.0,0.0,0.019214209153451733,0.0,0.0,0.0,0.0,0.0,0.0,0.0,0.0,0.0,0.0,0.0,0.0,0.0,0.0,0.0
2020-01-08 00:00:00+00:00,0.0,0.0,0.0,0.0004141666869903471,0.0,0.0,0.0,0.0,0.0,0.0,0.0,0.0,0.0,0.0,0.0,0.0,0.0,0.0,-0.004026786816997641
2020-01-09 00:00:00+00:00,0.0,0.0,0.0,-0.003943602518424516,0.0,0.0,0.0,0.0,0.0,0.0,0.0,0.0,0.0,0.0,0.0,0.0,0.0,0.0,-0.010102766828333776
2020-01-10 00:00:00+00:00,0.0,0.0,0.0,0.0019443503713032495,0.0,0.0,0.0,0.0,0.0,0.0,0.0,0.0,0.0,0.0,0.0,0.0,0.0,0.0,0.016498212736311135
2020-01-11 00:00:00+00:00,0.0,0.0,0.0,-0.0028648931289392277,0.0,0.0,0.0,0.0,0.0,0.0,0.0,0.0,0.0,0.0,0.0,0.0,0.0,0.0,-0.007705677003606581
2020-01-12 00:00:00+00:00,0.0,0.0,0.0,-0.0016268573082731663,0.0,0.0,0.0,0.0,0.0,0.0,0.0,0.0,0.0,0.0,0.0,0.0,0.0,0.0,0.006783957685520647
2020-01-13 00:00:00+00:00,0.0,0.0,0.0,-0.003786217921372126,0.0,0.0,0.0,0.0,0.0,0.0,0.0,0.0,0.0,0.0,0.0,0.0,0.0,0.0,-0.0030818402144090484
2020-01-14 00:00:00+00:00,0.0,0.0,0.0,0.01475753556180881,0.0,0.0,0.0,0.0,0.0,0.0,0.0,0.0,0.0,0.005577028005245177,0.017515190748261356,0.0,0.0,0.0,0.029100908443948192
2020-01-15 00:00:00+00:00,0.0,0.0,0.0,0.0013907245589943606,0.0,0.0,0.0,0.0,0.0,0.0,0.0,0.0,0.0,0.0028519525693291303,-0.005111651441535692,0.0,0.0,0.0,-0.00024974331444760356
2020-01-16 00:00:00+00:00,0.0,0.0,0.0,0.00029054057738187034,0.0,0.0,0.0,0.0,0.0,0.0,0.0,0.0,0.0,0.0059161790392598945,0.0,0.0,0.0,0.0,-0.004066118984874967
2020-01-17 00:00:00+00:00,0.0,0.0,0.0,0.0023122140084319565,0.0,0.0,0.0,-0.0013560215645123108,-0.0013560215645123108,0.0,0.0,0.0,0.0,0.0008185391053265878,-0.0036033650957006946,0.0,0.0,0.0,0.007129141014396545
2020-01-18 00:00:00+00:00,0.0,0.0,0.0,0.006467490014678168,0.0,0.0,0.0,-0.002694389826766508,-0.002694389826766508,0.0,0.0,0.0,0.0,0.005805743909530925,-0.0013674953813237467,0.0,0.0,0.0,-3.2050362888114137e-06
2020-01-19 00:00:00+00:00,0.0,0.0,0.0,-0.002539590496787869,0.0,0.0,0.0,-0.022745899834825334,-0.022745899834825334,0.0,0.0,0.0,0.0,0.000851641260818603,-0.0002600759622098936,0.0,0.0,0.0,-0.008686142007469644
2020-01-20 00:00:00+00:00,0.0,0.0,0.0,0.0018995369066940881,0.0,0.0,0.0,-0.002772401742916819,-0.002772401742916819,0.0,0.0,0.0,0.0,-0.0027622039345532867,0.0,0.0,0.0,0.0,-0.002311634338052704
2020-01-21 00:00:00+00:00,0.0,0.0,0.0,0.00046363262646575976,0.0,0.0,0.0,0.004408989044040634,0.004408989044040634,0.0,0.0,0.0,0.0,0.0,0.0,0.0,0.0,0.0,0.0034312638535645146
2020-01-22 00:00:00+00:00,0.0,0.0,0.0,0.0002249656100126174,0.0,0.0,0.0,-0.0028243849467621818,-0.0028243849467621818,0.0,0.0,0.0,0.0,0.0,0.0,0.0,-0.00255344464721996,0.0,-0.0023611410976677183
2020-01-23 00:00:00+00:00,0.0,0.0,0.0,0.0028011430050656205,0.0,0.0,0.0,-0.005476252987266839,-0.005476252987266839,0.0,0.0,0.0,0.0,0.0,0.0,0.0,-0.012774106565708099,0.0,-0.010775910684582168
2020-01-24 00:00:00+00:00,0.0,0.0,0.0,-0.0015543838373537344,0.0,0.0,0.0,0.0,0.0,0.0,0.0,0.0,0.0,0.0,0.0,0.0,0.0,0.0,0.0009181956757828846
2020-01-25 00:00:00+00:00,0.0,0.0,0.0,0.00048136389978536975,0.0,0.0,0.0,0.0,0.0,0.0,0.0,0.0,0.0,-0.0007865130774479256,0.0,0.0,0.0,0.0,-0.003986931933485094
2020-01-26 00:00:00+00:00,0.0,0.0,0.0,0.0011358524705773476,0.0,0.0,0.0,0.0,0.0,0.0,0.0,0.0,0.0,5.1552105766239364e-05,0.0,0.0,0.0,0.0,0.010559482581269375
2020-01-27 00:00:00+00:00,0.0,0.0,-0.007667834187347955,-0.008245940087115211,0.0,0.0,0.0,0.0,0.0,0.0,0.0,0.0,0.003902544132422525,0.0,0.0,0.0,0.0,0.0,0.01160567202518581
2020-01-28 00:00:00+00:00,0.0,0.0,-0.007196263695055327,-0.00956467376978054,0.0,0.0,0.0,0.0,0.0,0.0,0.027874209231031788,0.04181131384654768,0.014036965448849248,0.0,-0.0006366936654436106,0.0,0.0,0.0,0.017734958129710154
2020-01-29 00:00:00+00:00,0.0,0.0,-0.0009082180055642874,-2.177524892332805e-05,0.0,0.0,0.0,-0.0038869390709895812,-0.0038869390709895812,0.0,-0.00867903147725635,-0.01301854721588458,-0.006472127774608927,-0.001009618243620669,-0.0027841362065000874,0.0,0.0,0.0,-0.0004410799999999826
2020-01-30 00:00:00+00:00,0.0,0.0,0.013736316185618547,0.009805970264338493,0.0,0.0,0.0,0.013329379128065755,0.013329379128065755,0.0,0.028534292761810187,0.04280143914271539,0.02848302776181022,0.0,0.002547045482143906,0.0,0.0,0.0,0.0
2020-01-31 00:00:00+00:00,0.0,0.0,-0.003856660807509349,-0.0017956398203727852,0.0,0.0,0.0,-0.01629402461770124,-0.01629402461770124,0.0,-0.016273443985462488,-0.024410165978193787,-0.016273443985462488,-0.0036055963850546435,-0.002245867207060548,0.0,0.0,0.0,0.0
2020-02-01 00:00:00+00:00,0.0,0.0,0.0057386100181304744,0.00444785017900462,0.0,0.0,0.0,0.006510595935896424,0.006510595935896424,0.0,0.0065021038547832255,0.009753155782174838,0.0065021038547832255,0.0012959740323499336,0.0,0.0,0.0,0.0,0.0
2020-02-02 00:00:00+00:00,0.0,0.0,0.010865331724995597,0.008939079574745268,0.0,0.0,0.0,0.006392150500137417,0.006392150500137417,0.0,0.006281128688497173,0.00942169303274576,0.006281128688497173,-0.0006770489398363333,0.0,0.0,0.0,0.0,0.0
2020-02-03 00:00:00+00:00,0.0,0.0,0.003886403452926901,0.003386122584706497,0.0,0.0,0.0,0.0003783342686887181,0.0003783342686887181,0.0,0.00033118207152882384,0.0004967731072933468,7.28223869799205e-05,0.0012560126108986935,0.0,0.0,0.0,0.0,0.0
2020-02-04 00:00:00+00:00,0.0,0.0,0.002441955358843284,0.0028757818093190224,0.0,0.0,0.0,-0.0061551181629034835,-0.0061551181629034835,0.0,-0.0061710913646009224,-0.009256637046901384,-0.003315426515633768,-0.0004221864836364553,0.0,0.0,0.0,0.0,0.0
2020-02-05 00:00:00+00:00,0.0,0.0,0.010845010293743185,0.004796378256558986,0.0,0.0,0.0,0.04128380678797239,0.04128380678797239,0.0,0.04164767630237676,0.062471514453565025,0.010278585742260926,0.0017171012947527764,0.0008263967497632585,0.0,0.0,0.0,0.0
2020-02-06 00:00:00+00:00,0.0,0.0,0.010086042920735894,0.0064300853926630985,0.0,0.0,0.0,0.018197783242585253,0.018197783242585253,0.0,-0.0013889166666666286,-0.0020833749999999984,-0.0003472291666666294,0.0032463514979079733,0.002750147624510646,0.0,0.0,0.0,0.0
2020-02-07 00:00:00+00:00,0.0,0.0,0.014553266144947896,0.00997932912396271,0.0,0.0,0.0,0.016744626278485386,0.016744626278485386,0.0,0.0,0.0,0.0,-0.0009627656903449244,0.0,0.0,0.0,0.0,0.0
2020-02-08 00:00:00+00:00,0.0,0.0,-0.0024758744929094245,-0.0023952112157374916,0.0,0.0,0.0,0.0020690480539584666,0.0020690480539584666,0.0,0.0,0.0,0.0,0.004910390056882541,0.0,0.0,0.0,-0.004757956834779753,0.0
2020-02-09 00:00:00+00:00,0.0,0.0,-0.0013225206345630625,-0.0034095608219005813,0.0,0.0,0.0,0.014642569247587334,0.014642569247587334,0.0,0.0,0.0,0.0,0.0,0.0,0.0,0.0,0.006683150570242713,0.0
2020-02-10 00:00:00+00:00,0.0,0.0,0.0006638185414975517,0.004021086477681068,0.0,0.0,0.0,-0.02125156610174328,-0.02125156610174328,0.0,0.0,0.0,0.0,0.0,0.0,0.0,0.0,-0.00461761559652718,0.0
2020-02-11 00:00:00+00:00,0.0,0.0,0.008053315631930902,0.0016569075197365724,0.0,0.0,0.0,0.031662534058755076,0.031662534058755076,0.0,0.0,0.0,0.0,-0.00040155640091532607,-2.317291407649691e-06,0.0,0.0,0.0,0.0
2020-02-12 00:00:00+00:00,0.0,0.0,0.03637439820012145,0.02391462872061223,0.0,0.0,0.0,0.038938111376604745,0.038938111376604745,0.0,0.0,0.0,0.0,0.0034698109405431055,0.01929573095380399,0.0,0.0,0.0,0.0
2020-02-13 00:00:00+00:00,0.0,0.0,0.005352286620714519,0.004809174678729544,0.0,0.0,0.0,-0.0026414510103720534,-0.0026414510103720534,0.0,0.0,0.0,0.0,0.005567287972659596,0.0014422407459309117,0.0,0.0,0.0,0.0
2020-02-14 00:00:00+00:00,0.0,0.0,0.016824552407474158,0.009202731181745749,0.0,0.0,0.0,0.02295007386691128,0.02295007386691128,0.0,0.0,0.0,0.0,0.0024009143313448167,0.0,0.0,0.0,0.0027599024252280557,0.0
2020-02-15 00:00:00+00:00,0.0,0.0,-0.009604034429368413,0.00016428195257622846,0.0,0.0,0.0,-0.039891402936115816,-0.039891402936115816,0.0,0.0,0.0,0.0,0.0015848109598699534,0.001626608318900935,0.0,0.0,-0.025012661373937317,0.0
2020-02-16 00:00:00+00:00,0.0,0.0,-0.008653490260203234,-0.005035651069286273,0.0,0.0,0.0,-0.010697258295960244,-0.010697258295960244,0.0,0.0,0.0,0.0,-0.01274300774927506,0.0,0.0,0.0,0.00046333863098624306,0.0
2020-02-17 00:00:00+00:00,0.0,0.0,0.018623987020528032,0.013961737217045522,0.0,0.0,0.0,0.011290730532139692,0.011290730532139692,0.0,0.0,0.0,0.0,0.01306978633001843,0.005770814010135572,-0.007662694705355744,0.0,-0.007662694705355744,0.0
2020-02-18 00:00:00+00:00,0.0,0.0,0.002923451291670487,-0.004669646454803611,0.0,0.0,0.0,0.018334331337790388,0.018334331337790388,0.0,0.0,0.0,0.0,0.0018708129031221876,0.001336816882069547,0.015354108615819095,0.0,0.015354108615819095,0.0
2020-02-19 00:00:00+00:00,0.0,0.0,-0.01026922454955792,0.0010616145023882861,0.0,0.0,0.0,-0.02996355443350629,-0.02996355443350629,0.0,0.0,0.0,0.0,-0.008780689413628084,-0.0006983489157088574,-0.019440703466486298,0.0,-0.019440703466486298,0.0
2020-02-20 00:00:00+00:00,0.0,0.0,-0.002023672030822765,-0.0013137812182436592,0.0,0.0,-0.007636876432113526,-0.0017266511901650183,-0.0017266511901650183,0.0,0.0,0.0,0.0,0.005222777432027037,0.0019341246345234708,0.000190892865400194,0.0,-0.0002666666666666373,0.0
2020-02-21 00:00:00+00:00,0.0,0.0,0.007442817182260697,0.0034981457044991338,0.0,0.0,0.0,0.010072238485078655,0.010072238485078655,0.0,0.0,0.0,0.0,7.820966787575045e-05,0.0,0.0026840891932582434,0.0,0.0,0.0
2020-02-22 00:00:00+00:00,0.0,0.0,-0.004191244235596692,-0.0022142628474978165,0.0,0.0,0.0,-0.005026748430838834,-0.005026748430838834,0.0,0.0,0.0,0.0,-9.578043224023336e-05,0.0,-0.0008693177681899922,0.0,0.0,0.0
2020-02-23 00:00:00+00:00,0.0,0.0,0.006424301323089576,7.799859923229846e-05,0.0,0.0,0.0,0.015609885700686998,0.015609885700686998,0.0,0.0,0.0,0.0,0.0,-4.006842193027271e-05,0.009301888188860241,0.0,0.0,0.0
2020-02-24 00:00:00+00:00,0.0,0.0,-0.0016209591016750347,0.002842007862313256,0.0,0.0,0.0,-0.011227493079572826,-0.011227493079572826,0.0,0.0,0.0,0.0,0.0,-0.001988399403595964,-0.009656838156955838,0.0,0.0,0.0
2020-02-25 00:00:00+00:00,0.0,0.0,-0.011847471184249003,-0.0024985807882192956,0.0,0.0,-3.891538637834646e-05,-0.010201929232288132,-0.010201929232288132,0.0,0.0,0.0,-0.009013745624935954,0.0,0.0,-0.00034129666666671277,0.009822699126979195,0.0,0.0
2020-02-26 00:00:00+00:00,0.0,0.0,-0.012127287108706919,0.000978354445435814,0.0,0.0,-0.0023941714134027015,0.014289965675230887,0.0,0.0,-0.05118543045204815,-0.07677814567807228,-0.025545464392690787,-0.002511638189679366,-0.0023655180386092933,0.0,0.053348323321565694,0.0,0.0
2020-02-27 00:00:00+00:00,0.0,0.0,0.004365208714283808,0.001978284214742443,0.0,0.0,-0.008772185814964528,-0.0011944021814488393,0.0,0.0,0.006629968672649422,0.009944953008974133,0.004878612337820387,0.00445680592044595,0.0071070266215031985,0.0,-0.0073911941958837435,0.0,0.0
2020-02-28 00:00:00+00:00,0.0,0.0,0.0034273652278753453,0.004132462368381162,0.0,0.0,0.0,0.004770383655101185,0.0,0.0,-0.006485676951650143,-0.009728515427475326,-0.006583622784983478,-0.00010003476146980272,0.0018623003283428918,0.0,0.00556330927905635,0.0,0.0
2020-02-29 00:00:00+00:00,0.0,0.0,-0.007652084213653931,-0.000828615656955467,0.0,0.0,0.0,0.007027855926210691,0.0,0.0,-0.02170379166137537,-0.03255568749206306,-0.02170379166137537,-0.0008634691955375917,0.0,0.0,0.0217290283888103,0.0,0.0
2020-03-01 00:00:00+00:00,0.0,0.0,0.0009109920576193531,0.0005549088625889098,0.0,0.0,0.0,4.840990263721423e-05,0.0,0.0,0.0006063336358985705,0.0009095004538477447,0.0006063336358985705,0.0002670137748082002,0.0,0.0,-0.0013090855226346454,0.0,0.0
2020-03-02 00:00:00+00:00,0.0,0.0,0.006843329058344949,-0.003236592752866807,0.0,0.0,0.0,-0.014444846349563445,0.0,0.0,0.036402261087367105,0.05460339163105066,0.036402261087367105,-0.002886669670235986,0.0,0.0,-0.03515170946386226,0.0,0.0
2020-03-03 00:00:00+00:00,0.0,0.0,-0.005973448565310013,-0.0006332579994542398,0.0,0.0,0.0,0.005831573058772355,0.0,0.0,-0.017735870320899738,-0.02660380548134955,-0.013435236074008094,0.0015182880482571548,0.0,0.0,0.017579611969988918,0.0,0.0
2020-03-04 00:00:00+00:00,0.0,0.0,0.0006683632925668093,0.000587059965663439,0.0,0.0,0.0,0.00045560095909746856,0.0,0.0,-0.0003132186964044381,-0.00046982804460660166,-0.00030721851486892326,0.0,0.0,0.0,0.00015033684621346133,0.0,0.0
2020-03-05 00:00:00+00:00,0.0,0.0,-0.005608623888699982,0.007516704066862889,0.0,0.0,0.0,-0.013247255048159934,0.0,0.0,0.017385120994256154,0.02607768149138434,0.004197095248564153,0.0,0.0,0.0,-0.01745801689476656,0.0,0.0
2020-03-06 00:00:00+00:00,0.0,0.0,0.021053591765515245,-0.01066954982256152,0.0,0.0,0.0,0.0,0.0,0.0,-0.0006591766666667054,-0.0009887650000000026,-0.0001647941666667041,0.0,0.0,0.0,-0.025785510717015403,0.006638099153236654,0.0
2020-03-07 00:00:00+00:00,0.0,0.0,-0.0012155774447962786,-0.003615241351657028,0.0,0.0,0.0,0.0,0.0,0.0,0.0,0.0,0.0,0.0,0.0,0.0,0.019672243541720036,-0.010432551042601546,0.0
2020-03-08 00:00:00+00:00,0.0,0.0,-0.020908515428260666,-0.003535353533632324,0.0,0.0,0.0,0.014268901111635701,0.0,0.0,0.0,0.0,0.0,-0.0009017484004069098,-0.00046116355280056975,0.0,0.09330040707132792,-0.008063180528598113,0.0
2020-03-09 00:00:00+00:00,0.0,0.0,0.0100886713463193,-0.007596862270977112,0.0,0.0,0.0,-0.0021362683186726406,0.0,0.0,0.0,0.0,0.0,0.014734778324247744,0.012049064646163954,0.0,0.004174133937252966,0.0,0.004250969545510852
2020-03-10 00:00:00+00:00,0.0,0.0,-0.002029611033886436,0.0004210839203793171,0.0,0.0,0.0,0.003710685127845448,0.0,0.0,0.0,0.0,0.0,0.004593531620956881,0.006534086006058315,0.0,0.0009543421332711688,0.0,0.0015388156664501995
2020-03-11 00:00:00+00:00,0.0,0.0,-0.011935483835750382,0.007167593096852443,0.0,0.0,0.0,0.008525146259632299,0.0,0.0,0.0,0.0,0.0,-0.011035903910193712,0.0,0.0,-0.0016213337055264176,0.0,-0.0015527495417400061
2020-03-12 00:00:00+00:00,0.0,0.0,-0.017216022525203156,-0.05247775082133577,0.0,0.0,0.0,0.3726950116967995,0.0,0.0,0.0,0.0,0.0,0.11769169154392611,-0.0413178828624029,0.0,0.072299013698508,0.0,0.1333830704920309
2020-03-13 00:00:00+00:00,0.0,0.0,0.027743817811435756,-0.009343013550695778,0.0,0.0,0.0,-0.13167470700208406,0.0,0.04579085225746926,0.0,0.0,0.0,0.07631649664103302,0.10695795538568809,0.0,0.0,0.0,-0.0002869100000000291
2020-03-14 00:00:00+00:00,0.0,0.0,-0.005128189469216338,-0.0009508485931142285,0.0,0.0,0.0,0.05471381748854265,0.0,-0.052898134077935755,0.0,0.0,0.0,0.045766535191597235,-0.008640892600629613,0.0,0.0,0.0,0.0
2020-03-15 00:00:00+00:00,0.0,0.0,-0.009142042383559534,0.009869864255951377,0.0,0.0,0.0,-0.020746760619312465,0.0,0.016142099416462274,0.0,0.0,0.0,-0.019797034684921444,-0.013597007345825585,0.0,0.0,0.0,0.0
2020-03-16 00:00:00+00:00,0.0,0.0,0.013446394655170613,0.007656888410517482,0.0,0.0,0.0,0.030255364871178525,0.0,-0.07287956857540823,0.0,0.0,0.0,0.0549306631052795,0.0046097990300923986,0.0,0.0,0.0,0.0
2020-03-17 00:00:00+00:00,0.0,0.0,0.004848301245540698,0.007664948624030998,0.0,0.0,0.0,-0.014325137062832671,0.0,0.018747509771280813,0.0,0.0,0.0,0.01911141932958338,0.013495315414637998,0.0,0.0,0.0,0.0
2020-03-18 00:00:00+00:00,0.0,0.0,-0.001435146906763607,-3.559579084222442e-05,0.0,0.0,0.0,-0.007605860747688875,0.0,0.005935055995674121,0.0,0.0,0.0,-0.010337923078616584,-0.0002519947311340198,0.0,0.0,0.0,0.0
2020-03-19 00:00:00+00:00,0.0,0.0,-0.003741813633285296,0.006481818949976681,0.0,0.0,0.0,-0.00019999999999997797,0.0,0.046578955586386916,0.0,0.0,0.0,-0.013118954993273646,0.003329813198276632,0.0,0.0,0.0,0.0
2020-03-20 00:00:00+00:00,0.0,0.0,0.009744375988681497,0.008338230995458717,0.0,0.0,0.0,0.0,0.0,0.003340640253122862,0.0,0.0,0.0,0.01630575602556039,0.0022864742630959167,0.0,0.0,0.0,0.0
2020-03-21 00:00:00+00:00,-0.0009394716739447029,0.002509581531111804,0.0011031684978253242,0.0006831636560828969,0.0,0.0,0.0,0.0,0.0,-0.0010123449769452453,0.0,0.0,0.0,0.023853733685518907,0.011250888650840896,0.0,0.0,0.0,0.0
2020-03-22 00:00:00+00:00,-0.0010074215521664875,0.014286527181311959,0.006000630684665387,0.0010046635260254622,0.0,0.0,0.0,0.0,0.0,-0.020314837612695702,0.0,0.0,0.0,-0.015236448290454785,-0.002678496472225067,0.0,0.0,0.0,0.0
2020-03-23 00:00:00+00:00,0.0,-0.022488944200326433,0.0003122404580055971,0.007355501910631279,0.0,0.0,0.0,0.0,0.0,0.03691806579696477,0.0,0.0,0.0,0.02574638642945004,0.003861235599994961,0.0,0.0,0.0,0.0
2020-03-24 00:00:00+00:00,0.0005167736278488544,-0.006860674091382135,0.008361875366451388,0.009444462566875256,0.0,0.0,0.0,0.0,0.0,0.014190920444955069,0.0,0.0,0.0,-0.0047558779670123785,0.0,0.0,0.0,0.0,0.0
2020-03-25 00:00:00+00:00,-0.002111758587065693,0.002478948897287836,0.0021650210122048374,0.0011522716995964188,0.0,0.0,0.0,0.0,0.0,-0.0032235121287167434,0.0,0.0,0.0,0.005882374732791629,0.001372179920689165,0.0,0.0,0.0,0.0
2020-03-26 00:00:00+00:00,0.0003824018233171689,-0.00253233087400051,-0.0024371255102118017,-0.0014571060290486937,0.0,0.0,0.0,0.0,0.0,0.0022449270251274633,0.0,0.0,0.0,-0.0008669113748634993,0.0,0.0,0.0,0.0,0.0
2020-03-27 00:00:00+00:00,-0.0015824614073409737,0.011392852781450191,-0.0016073395993445594,-0.004718418422178683,0.0,0.0,0.0,0.0,0.0,0.0,0.0,0.0,-0.009131642320815203,0.0,0.0,0.0,0.0,0.0,0.0
2020-03-28 00:00:00+00:00,-1.6054722222214046e-05,0.0022364793743718803,-0.005397841869597242,-0.005530017668584186,0.0,0.0,0.0,0.0,0.0,-0.00013713212197918878,-0.0073586182721168125,-0.011037927408175219,-0.0035608066360584,0.0005016538131217274,0.0024523062480712454,0.0,0.0,0.0,0.0
2020-03-29 00:00:00+00:00,0.0,0.011351266221624634,-0.0019869474775652263,-0.004935565306549594,0.0,0.0,0.0,0.0,0.0,-0.018966877991479114,-0.03552791614723505,-0.053291874220852686,-0.02677367211042636,-0.013960101574973738,-0.004252305060457373,0.0,0.0,0.0,0.0
2020-03-30 00:00:00+00:00,0.0006523934534186093,-0.015556096423579469,0.009003173152559274,0.01256146554393811,0.0,0.0,0.0,0.0,0.0,0.028927111741728906,0.049926100988384015,0.07488915148257602,0.04976417598838401,0.014849708794912875,0.0016463787981664257,0.0,0.0,0.0,0.0
2020-03-31 00:00:00+00:00,0.00017159560331858614,-0.000719515136303861,-0.00019769433710081774,8.282941231563257e-06,0.0,0.0,0.0,0.0,0.0,0.001073940662760231,0.0022776545940215165,0.0034164818910322747,0.0022776545940215165,4.867617237658273e-05,0.0,0.0,0.0,0.0,0.0
2020-04-01 00:00:00+00:00,0.003298918004197793,-0.004126568975819422,0.004990532752588983,0.006248485986425134,0.0,0.0,0.0,0.0,0.0,0.01292150931918945,0.019989275678682583,0.029983913518023764,0.019989275678682583,0.0005186811655901735,0.001552104236022478,0.0,0.0,0.0,0.0
2020-04-02 00:00:00+00:00,0.0035285448234860795,-0.005144843263183985,-0.006365354402670165,-0.004070514498784705,0.0,0.0,0.0,0.0,0.0,0.00756187920781537,0.02151021354226601,0.032265320313398904,0.02151021354226601,-0.0009998013470626788,-0.006662420576635686,0.0,0.007261293807188318,0.0,0.0
2020-04-03 00:00:00+00:00,-0.00039444709869274064,0.000585681900084678,-0.002787014352827133,-0.0028391396934204227,0.0,0.0,0.0,0.0,0.0,-0.002829394864332979,-0.003411672856613812,-0.005117509284920718,-0.0026912938091270266,0.015406545862814092,-0.0004403791639656651,0.0,-0.002829394864332979,0.0,0.0
2020-04-04 00:00:00+00:00,0.002580980391119869,-0.002979367489775009,-0.0004468520350906502,0.0006251949861377781,0.0,0.0,0.0,0.0,0.0,0.00033790891682627944,0.012465650457827326,0.01869847568674099,0.006106937728913575,0.004837337580953838,0.0,0.0,0.006014517417470833,0.0,0.0
2020-04-05 00:00:00+00:00,-0.0015527760152928005,0.0017298883260268294,-0.0007520281135338092,-0.001300483835590338,0.0,0.0,0.0,0.0,0.0,0.0,-0.007299274964961189,-0.010948912447441672,-0.0019460729079069372,-3.63916666666908e-05,0.0,0.0,-0.004030967359056059,0.0,0.0
2020-04-06 00:00:00+00:00,0.02369204914079437,-0.013782922856642066,-0.03925045128937288,-0.028453413582943954,0.0,0.0,0.0,0.03563508026073703,0.03563508026073703,0.0,-0.0005078800000000161,-0.0007618200000000241,-0.0001269699999999485,0.026612719837989518,0.04500978828870372,0.0,0.02687149147598511,0.013947225399663532,0.0
2020-04-07 00:00:00+00:00,-0.00872938361798059,-0.0006094825347925381,0.006792391554697685,-0.005288866307118223,0.0,0.0,0.0,-0.01279836246455024,-0.01279836246455024,-0.021260234892695906,0.0,0.0,0.0,-0.0002935515538007305,0.001179081361615042,0.0,-0.005997464464235325,-0.005997464464235325,0.0
2020-04-08 00:00:00+00:00,0.011107838093345812,0.00047896107160183554,-0.009795410667967297,0.006773399883659881,0.0,0.0,0.0,0.017360834461968677,0.017360834461968677,0.024924664911574634,0.0,0.0,0.0,0.018806978857748957,0.012933426548594307,0.0,0.007572034294564434,-0.0002241233333333259,0.0
2020-04-09 00:00:00+00:00,-0.004998214684792557,-0.00039618463231327894,0.0037027390478376887,-0.0024360876938801512,0.0,0.0,0.0,-0.007128710649793812,-0.007128710649793812,-0.012628886098107084,0.0,0.0,0.0,-0.0022660411477811726,-0.010512980189283372,0.0,-0.00344897638331787,0.0,0.0
2020-04-10 00:00:00+00:00,-0.01939365396815873,-0.001117015420591061,0.00396671666460402,0.00012195421729055411,0.0,0.0,0.0,-0.03350219093642637,-0.03350219093642637,-0.014916233582238148,0.0,0.0,0.0,-0.0032019684410729,0.0,0.0,-0.01945645730063361,0.0,0.0
2020-04-11 00:00:00+00:00,-0.000557076966092307,-0.0009989011500558531,-0.0003513363206966158,0.0001696968520714659,0.0,0.0,0.0,0.0,0.0,0.0007126338522180919,0.0,0.0,0.0,0.0009196427504529758,0.0,0.0,0.0007126338522180919,0.0,0.0
2020-04-12 00:00:00+00:00,-0.00026473747151922744,-0.0013889255859659277,0.0002288540063382083,-0.00046326655130879413,0.0,0.0,0.0,0.0,0.0,-0.0017126497836646992,0.0,0.0,0.0,0.00156488882919259,-0.0004889215171383077,0.0,0.0013627951423917928,0.0,0.0
2020-04-13 00:00:00+00:00,-0.004665438266343913,-0.0015886772571814811,-0.0027255708646802823,-0.000842740308658052,0.0,0.0,0.0,0.0,0.0,0.003017252880339605,0.0,0.0,0.0,-0.0004556220830232993,0.0,0.0,-0.0030072347011264045,0.0,0.0
2020-04-14 00:00:00+00:00,0.0024461724857958167,0.0,0.002727508178852256,0.00187292593890942,0.0,0.0,0.0,0.0,0.0,0.0015539536820399213,0.0,0.0,0.0,0.0003173669150795533,0.0,0.0,0.0015539536820399213,0.0,0.0
2020-04-15 00:00:00+00:00,-0.009806315580796476,0.0004366324376048336,-0.0003041976085751408,0.002210543096103912,0.0,0.0,0.0,0.0,0.0,-0.012036815151933444,0.0,0.0,0.0,0.0,0.0,0.0,-0.012036815151933444,0.0,0.0
2020-04-16 00:00:00+00:00,0.02539256771120324,-0.0028223762604659974,0.01849678296589663,0.010894476846081913,0.0,0.0,0.0,0.0,0.0,0.024032092868239374,0.0,0.0,0.0,0.006738061534589335,0.007413818681924145,0.015398966811024373,0.03972279308505322,0.015398966811024373,0.0
2020-04-17 00:00:00+00:00,-0.0031655706367437197,-0.00028147039379522454,9.901116481003669e-05,0.0008254058824286314,0.0,0.0,0.0,0.0,0.0,-0.0035792648118693204,0.0,0.0,0.0,0.0030233983295786526,-0.0005588936705124281,-0.003474173409231285,-0.007052274126827851,-0.003474173409231285,0.0
2020-04-18 00:00:00+00:00,0.021058570239439245,0.0038942390651095504,0.022447844048430587,0.015491034234072831,0.0,0.0,0.0,0.005178802770734903,0.005178802770734903,0.010550447256286288,0.0,0.0,0.0,0.00189009013228425,-0.0002134922822492058,0.026719572451481932,0.03740386872320811,0.004168672437982135,0.0
2020-04-19 00:00:00+00:00,-0.010124156141159246,-0.002825234576542157,-0.007866107623748175,-0.00421552510520129,0.0,0.0,0.0,-0.013571919202407523,-0.013571919202407523,-0.005677232565647006,0.0,0.0,0.0,0.0009802098577953444,-0.006159483480893679,0.0,-0.005677232565647006,0.0,0.0
2020-04-20 00:00:00+00:00,-0.015943033016187047,-0.004050627528994766,-0.004516667516162642,0.0004570450865846176,0.0,0.0,0.0053918788768916315,-0.0176726427406807,-0.0176726427406807,-0.013532424613625027,0.0,0.0,0.0,-0.0032931562270895887,0.0,0.0,-0.013532424613625027,0.0,0.0
2020-04-21 00:00:00+00:00,0.0004623266690171324,-0.00024392770408165898,0.00017692318689732645,-4.772103499772751e-05,0.0,0.0,0.005203492873049109,0.0009088454000063528,0.0009088454000063528,0.0006702469828474555,0.0,0.0,0.0,0.005935885228420812,0.0004371701629009017,0.0,0.0006702469828474555,0.0,0.0
2020-04-22 00:00:00+00:00,0.01919076300049749,0.005018302189014445,0.009379155128177885,0.003000042944421466,0.0,0.0,0.0,0.02298833892826524,0.02298833892826524,0.013795069535604165,0.0,0.0,0.0,-0.009489876186785762,0.0,0.0,0.013795069535604165,0.0,0.0
2020-04-23 00:00:00+00:00,0.0108906422799524,0.002729029329746391,-0.011889768526084143,-0.013587275151353717,0.0,0.0,0.0,0.0031580777529536253,0.0031580777529536253,0.01717982576482191,0.0,0.0,0.0,-0.0026428410182621764,-0.013463948170654882,0.0,0.01896436407292157,0.0,0.0
2020-04-24 00:00:00+00:00,0.0016306167615967038,-0.0004088273301223744,0.0028796781600017862,0.0016949726714194924,0.0,0.0,0.0,0.0046118368977461355,0.0046118368977461355,0.0008643419103719907,0.0,0.0,0.0,0.0030874083360972193,0.003867238722569555,0.0,0.0,0.0,0.0
2020-04-25 00:00:00+00:00,0.007151007359690098,0.002651592778626588,0.010328478293712529,0.006679179137086377,0.0,0.0,0.0,0.012748105412299315,0.012748105412299315,0.0012086388112326762,0.0,0.0,0.0,0.0009801608870301237,-0.002837461658499296,0.0,0.0,0.0,0.0
2020-04-26 00:00:00+00:00,0.009246870769015647,0.005380184176585923,-0.001509849821359155,-0.003250461723128595,0.0,0.0,0.0,0.01247570023652167,0.01247570023652167,0.0010444217529828048,0.0,0.0,0.0030078146332823685,0.0008443324396802954,-0.0038355654657327154,0.0,0.0,0.0,0.0
2020-04-27 00:00:00+00:00,0.0007017437863399145,0.00027748266974936264,-0.005288374427203646,-0.004655274487222583,0.0,0.0,0.0,0.0015033661160550604,0.0015033661160550604,0.0,0.00107582842632592,0.0016137426394886578,0.0006379142131629489,-0.00012987960517907293,0.0,0.0,0.0,0.0,0.0
2020-04-28 00:00:00+00:00,-0.0015855261416816147,-0.0013159363367524213,0.0015547883967301779,0.001616047198544024,0.0,0.0,0.0,-0.0019133442537745404,-0.0019133442537745404,0.0,-0.0019245186952858706,-0.002886778042928695,-0.0015433890214643364,0.0,-0.0009124657780498202,0.0,0.0,0.0,0.0
2020-04-29 00:00:00+00:00,0.0596024771238306,0.0404468800949882,-0.012642132688084895,-0.02450184272737299,0.0,0.0,0.0,0.0763781759747324,0.0763781759747324,0.0,0.07749934636503975,0.11624901954755962,0.07739934636503976,0.013663654976100892,0.03524991404972866,0.0,0.0,0.0,0.0
2020-04-30 00:00:00+00:00,-0.017184434553604522,-0.011556595083984877,-0.00808076845616612,-0.0036363037042583812,0.0,0.0,0.008477636589123927,-0.02058733668019941,-0.02058733668019941,0.0,-0.021062217359765878,-0.031593326039648706,-0.021062217359765878,0.008567985835526981,0.012151472962031784,0.0,0.0,0.0,0.0
2020-05-01 00:00:00+00:00,0.01456193281730589,0.010235834200638116,0.0016654200245334039,-0.0013089960798313705,0.0,0.0,0.0,0.01743896346315088,0.01743896346315088,0.0,0.017311141347853942,0.025966712021781024,0.017311141347853942,0.005919502186363168,0.0,0.0,0.0,0.0,0.0
2020-05-02 00:00:00+00:00,0.006491711216940921,0.004829513757733883,-0.002946081200112305,-0.0037151225621619988,0.0,0.0,0.0,0.007788907228771791,0.007788907228771791,0.0,0.007774172952621727,0.01166125942893248,0.007774172952621727,0.001110855557099777,0.0,0.0,0.0,0.0,0.0
2020-05-03 00:00:00+00:00,-0.007786800389220083,-0.005204291963977092,-0.0036480400610449104,-0.0015636298873212828,0.0,0.0,0.0,-0.009390236034979793,-0.009390236034979793,0.0,-0.009532885300887917,-0.01429932795133182,-0.007291772308999245,0.0,-0.0011867514217372976,0.0,0.0,0.0,0.0
2020-05-04 00:00:00+00:00,-0.0051222716918483124,-0.003272972927096496,0.0033215439705325256,-0.002540164211300988,0.0,0.0,0.0,-0.011035962272593292,-0.011035962272593292,0.0,-0.006402445035215254,-0.009603667552822825,-0.0033361600176076145,-0.00047994349457136654,0.0,0.0,0.0,0.0,0.0
2020-05-05 00:00:00+00:00,0.0026782242252565425,0.0025238871574222443,0.007848984046805452,-0.007088830838558158,0.0,0.0,0.0,0.005562941985391978,0.005562941985391978,0.0,0.003127499136069467,0.004691248704104201,0.0006392431173507518,-0.00022561999098891228,0.0,-0.00013986826405942843,-0.00013986826405942843,-0.00013986826405942843,0.0
2020-05-06 00:00:00+00:00,-0.0049647074543216485,-0.0023452793617227963,0.014932501165314749,0.010764699415133139,0.0,0.0,0.0,0.00457092923068525,0.00457092923068525,0.0,-0.0005333333333333856,-0.0008000000000000229,-0.00013333333333331865,-0.000840625379240012,-0.0014284914903618384,-0.01408556498106428,0.00457092923068525,-0.01408556498106428,0.0
2020-05-07 00:00:00+00:00,0.043786013975108284,0.03195385124374739,0.0088086133063352,0.013824899130573387,0.0,0.0,0.0,0.030104232671450015,0.030104232671450015,0.0,0.0,0.0,0.0,0.002973519135849978,0.012952276445579392,0.05227387042790621,0.030104232671450015,0.02147395782206507,0.0
2020-05-08 00:00:00+00:00,-0.006895636312731157,-0.0054683081397638444,-0.004900673416489143,-0.005213940588340682,0.0,0.0,0.0,-0.006498929014871591,-0.006498929014871591,0.0,0.0,0.0,0.0,0.0026269568297148105,-0.005672089671194147,-0.008093054629643937,-0.006498929014871591,0.0008880135170918901,-0.006697600636748291
2020-05-09 00:00:00+00:00,-0.009481986051037561,-0.007328407530837411,-0.007322046880112287,-0.0076609639251639106,0.0,0.0,0.0,-0.009328311636874309,-0.009328311636874309,0.0,0.0,0.0,0.0,-0.0012426814464444602,0.0,-0.011397893085336785,-0.009328311636874309,0.0,-0.009400024750417013
2020-05-10 00:00:00+00:00,-0.05453155668979981,-0.03844350892490611,0.007242876181792202,0.0019430023017898979,0.0,0.0,0.012368564113588665,-0.0328005251389909,-0.0328005251389909,0.0,0.0,0.0,0.0,0.01829492855633985,0.0,-0.07168261084434124,-0.0328005251389909,0.0,-0.029073315316876513
2020-05-11 00:00:00+00:00,-0.00733744336265485,-0.005183377447083637,-0.0030091322617719074,-0.0035197104485041875,0.0,0.0,-0.0036917675731983346,0.0,0.0,0.0,0.0,0.0,0.0,0.023431582173328414,0.0015332239620682309,0.0,0.0,0.0,0.005776140298184629
2020-05-12 00:00:00+00:00,0.012368347147657666,0.00832694180395288,0.0025467138734454053,0.0035962846047132846,0.0,0.0,0.0,0.0,0.0,0.0,0.0,0.0,0.0,-0.0023199166118319514,0.0,0.0,0.0,0.0,-0.009555718612781816
2020-05-13 00:00:00+00:00,0.0254958693714733,0.016135164883216868,0.001430896097849077,0.003983396520572224,0.0,0.0,0.0,0.0,0.0,0.0,0.0,0.0,0.0,-0.0014545142306757741,0.0,0.0,0.0,0.0,-0.018714711045469068
2020-05-14 00:00:00+00:00,0.017835828311474566,0.012880342373424059,0.011290610924822309,0.012120862610249583,0.0,0.0,0.0,0.0,0.0,0.0,0.0,0.0,0.0,0.0,0.0,0.0,0.0,0.0,-0.017154626361097436
2020-05-15 00:00:00+00:00,-0.024987088787252754,-0.016282598092312695,-0.0025176672028299762,-0.004306851271010492,0.0,0.0,0.0,0.0,0.0,0.0,0.0,0.0,0.0,0.0009988317742397612,0.0,0.0,0.0,0.0,0.01630625147822795
2020-05-16 00:00:00+00:00,0.008140917065750264,0.004631595075050621,-0.007491660822164792,-0.0063274198834142314,0.0,0.0,0.0,0.0,0.0,0.0,0.0,0.0,0.0,0.0010267463243385233,0.0,0.0,0.0,0.0,-0.0021832693065670927
2020-05-17 00:00:00+00:00,0.016767550950099297,0.010366642336696152,-5.277955883931096e-05,0.0005780319472332707,0.0,0.0,0.0,0.0,0.0,0.0,0.0,0.0,0.0,0.0005671320827900228,-0.0005371665346590726,0.0,0.0,0.0,-0.010705787021333735
2020-05-18 00:00:00+00:00,0.011209442012605653,0.007047090677263945,-0.010867299461304825,-0.010064380707460963,0.0,0.0,0.0,0.0,0.0,0.0,0.0,0.0,0.0,0.0,-0.0004883529309718249,0.0,0.0,0.0,-0.0018085987181699625
2020-05-19 00:00:00+00:00,0.0006651746379688905,0.00031890661629518924,0.0016475230058581314,0.0016304010592882445,0.0,0.0,0.0,0.0,0.0,0.0,0.0,0.0,0.0,0.0016569138185464904,0.0,0.0,0.0,0.0,-0.0013302969821805677
2020-05-20 00:00:00+00:00,-0.013940127414033943,-0.009738255749374258,-0.0017298814751383063,-0.0016445102129177824,0.0,0.0,0.0,0.0,0.0,0.0,0.0,0.0,0.0,-0.00038422051110698074,0.0,0.0,0.0,0.0,0.00912722493159479
2020-05-21 00:00:00+00:00,-0.026729755869603244,-0.01777974996452658,0.002305350016955643,0.0027551362137430147,0.0,0.0,0.0,0.0,0.0,0.0,0.0,0.0,0.0,0.0003317305542485105,0.0,0.0,0.0,0.0,0.015732012079652247
2020-05-22 00:00:00+00:00,0.011885672258621582,0.006603098639581972,-0.010464985223697543,-0.010556326749855738,0.0,0.0,0.0,0.0,0.0,0.0,0.0,0.0,0.0,-0.0009685581043480385,0.0,0.0,0.0,0.0,-0.003918010206033884
2020-05-23 00:00:00+00:00,-0.0006551322938977977,-0.00028635430147483376,0.0018135256114082399,0.0017958763739649442,0.0,0.0,0.0,0.0,0.0,0.0,0.0,0.0,0.0,0.001643044606264743,0.0,0.0,0.0,0.0,-0.0003468123156997738
2020-05-24 00:00:00+00:00,-0.021896164480533442,-0.015290919004794512,-0.005957483282783116,-0.005562547964569231,0.0,0.0,0.0,0.0,0.0,0.0,0.0,0.0,0.0,0.0,-0.000331273784384134,0.0,0.0,0.0,0.01697162322918122
2020-05-25 00:00:00+00:00,0.007820606650737805,0.002893890664220411,-0.0007250071682025627,-0.0004958687665822525,0.0,0.0,0.0,0.0,0.0,0.0,0.0,0.0,0.0,0.0,0.0,0.0,0.0,0.0,-0.007057463692989763
2020-05-26 00:00:00+00:00,-0.004768520137011678,-0.002541410553331458,-0.003128880771282261,0.0032423576427187406,0.0,0.0,0.0,0.0,0.0,0.0,0.0,0.0,0.0,0.0,0.0,0.0,0.0,0.0,0.0022136474011822393
2020-05-27 00:00:00+00:00,0.015128080134451105,0.006905355972130156,-0.001417691513634689,0.0007308821457900905,0.0,0.0,0.0,0.0,0.0,0.0,0.0,0.0,0.006320596624239672,0.0,-0.00012343640589385085,0.004361289762909948,0.001722381161407105,0.004361289762909948,-0.0135631990052969
2020-05-28 00:00:00+00:00,0.023837746531223614,0.015658596390744517,0.005613530045718296,0.005516329569089429,0.0,0.0,0.0,0.0,0.0,0.014366806114520125,0.03225496602796807,0.048382449041952214,0.01624528801398406,0.004675071027783639,0.00717429347971521,0.032624691766166114,0.013490470995772386,0.032624691766166114,-0.013556327991124939
2020-05-29 00:00:00+00:00,-0.0034924673939742412,-0.0023916903818242963,0.005564159870842689,0.00540126251443418,0.0,0.0,0.0,0.00023529685300371916,0.00023529685300371916,-0.005153965828883278,-0.004735306588346866,-0.00710295988252041,-0.00365763160792687,-0.0012223118079255357,-0.0016380976960225224,-0.004732802493401356,-0.005153965828883278,-0.0017308074028018483,0.005364159870842711
2020-05-30 00:00:00+00:00,0.03923622775411695,0.02802699506238615,0.025234373652896824,0.023921194391077316,0.0,0.0,0.0,0.03396262193206656,0.03396262193206656,0.009495773703293242,0.04429898989419878,0.06644848484129806,0.04419898989419879,0.004787587291147588,0.006499054525310077,0.033378167506801226,0.009495773703293242,0.03396262193206656,0.025234373652896824
2020-05-31 00:00:00+00:00,-0.0226017521693046,-0.016541360490797907,-0.00813428199247479,-0.006357234765566044,0.0,0.0,0.0,-0.016833848099530146,-0.016833848099530146,-0.0043192643617963045,-0.025381272104271546,-0.038071908156407264,-0.025381272104271546,-0.0017567061808321238,0.001129458488215107,-0.008658020966658464,-0.008658020966658464,-0.016833848099530146,-0.00813428199247479
2020-06-01 00:00:00+00:00,0.04570763498848884,0.03458055457385689,-0.0028145871113218757,-0.005913019434435451,0.0,0.0,0.0,0.024660849770262727,0.024660849770262727,0.0,0.05259659243774517,0.07889488865661765,0.05259659243774517,0.00893381046187125,0.004199674807061848,0.027508738169540914,0.027508738169540914,-0.0002666666666666373,-0.0028145871113218757
2020-06-02 00:00:00+00:00,-0.03876950087848552,-0.030852107114537564,0.00861456425052598,0.010170751862943694,0.0,0.0,0.0022949844773725303,-0.040697909382475084,-0.040697909382475084,0.0,-0.038951576162729706,-0.05842736424409456,-0.038951576162729706,-0.0016313003586485575,-0.005973173171912927,-0.0003482666666666523,-0.0003482666666666523,0.0,0.00861456425052598
2020-06-03 00:00:00+00:00,0.014337956206185387,0.011006008269594636,0.004292997178715563,0.0036755098964496025,0.0,0.0,-0.004089797145961582,0.009371415046000475,0.009371415046000475,0.0,0.014519369272028904,0.021779053908043355,0.010756193620688359,0.003396982547421379,0.0,0.0,0.0,0.0,0.004292997178715563
2020-06-04 00:00:00+00:00,0.002496026780637317,0.002118171799859514,-0.005979507681673546,-0.005864760012228243,0.0,0.0,0.0,-0.001731838873312408,-0.001731838873312408,0.0,0.0024259987662473836,0.0036389981493711865,0.0010796660497902622,0.0063581364024751785,0.0,0.0,0.0,0.0,-0.005979507681673546
2020-06-05 00:00:00+00:00,-0.0103927782259009,-0.008152483734879201,0.0015031845579405179,0.0017926578667140092,0.0,0.0,0.0,-0.0044496309615174034,-0.0044496309615174034,0.0,-0.010389662971904579,-0.015584494457856923,-0.0027307490763094355,0.0,0.0,0.0,0.0,0.0,0.0015031845579405179
2020-06-06 00:00:00+00:00,0.004086512183385738,0.00312775363531248,0.0010511522679177432,0.0009078523739709521,0.0,0.0,0.0,0.002610020881883335,0.002610020881883335,0.0,-0.0005333333333333856,-0.0008000000000000229,-0.00013333333333331865,0.0,0.0,0.0,0.0,0.0,0.0010511522679177432
2020-06-07 00:00:00+00:00,0.0059302298946011245,0.004386421390482287,0.0008378754689779555,0.0004700578567771174,0.0,0.0,0.0,0.003570613802643452,0.003570613802643452,0.0,0.0,0.0,0.0,0.0,0.0,0.0,0.0,0.0,0.0008378754689779555
2020-06-08 00:00:00+00:00,0.0036858027124941906,0.0029490532223628296,0.0014057664375681789,0.0011448909727849177,0.0,0.0,0.0,0.002530151388711488,0.002530151388711488,0.0,0.0,0.0,0.0,0.0,0.0,0.0,0.0,0.0,0.0014057664375681789
2020-06-09 00:00:00+00:00,-0.004223196503630011,-0.002773200074086102,-0.0033955552402888944,-0.0029838279196403583,0.0,0.0,0.0,-0.0037322770094362356,-0.0037322770094362356,0.0,0.0,0.0,0.0,0.0,0.0,0.0,0.0,0.0,-0.0033955552402888944
2020-06-10 00:00:00+00:00,0.009086943685381543,0.00857981680121922,0.0015580002765300804,0.0011688790383646008,0.0,0.0,0.0,0.005321342594766243,0.005321342594766243,0.0,0.0,0.0,0.0,0.0,0.0,0.0,0.0,0.0,0.0015580002765300804
2020-06-11 00:00:00+00:00,-0.044547609293139834,-0.0422398120106694,-0.003052925450898969,-0.0012987771842701834,0.0,0.0,0.006842151556001541,-0.021453921716505953,-0.021453921716505953,0.0,0.0,0.0,0.0,0.002971043035922216,0.0,0.0,0.017933777740895218,0.0,-0.003052925450898969
2020-06-12 00:00:00+00:00,0.015128472079012578,0.013047691288180507,0.003557499440796308,0.0026035846044367705,0.0,0.0,0.0031564715545531197,0.0,0.0,0.0,0.0,0.0,0.0,-0.00369761566448068,0.0,0.0,-0.0064231718275236105,0.0,0.003557499440796308
2020-06-13 00:00:00+00:00,0.0009063319638520362,0.000594809631492943,0.0005467326482697654,0.00044759579028319507,0.0,0.0,0.0,0.0,0.0,0.0,0.0,0.0,0.0,-0.001662390519787449,0.0,0.0,-0.0003220698652386389,0.0,0.0005467326482697654
2020-06-14 00:00:00+00:00,-0.012760332610868952,-0.011362846687343886,-0.0041799537949909205,-0.0029148689913395254,0.0,0.0,0.0,0.0,0.0,0.0,0.0,0.0,0.0,0.0,0.0,0.0,0.004655604153544601,0.0,-0.0041799537949909205
2020-06-15 00:00:00+00:00,-0.000500483292675935,-0.0008374460546741735,-0.004616732261943479,-0.004354177124644032,0.0,0.0,0.0,0.0,0.0,0.0,0.0,0.0,0.0,-0.0014300643005558111,0.0,0.0,-0.00317218965014876,0.0,-0.004616732261943479
2020-06-16 00:00:00+00:00,0.007564070501819176,0.00623541440905262,0.002790037271436452,0.0018053404079394486,0.0,0.0,0.0,0.0,0.0,-0.001709869492274474,0.0,0.0,0.0,0.0004819887457869765,0.0,0.0,-0.003469111662966262,0.0,0.002790037271436452
2020-06-17 00:00:00+00:00,-0.0038006247844903918,-0.003590346262747901,-6.347441322673841e-05,0.00030149533893886193,0.0,0.0,0.0,0.0,0.0,-0.002085862795880522,0.0,0.0,0.0,0.0,0.0,0.0,0.0020225881824715852,0.0,-6.347441322673841e-05
2020-06-18 00:00:00+00:00,-0.004993296901028232,-0.004146779424283653,-0.0009745573906756455,-0.00041456199361900037,0.0,0.0,0.0,0.0,0.0,-0.002547228513419042,0.0,0.0,0.0,0.0,0.0,0.0,0.002654150390014598,0.0,-0.0009745573906756455
2020-06-19 00:00:00+00:00,-0.004152627620384597,-0.0027436597427097364,-0.0006827431169343923,-0.00015263086330530307,0.0,0.0,0.0,0.0,0.0,0.0,0.0,0.0,0.0,0.0,0.0,0.0,0.0026498376963786097,0.0,-0.0006827431169343923
2020-06-20 00:00:00+00:00,0.0008905706098083499,0.00042915893547124107,-0.0019107727141157715,-0.001863000293479966,0.0,0.0,0.0,0.0,0.0,0.0,0.0,0.0,0.0,0.0,0.0,0.0,-0.0016304115582500556,0.0,-0.0019107727141157715
2020-06-21 00:00:00+00:00,-0.002256452214050242,-0.0012139842208003238,0.0009514400414238899,-0.0020812009006051513,0.0,0.0,0.0,0.0,0.0,0.0,0.0,0.0,0.0,0.0,0.0,0.0,0.0021723459270044376,0.0,0.0009514400414238899
2020-06-22 00:00:00+00:00,0.025680652057776365,0.017301377700237097,0.007882505186008526,0.0038577118616542894,0.0,0.0,0.0,0.0,0.0,0.0,0.0,0.0,0.0,0.0,0.0,0.0,-0.013721784005617188,0.00899947548883051,0.007882505186008526
2020-06-23 00:00:00+00:00,-0.0019282706862275845,-0.001759963306884882,0.0019116556270661889,0.0019236710452501526,0.0,0.0,0.0,0.0,0.0,0.0,0.0,0.0,0.0,0.0,0.0,0.0,0.002001602928092261,-0.0023045998771256127,0.0019116556270661889
2020-06-24 00:00:00+00:00,-0.020042672491799696,-0.01756121753649109,-0.00025267155494845817,0.001971531636782098,0.0,0.0,-0.0056231408013313056,0.0,0.0,0.0,0.0,0.0,0.0,0.0,0.0,0.0,0.011744731488435134,-0.0076516370074974915,-0.00025267155494845817
2020-06-25 00:00:00+00:00,-0.003940154951730279,-0.0032578613514647747,-0.001034173008076844,-0.00035787650978713614,0.0,0.0,0.0,0.0,0.0,0.0,0.0,0.0,0.0,0.0,0.0,0.0,0.0018285963516542214,0.0,-0.001034173008076844
2020-06-26 00:00:00+00:00,-0.005011060889755892,-0.002972020489523386,-0.0009604328042110977,-0.0010458248433111716,0.0,0.0,0.0,0.0,0.0,0.0,0.0,0.0,-0.0019534017183020502,0.0,0.0,0.0,0.003210352962859986,0.0,-0.0009604328042110977
2020-06-27 00:00:00+00:00,-0.01161853196859619,-0.005551381911851894,-0.007096974415310986,-0.004562878437122442,0.0,0.0,0.0,-0.0052096003674781954,0.0,0.0,-0.018758849664810895,-0.028138274497216398,-0.009279424832405514,0.0,0.0,0.0,0.005569141206388517,0.0,-0.007096974415310986
2020-06-28 00:00:00+00:00,0.0048546188638887156,0.0010341952639314478,0.002064455692497136,-0.0016547305866260187,0.0,0.0,0.0,-0.005945170416846279,0.0,0.0,0.009744294401792697,0.014616441602689045,0.007208220801344423,-0.0006982666601655918,0.0,0.0,-0.0038584252702307253,0.0,0.002064455692497136
2020-06-29 00:00:00+00:00,0.0033073315264624537,0.00014028373975816244,0.0016965944995694926,-0.0007665645357107786,0.0,0.0,0.0,-0.0043892129537747016,0.0,0.0,0.007054338383253311,0.010581507574879856,0.006954338383253322,-4.9089553168957245e-05,0.0,0.0,-0.0026734435428971137,0.0,0.0016965944995694926
2020-06-30 00:00:00+00:00,-0.0027214035035550976,-0.0003574432640215397,-0.0016410898359091597,0.0012688799140945228,0.0,0.0,0.0,0.0035935073345105817,0.0,0.0,-0.005548747116638886,-0.008323120674958329,-0.005548747116638886,0.0,0.0,0.0,0.0019534641426814936,0.0,-0.0016410898359091597
2020-07-01 00:00:00+00:00,0.005245628070598807,0.00015296870116787709,0.004625277340784217,-0.0041242895582995764,0.0,0.0,0.0,-0.0033439747691680344,0.0,0.0,0.011312335711175514,0.01696850356676305,0.011312335711175514,0.0,0.0,0.0,-0.0033528115607598385,0.0021214681371672928,0.004625277340784217
2020-07-02 00:00:00+00:00,-0.0063687422213836165,-0.0018152189405222785,-0.0012088274827397605,0.00032860587284266884,0.0,0.0,0.0,0.0,0.0,0.0,-0.01191934612416301,-0.01787901918624457,-0.01191934612416301,0.0,0.0,0.0,0.005347623316939387,-0.006569931336252055,-0.0012088274827397605
2020-07-03 00:00:00+00:00,-0.0019508280750198947,-0.00040443329757278157,-0.0014432778712836214,-0.0016276573474327538,0.0,0.0,0.0,0.0,0.0,0.0,-0.00381837422841913,-0.00572756134262864,-0.0029971140046476386,0.0,0.0,0.0,0.0011871832700818263,0.0006868047947732325,-0.0014432778712836214
2020-07-04 00:00:00+00:00,0.004599596215539181,0.0007661263945366592,0.003597694646140015,-0.002810918866189671,0.0,0.0,0.0,0.0,0.0,0.0,0.0092201270185992,0.0138301905278988,0.004476730175966281,0.0,0.0,0.0,-0.0028088316607659536,0.0,0.003597694646140015
2020-07-05 00:00:00+00:00,-0.002896597596723227,-0.0013158477467611895,5.574043467948542e-05,-0.0006935883606657978,0.0,0.0,0.0,0.0,0.0,0.0,-0.004909405923387178,-0.007364108885080656,-0.0013606848141801686,0.0,0.0,0.0,0.0024758829343680677,0.0,5.574043467948542e-05
2020-07-06 00:00:00+00:00,0.017412117039989905,0.008113777121581567,0.010739130054723711,0.004423777749315683,0.0,0.0,0.0,0.0,0.0,0.0,-0.0005333333333333856,-0.0008000000000000229,-0.00013333333333331865,0.0,0.0,0.012257514677453285,0.012143721113420769,0.0133416079063029,0.010739130054723711
2020-07-07 00:00:00+00:00,-0.0044172346690366515,-0.0034800740533598162,-0.00015458553139757747,0.0007891733027078907,0.0,0.0,0.0,0.0,0.0,0.0,0.0,0.0,0.0,0.0,0.0,-0.0002666666666666373,-0.0032619960984621166,-0.006127421225709084,-0.00015458553139757747
2020-07-08 00:00:00+00:00,0.012045274930330363,0.009567620648851527,0.00425636756161718,0.0010569110684759409,0.0,0.0,0.0,0.0,0.0,0.0,0.0,0.0,0.0,0.0,0.0,0.0,0.006271388542107292,0.0009718628085384484,0.00425636756161718
2020-07-09 00:00:00+00:00,-0.011094348563601364,-0.009843656348692442,0.00016796661595819273,0.002302796828526299,0.0,0.0,0.0,0.0,0.0,0.0,0.0,0.0,0.0,0.0,0.0,0.0,-0.007156491682123178,-0.007156491682123178,0.00016796661595819273
2020-07-10 00:00:00+00:00,-0.00033489296026778526,-0.001536727894312806,-0.002734258824486413,-0.002451780252094582,0.0,0.0,0.0,0.0,0.0,0.0,0.0,0.0,0.0,0.0,0.0,0.0,0.0017965139117117612,-0.0032764207924161903,-0.002734258824486413
2020-07-11 00:00:00+00:00,-0.003931485905013465,-0.00344231143366458,-0.0009715775286933681,-6.723234808347911e-05,0.0,0.0,0.0,0.0,0.0,0.0,0.0,0.0,0.0,0.0,0.0,0.0,-0.0020642752929518338,0.0,-0.0009715775286933681
2020-07-12 00:00:00+00:00,0.004743772996863349,0.0032719298807946107,0.0025479277079241136,0.0008118685686413496,0.0,0.0,0.0,0.0,0.0,0.0,0.0,0.0,0.0,0.0,0.0,0.0,0.0023318176945945623,0.0,0.0025479277079241136
2020-07-13 00:00:00+00:00,-0.004985549787259846,-0.00417929379904447,-0.0022967744479466257,-0.0006844075563293694,0.0,0.0,0.0,0.0,0.0,0.0,0.0,0.0,0.0,0.0,0.0,-0.00725312541763834,-0.0094816987703783,-0.00725312541763834,-0.0022967744479466257
2020-07-14 00:00:00+00:00,0.0001969231118483794,-0.0010020958177615613,0.0008809164596046415,0.0004325445892467972,0.0,0.0,0.0,0.0,0.0,0.0,0.0,0.0,0.0,0.0,0.0,0.001263806919838073,0.0016311674685609567,0.001263806919838073,0.0008809164596046415
2020-07-15 00:00:00+00:00,-0.0032287699425616045,-0.002134124797744996,-0.000711247226221734,0.00028725980666854944,0.0,0.0,0.0,0.0,0.0,0.0,0.0,0.0,0.0,0.0,0.0,-0.002841851440678833,-0.004974011018671565,-0.0019289886335230877,-0.000711247226221734
2020-07-16 00:00:00+00:00,-0.006529647056318533,-0.00509938069841942,-0.004379119536725651,-0.0019400925855155293,0.0,0.0,0.0,0.0,0.0,0.0,0.0,0.0,0.0,0.0,0.0,-0.008751528628385796,-0.011229827644627544,0.0,-0.004379119536725651
2020-07-17 00:00:00+00:00,-0.0008018408718187819,-0.0008638183114426656,-0.002187888781921443,-0.0016210697073238967,0.0,0.0,0.0,0.0,0.0,0.0,0.0,0.0,0.0,0.0,0.0,0.0,0.0006205576589677353,0.0,-0.002187888781921443
2020-07-18 00:00:00+00:00,0.002805065874757151,0.0015782640969514983,0.0035222990020198353,0.0020149722079365606,0.0,0.0,0.0,0.0,0.0,0.0,0.0,0.0,0.0,0.0,0.0,0.0,0.0006331879823833209,0.0,0.0035222990020198353
2020-07-19 00:00:00+00:00,0.0032870331957945975,0.0011316528095888234,0.0035224702180973733,0.001753184601302804,0.0,0.0,0.0,0.0,0.0,0.0,0.0,0.0,0.0,0.0,0.0,0.0,0.0013176980059803611,0.0,0.005749253939341115
2020-07-20 00:00:00+00:00,-0.004464616320021819,-0.003446101547228575,-0.002616155975663337,-0.0009562622335050897,0.0,0.0,0.0,0.0,0.0,0.0,0.0,0.0,0.0,0.0,0.0,0.0,-0.0018881034849371758,0.0,-0.006391715362519923
2020-07-21 00:00:00+00:00,0.014083045417172091,0.009656885749951272,0.005224223281887097,0.0002310646424721341,0.0,0.0,0.0,0.0,0.0,0.0,0.0,0.0,0.0,0.0,0.0,0.002341138338936455,0.008108224862326319,0.00709529549849397,0.02152264562752726
2020-07-22 00:00:00+00:00,0.024231881450649917,0.02318179651352059,0.02081375540637076,0.011373489266666592,0.0,0.0,0.0,0.0,0.0,0.0,0.0,0.0,0.0,0.0,0.00035994942581174527,0.004538913471068273,0.004538913471068273,0.02987798967715194,0.029863151798928733
2020-07-23 00:00:00+00:00,0.01628682797460379,0.016252909735633203,0.010600644541638005,0.004242196027079537,0.0,0.0,0.0,0.01609231535366784,0.01609231535366784,0.0,0.0,0.0,0.0,-0.006519162537955592,-0.002069847759335275,-0.0002666666666666373,-0.0002666666666666373,-0.00029933559825934264,0.01643536731105466
2020-07-24 00:00:00+00:00,0.0018355343486293751,0.0018355343486293751,0.006473706001752122,0.004466598114678311,0.0,0.0,0.0,0.0018355343486293751,0.0018355343486293751,0.0,0.0,0.0,0.0,-0.0015020788340615043,-0.00031833794072089194,0.0,0.0,0.004213859915008111,0.0017820193702986487
2020-07-25 00:00:00+00:00,0.035918853641865756,0.035918853641865756,0.025362655075987783,0.009014259354525267,0.0,0.0,0.0,0.035918853641865756,0.035918853641865756,0.0,0.0,0.0,0.0,-0.011454469805673662,0.0,0.0,0.0,0.0036273496059562316,0.03647258445881252
2020-07-26 00:00:00+00:00,0.01361097491718155,0.01361097491718155,-0.002335445974533501,-0.005609448452103871,0.0,0.001743912272218484,0.006959274873176824,0.01361097491718155,0.01361097491718155,0.0,0.0,0.0,0.0,0.0035641213408112993,0.0008822854867245322,0.0,0.0,0.0,0.007530752790642747
2020-07-27 00:00:00+00:00,0.04609421146686321,0.045091301181807264,-0.025614708022359656,-0.031779163253973564,0.0,0.007983626201315541,0.011854082396399734,0.047097160301116325,0.047097160301116325,0.0,0.0,0.0,0.011843797301067882,0.002548969300383508,0.0,0.0,0.0,0.0,0.036534050279982244
2020-07-28 00:00:00+00:00,-0.011425217489698825,-0.011425217489698825,-0.0013987307148736194,-5.6412192928512184e-05,0.0,-0.0016289053819319443,-0.0025678057765728957,-0.011425217489698825,-0.011425217489698825,0.0,-0.01111844506545534,-0.01667766759818301,-0.005653424199394297,0.006794284762887681,-0.0020190381888820497,0.0,0.0,0.0,-0.0006982800000000511
2020-07-29 00:00:00+00:00,0.0053317133267867245,0.0053317133267867245,-0.005049337826969036,-0.005078940556139333,0.0,0.00016108759360444758,0.0,0.0053317133267867245,0.0053317133267867245,0.0,0.005313095557036185,0.007969643335554055,0.004009880001110355,0.008665845309044684,-0.0010602782898594398,0.0,0.0,0.0,0.0
2020-07-30 00:00:00+00:00,0.016541504812373153,0.016541504812373153,0.018081445585466316,0.014559631782628202,0.0,0.0,0.0,0.016541504812373153,0.016541504812373153,0.0,0.016663976247804024,0.024995964371706147,0.016656117081137456,-8.35271330957843e-05,0.00017170184129322585,0.0,0.0,0.0,0.0
2020-07-31 00:00:00+00:00,0.016666646163562282,0.016666646163562282,0.0038258900163874454,0.001519528641054313,0.0,0.0,0.0,0.016666646163562282,0.016666646163562282,0.0,0.016662028808182905,0.024993043212274246,0.016662028808182905,0.004760262366030776,0.002918060716219806,0.0,0.0,0.0,0.0
2020-08-01 00:00:00+00:00,0.05168928475632106,0.05168928475632106,0.02545773929241113,0.01678638461128923,0.0,0.0,0.0,0.05168928475632106,0.05168928475632106,0.0,0.05223002071105265,0.07834503106657897,0.05223002071105265,0.0002384722686175067,0.0029218652148370605,0.0,0.0,0.0,0.0
2020-08-02 00:00:00+00:00,-0.0337501871385415,-0.03290209811400768,0.007806432334659386,0.011917299340227672,0.0,0.0049227688132340575,0.01242200254894632,-0.0337501871385415,-0.0337501871385415,0.0,-0.03452279081109577,-0.0517841862166436,-0.03452279081109577,0.010584540097707373,0.0015721007642781615,0.0,0.0,0.0,0.0
2020-08-03 00:00:00+00:00,0.015499156783097323,0.013943490514331192,0.007451469875483729,0.004726819047444097,0.0,0.0,0.0,0.015499156783097323,0.015499156783097323,0.0,0.01548770605971983,0.023231559089579745,0.011453262878123205,0.009855665431760086,0.0,0.0,0.0,0.0,0.0
2020-08-04 00:00:00+00:00,0.00173540255909721,0.0013563681865074173,0.003927610200121112,0.0032583275460642547,0.0,0.0,0.0,0.00173540255909721,0.00173540255909721,0.0,0.0016545685811351074,0.002481852871702772,0.0006542259572341891,0.0023797629134729714,0.0,0.0,0.0,0.0,0.0
2020-08-05 00:00:00+00:00,0.02481824846099978,0.023628393741365272,-0.007613773861382622,-0.009652058624279092,0.0,0.0,0.0,0.02481824846099978,0.02481824846099978,0.0,0.024919016645513326,0.0373785249682701,0.006050504161378312,-0.00015348848158269757,-0.0010651778245143184,0.0,0.0,0.002067081013492178,0.0
2020-08-06 00:00:00+00:00,-0.005344105276521516,-0.004595508368259615,-0.005601267558387191,-0.0045410176903382116,0.0,0.0,0.0,-0.005344105276521516,-0.005344105276521516,0.0,-0.0008043466666666221,-0.0012065199999999887,-0.00020108666666662778,0.0,-0.0007244314397174545,0.0,0.0,0.00015414112602529784,0.0
2020-08-07 00:00:00+00:00,-0.01865674901253389,-0.016821529809442404,-0.00831310941430008,-0.005594070569145071,0.0,0.00032560625066646587,0.0,-0.01865674901253389,-0.01865674901253389,0.0,0.0,0.0,0.0,0.0,0.0,0.0,0.0,6.173116258878508e-05,0.0
2020-08-08 00:00:00+00:00,0.02020280967486432,0.01810160570867847,0.010732040623453454,0.007207841818359206,0.0,0.003223294911827379,0.0,0.02020280967486432,0.02020280967486432,0.0,0.0,0.0,0.0,0.0,0.0,0.0,0.0,0.0,0.0
2020-08-09 00:00:00+00:00,-0.008664578060407657,-0.007812333655947246,-0.0038542053916076346,-0.002373566891986867,0.0,0.0,0.0,-0.008664578060407657,-0.008664578060407657,0.0,0.0,0.0,0.0,0.0,0.0,0.0,0.0,0.0,0.0
2020-08-10 00:00:00+00:00,0.009404870670770338,0.008888775988880493,-0.001574168936059328,-0.002509135422070541,0.0,0.0,0.0,0.009404870670770338,0.009404870670770338,0.0,0.0,0.0,0.0,-0.0015926516577983163,-0.0011262929422094503,-0.002525165854105449,0.0,-0.002525165854105449,0.0
2020-08-11 00:00:00+00:00,-0.02894409848306423,-0.02699811759055981,5.22212329665539e-05,0.0034573869529914703,0.0,7.448533619625053e-05,0.0,-0.026448530854235708,-0.026448530854235708,0.0,0.0,0.0,0.0,0.0,0.0,-0.011977956173760407,0.0,-0.013347034568486182,0.0
2020-08-12 00:00:00+00:00,0.011889489700314115,0.01095521199634053,0.0018283154272236146,0.0002699636558110008,0.0,0.0026887554169225947,0.0,0.005030583553284451,0.005030583553284451,0.0,0.0,0.0,0.0,0.0,0.0,-0.0006857340446431159,0.0,-0.0006857340446431159,0.0
2020-08-13 00:00:00+00:00,0.03801719110018298,0.03369224867866216,0.025715024276992793,0.018652635309931,0.0,0.0004492219852407775,0.0,0.0063145175129391,0.0063145175129391,0.0,0.0,0.0,0.0,0.00013671662250325234,0.004138203493543546,0.03115083825257714,0.0,0.03115083825257714,0.0
2020-08-14 00:00:00+00:00,0.008206626348169932,0.005815477196837948,0.010096816663605734,0.007584673405770959,0.0,0.0,0.0,0.008432737026181192,0.008432737026181192,0.0,0.0,0.0,0.0,-0.002205549109378979,-0.00044828258302620494,0.008206626348169932,0.0,0.010177327209262454,0.0
2020-08-15 00:00:00+00:00,-0.0029653061643170053,-0.0016177321175174786,-0.007652576151507828,-0.006240040104272149,0.0,0.0,0.0,-0.0029653061643170053,-0.0029653061643170053,0.0,0.0,0.0,0.0,-0.0006372258895099847,0.0,-0.0029653061643170053,0.0,0.0021394746017018296,0.0
2020-08-16 00:00:00+00:00,0.0019137006730913786,0.0018170986396559563,-0.001099294421524788,-0.0011884043270710132,0.0,0.0022602079790925433,0.0,0.0019137006730913786,0.0019137006730913786,0.0,0.0,0.0,0.0,0.0,0.0,0.0019137006730913786,0.0,0.0,0.0
2020-08-17 00:00:00+00:00,0.007109892027166165,0.007897142551346992,-0.013037548653197839,-0.012243908777935686,0.0,0.0,0.0,0.007109892027166165,0.007109892027166165,0.0,0.0,0.0,0.0,-0.0008128703552150451,0.00289676879263423,0.007109892027166165,-0.004149055876652041,-0.004149055876652041,0.0
2020-08-18 00:00:00+00:00,-0.017941258000253035,-0.015962854573035923,0.0022491433788254245,0.004312397421925462,0.0,0.0,0.0,-0.017941258000253035,-0.017941258000253035,0.0,0.0,0.0,0.0,-0.0014819288251891605,2.2276536699061822e-05,-0.017941258000253035,-0.010123921753966703,-0.010123921753966703,-0.009935813935346927
2020-08-19 00:00:00+00:00,-0.018633921745473847,-0.01628361814871937,-0.005880200134708025,-0.002832176239174644,0.0,-0.00016246156616439578,0.0,-0.03018739475550858,-0.03018739475550858,0.0,0.0,0.0,0.0,0.0,0.0,-0.017857103611195746,-0.00603865474685894,-0.004327874628933026,-0.006042531383062433
2020-08-20 00:00:00+00:00,0.009342604615672823,0.007348502399945778,0.004346827836332112,0.002531530800483184,0.0,0.002348420687791508,0.0,0.0,0.0,0.0,0.0,0.0,0.0,0.001041582119064799,0.0,0.009352265095191159,0.002508288725173946,0.0,0.002501738272066678
2020-08-21 00:00:00+00:00,-0.0306972897673784,-0.023169353313923335,-0.013485792196659685,-0.0075042608040520875,0.0,-0.00021714580186660282,0.0,0.0,0.0,0.0,0.0,0.0,0.0,0.0,0.0,-0.0319615742552245,-0.00914613963359634,0.0,-0.009094931637114056
2020-08-22 00:00:00+00:00,0.008396207988336402,0.006406796070538956,0.0023436440689266202,0.0006593923422744119,0.0,0.004898737316393342,0.0,0.0,0.0,0.0,0.0,0.0,0.0,0.000679024442887366,0.0,0.009780421276141427,0.0037148504100450452,0.0,0.0037118662718156337
2020-08-23 00:00:00+00:00,-0.004794835246332063,-0.002721718862651046,-0.003376539773466969,-0.0023068165099087157,0.0,-0.0006675364739062717,0.0,0.0,0.0,0.0,0.0,0.0,0.0,-0.0003007195882375191,0.0,-0.004441726515048483,-0.0005467351305682433,-0.0030063203814547634,-0.0005707032901245412
2020-08-24 00:00:00+00:00,0.015025708214171818,0.009983987671398076,0.011389293440308146,-0.0083717890883801,0.0,0.0,0.0,0.0,0.0,0.0,0.0,0.0,0.0,0.0,0.0,0.016773981057879084,0.0027391163288961184,0.014017420855653606,0.002739940506836014
2020-08-25 00:00:00+00:00,-0.030124826475337207,-0.02246177433183283,-0.008156472084109967,-0.004081433844525306,0.0,0.003936109498366536,0.007704662527358241,0.0,0.0,0.0,0.0,0.0,0.0,0.0,0.0,-0.03379857587767732,-0.013269134175411312,-0.0104377622021814,-0.01229344319426029
2020-08-26 00:00:00+00:00,0.004808459967467593,0.003857628097838406,-0.0015232224853900522,0.0013737206999340223,0.0,0.0030599680886087555,0.0015820442552367808,0.0,0.0,0.0,0.0,0.0,0.0,0.0030618961029129643,0.0,0.0024842949402590353,0.0,0.0,-0.0003110533333333665
2020-08-27 00:00:00+00:00,-0.0041007379187377735,-0.0028161407717800513,0.0016793126271652525,-0.002617973487907488,0.0,0.00048783904052429605,0.0,0.0,0.0,0.0,0.0,0.0,-0.0016243816592437232,-0.0006333037752491721,0.0,-0.00214719506323946,0.0,0.0,0.0
2020-08-28 00:00:00+00:00,0.011102076375333558,0.006756196484552612,0.004438671935322658,-0.00040097056530863373,0.0,0.0,0.0,0.0,0.0,0.0,0.015072667740364531,0.022609001610546686,0.007636333870182144,0.0,0.0,0.00953510081309128,0.0,0.00044906798209720655,0.0
2020-08-29 00:00:00+00:00,5.121609875735622e-05,-0.0008794771552873559,0.004746419437095417,0.0035519366785026207,0.0,0.0,0.0,0.0,0.0,0.0,0.0010427157655228392,0.0015640736482842588,0.0006820368241422514,0.0,0.0,0.0011096342479277599,0.0,0.0011096342479277599,0.0
2020-08-30 00:00:00+00:00,0.027108658936273233,0.019988396468707093,0.018218176146059806,0.00812371583088689,0.0,0.0,0.0,0.0,0.0,0.0,0.03242913978113893,0.04864370967170828,0.03232913978113894,0.0016664487459858712,0.0011205732236823085,0.028748309720377563,0.0,0.00836421105463403,0.0
2020-08-31 00:00:00+00:00,0.0015925190882144502,0.0005273906425984354,0.005426296523646679,0.003856086762535016,0.0,0.0,0.0,0.0,0.0,0.0,0.002001717396313607,0.0030025760944702995,0.002001717396313607,-0.0014915060181360795,-0.0006064992174166228,-0.0017005220688860456,0.0,0.0,0.0
2020-09-01 00:00:00+00:00,0.036015656553095354,0.030229726061064888,0.02418235139448277,0.012269078968012437,0.0,0.0,0.0,0.008118190715692863,0.008118190715692863,0.0,0.03920790756764747,0.058811861351471206,0.03920790756764747,0.0013152637720794669,0.0,0.010621386446150405,0.0,0.0,0.0
2020-09-02 00:00:00+00:00,-0.03963649509071698,-0.03635196709946187,-0.010295018249376509,0.0022017711099699966,0.0,1.8441901523225113e-05,-0.002661479995346827,-0.02581777889823178,-0.02581777889823178,0.0,-0.040873622868975334,-0.06131043430346306,-0.040873622868975334,-0.0018114325790067332,0.0,0.0,0.0,0.0,0.0
2020-09-03 00:00:00+00:00,-0.06340833078191244,-0.04248672189508662,-0.007330025962845821,0.013981798759082897,0.0,-0.02706611786510471,-0.023915536480892285,0.0034602059171593424,-0.01299646704307833,0.0,-0.0811666447465128,-0.12174996711976915,-0.06102186105988461,-0.021217088415718455,-0.0002008618687585617,0.0,0.0,0.0,0.0
2020-09-04 00:00:00+00:00,0.005820114713257496,-0.0007374134101035823,-0.006869816826463038,-0.008087993980973929,0.0,0.008439441963465688,0.011433868861173258,-0.009917789107914188,0.0,0.0,0.013085191357811388,0.01962778703671697,0.006408584845572385,0.01016580803334044,0.002890529008716447,0.0,0.0,0.0,-0.010244170758803905
2020-09-05 00:00:00+00:00,-0.03822852160846113,-0.018508760137358804,-0.03467473485897088,0.016429566966382092,0.0,-0.011045507083670247,0.0,-0.00334464816923985,0.0,0.0,-0.05272631729899124,-0.07908947594848692,-0.013314912658081157,-0.029068836212089777,0.001598169525920623,0.0,0.0,0.0,0.009025791220010237
2020-09-06 00:00:00+00:00,0.00965036290344723,-0.00017073233077857797,0.01474242490867228,-0.006636440345357375,0.0,0.002415712198949871,0.0,-0.02100364185229031,0.0,0.0,-0.0005333333333333856,-0.0008000000000000229,-0.00013333333333331865,0.00906223347816204,0.012689099557929406,0.0,0.0,0.0,-0.0028470878084648765
2020-09-07 00:00:00+00:00,0.0014945235646894872,-0.0015837560137696993,-0.003103216404648168,0.00344458412343962,0.0,0.0,0.0,-0.0053650376435571134,0.0,0.0,0.0,0.0,0.0,-0.001834807584234488,0.0,0.0,0.0,0.0,-0.0038373648023567464
2020-09-08 00:00:00+00:00,-0.009621368904590644,0.0024387406469619233,-0.007185057136050332,0.00014638272395317564,0.0,0.0,0.0,0.023055969490011652,0.0,0.0,0.0,0.0,0.0,-0.004033369943217013,0.0,0.0,0.0,0.0,0.008106320272079914
2020-09-09 00:00:00+00:00,0.005796116094260562,-0.002349480468199272,0.010103536531463675,-0.004136915165928734,0.0,0.0,0.0,-0.015888851793181558,0.0,0.0,0.0,0.0,0.0,0.006954199538818928,0.0007241457347786362,0.0,0.0,0.0,-0.0028381375452452007
2020-09-10 00:00:00+00:00,0.007403730984638424,-0.0029916244349016408,0.012475902000164796,-0.004890005926299734,0.0,0.0,0.0,-0.02279348374074386,0.0,0.0,0.0,0.0,0.0,-3.333333333332966e-05,0.003865073754822035,0.0,0.0,0.0,-0.0037039172323451997
2020-09-11 00:00:00+00:00,0.0020489916943891018,-0.0017002280782570933,0.0035542437539759497,0.0003029791682358507,0.0,0.0,0.0,-0.0016150679508235566,0.0,0.0,0.0,0.0,0.0,0.0026512496670039187,0.0,0.0,0.0,0.0,-0.0015737761841966291
2020-09-12 00:00:00+00:00,0.004200754538759899,-0.0030938539621212513,0.011040972175746289,0.004922096375324703,0.0,0.0,0.0,0.0007599289118582764,0.0,0.0,0.0,0.0,0.0,0.0,0.0,0.0,0.0,0.0,-0.0015198473659671086
2020-09-13 00:00:00+00:00,-0.007802975305976845,0.0031245526049921146,-0.014822289804562905,-0.006156822823003005,0.0,0.0,0.0,0.0,0.0,0.0,0.0,0.0,0.0,0.0,0.0,0.0,-0.00035619126864050443,0.0,0.0036309103949658805
2020-09-14 00:00:00+00:00,0.005923863649444083,-0.006351123583546503,-0.0009757720507290735,-0.005625810218215621,0.0,0.0,0.0,0.0,0.0,0.0,0.0,0.0,0.0,0.0,0.0,0.0,-0.011640586367811179,0.0,-0.010787305471436803
2020-09-15 00:00:00+00:00,-0.002717812335438219,0.0013389007049360302,-0.015331156868244489,-0.009893234953683328,0.0,0.0,0.0,0.0,0.0,-0.0013608561988979195,0.0,0.0,0.0,-0.00020749114848861439,0.0,0.0,0.0,0.0,-0.0036259632568461653
2020-09-16 00:00:00+00:00,0.00216368115263732,-0.0008923108966638615,-0.00456237249737057,0.004103335973914657,0.0,0.0,0.0,0.0,0.0,0.005352909084499036,0.0,0.0,0.0,-0.002097846340453291,0.0,0.0,0.0,0.0,-0.005350650885649011
2020-09-17 00:00:00+00:00,0.00706985423308093,-0.0035885480102364475,0.02243652197274537,-0.011961155277148028,0.0,0.0,0.0,0.0,0.0,-0.0003656330410535258,0.0,0.0,0.0,0.0005833026582082734,0.0,0.010434260774478066,0.010434260774478066,0.010434260774478066,0.00037944970196512884
2020-09-18 00:00:00+00:00,-0.00202375069829297,-4.878218949166957e-05,-0.0038493640679740926,-0.0025058822646312207,0.0,0.0,0.0,0.0,0.0,-0.0003483302390883125,0.0,0.0,0.0,0.0008780780060966276,0.0,-0.004183399537092791,-0.004183399537092791,-0.009218184523938078,0.00036131599265853964
2020-09-19 00:00:00+00:00,0.0018140611771551018,-0.0001392411253211545,-0.00422492082000947,-0.004398079770507657,0.0,0.0,0.0,0.0,0.0,-0.0008093647088023292,0.0,0.0,0.0,0.0,0.0,0.0004424896663575151,0.0004424896663575151,0.0,-0.004575804812760653
2020-09-20 00:00:00+00:00,-0.008946310437089822,-0.002024379625309991,-0.007601519991275674,0.0008082518258141214,0.0,0.0,0.0,0.0,0.0,0.004312921084308252,0.0,0.0,0.0,0.0,0.0,-0.0123451075000377,-0.0123451075000377,0.0,0.004665598716781627
2020-09-21 00:00:00+00:00,-0.01931886253187931,-0.0006441652080105831,-0.01235088962974995,-0.0010656890294166166,0.0,0.0,0.0,0.0,0.0,-0.025733761503708208,0.0,0.0,0.0,0.0007538524164494298,0.0,-0.016898716427248273,-0.016898716427248273,0.0,0.015260980715213979
2020-09-22 00:00:00+00:00,0.0018831494988109654,-0.002061968411423365,0.00047884063989855896,0.001392272421103291,0.0,0.0,0.0,0.0,0.0,0.02883894783243779,0.0,0.0,0.0,0.0015687185935406855,0.002777075450816069,0.0,0.0,0.0,-0.0033755261698255046
2020-09-23 00:00:00+00:00,-0.008065074738900724,0.009221744504598783,-0.013724992288512872,0.0027101061310141894,0.0,0.0,0.0,0.0,0.0,-0.04502081015218806,0.0,0.0,0.0,-0.00034791857589977493,0.0,0.0,0.0,0.0,0.009027926275649412
2020-09-24 00:00:00+00:00,0.012386460605853467,-0.009854536819078441,0.013362268469760963,0.0007855615160670126,0.0,0.0,0.0,-0.02815601845217608,0.0,0.0285483288695354,0.0,0.0,0.0,-0.0019436100895250386,-0.0008316725816142068,0.0,0.0,0.0,-0.015816134171622975
2020-09-25 00:00:00+00:00,-0.00032463903280577355,-0.0016654466195501483,0.004177833578376644,-0.0027609079282894244,0.0,0.0,0.0,-0.0051934020267006,0.0,-0.006476160937237685,0.0,0.0,0.0,-0.0037080442106897094,0.0,0.0,0.0,0.0,0.001251444887316877
2020-09-26 00:00:00+00:00,0.0009603908640472003,-0.00048602355881743886,0.0005624254658209704,0.00031438263420802137,0.0,0.0,0.0,0.0,0.0,-0.004799230256300802,0.0,0.0,-0.0009719427598573471,-0.00111692343026637,-0.000689945010699522,0.0,0.0,0.0,-0.0012416327358387713
2020-09-27 00:00:00+00:00,0.0009595344258388483,-0.0015471233059980438,0.0019128607985281487,-0.0003363913334051283,0.0,0.0,0.0,0.0,0.0,0.0031268994449347165,0.007013405629060054,0.005838213959177496,0.0036567028145300107,-0.0008911196370128271,0.0,0.0,0.0,0.0,-0.0011896409204618097
2020-09-28 00:00:00+00:00,-0.003976433249519129,-0.002466627062065907,-6.916660875588843e-05,-0.0014276908613649608,0.0,0.0,0.0,0.0,0.0,-0.021885708271327187,-0.027352693262660654,-0.008659771632185675,-0.020664519946995474,0.0,-0.003981325045809059,0.0,0.0,-0.0061171987708978914,0.0024545071817732023
2020-09-29 00:00:00+00:00,0.0040061692091974965,-0.00017219402607759893,-0.0010454145742899712,0.0016183758967174278,0.0,0.0,0.0,0.0,0.0,-0.0023974200526236666,0.009113020496141377,0.014834415723914418,0.008963020496141283,0.0,0.0,0.0,0.0,0.0010106432691872058,-0.00442209795415982
2020-09-30 00:00:00+00:00,-0.001996848922108163,-0.001799054042113779,-0.002011792362315523,-0.0020418442008205417,0.0,0.0,0.0,0.0,0.0,0.0,-0.00778404709939251,-0.003187087598241267,-0.00778404709939251,0.0,0.0,0.0,0.0,0.0,0.0020682587139049247
2020-10-01 00:00:00+00:00,-0.00608190481990889,-0.0022409972231420827,0.0016902518459245286,-0.0015089011045308354,0.0,0.0,0.0,0.0,0.0,0.0,-0.015506010579437679,-0.017696715813999453,-0.015506010579437679,-0.005474004976624869,0.0,0.0,0.0,0.0,0.005053779348370924
2020-10-02 00:00:00+00:00,-0.0024913678708305964,0.0013040398674932785,0.005240549358661806,0.0021919585642498074,0.0,0.0,0.0,0.0,0.0,0.0,-0.03650579660998232,-0.012387324593651994,-0.03650579660998232,0.01131911129352181,0.0,0.0,0.0,0.0,0.001508833518553132
2020-10-03 00:00:00+00:00,-0.00023270019299859168,8.938245605172312e-05,-0.0012382791784988356,-0.0011153319863053124,0.0,0.0,0.0,0.0,0.0,0.0,-0.011249130684472974,-0.0010410040850247215,-0.008633403846688092,0.010348451034399408,0.0,0.0,0.0,0.0,0.000966140950924288
2020-10-04 00:00:00+00:00,0.0025889740217670543,-0.002833976396804161,-0.0023610069468877892,0.0012839019622128411,0.0,0.0,0.0,0.0,0.0,0.006044837723103491,0.00731840691673602,0.015116292734517867,0.003478215125034767,0.010558334184942453,0.0007225808319251126,0.0,0.0,0.0,-0.0038582607713953943
2020-10-05 00:00:00+00:00,0.001427193667047355,-0.0013810277129197024,0.0027671122944734616,0.0034927241691078414,0.0,0.0,0.0,0.0,0.0,0.002868399185149917,0.02187837289863581,0.007753647131189201,0.0052807440579922815,0.006662840766238798,0.0008311953402455607,0.0,0.0,0.0,-0.003968105190966464
2020-10-06 00:00:00+00:00,-0.005524108673696793,0.0031712480446044466,0.006170150374729566,0.05406499994713809,0.0,0.0,0.0,0.0,0.0,-0.013174505990565022,-0.0007179166666666514,-0.0006768750000000212,-0.00017947916666671837,0.0,-0.01132384601950509,0.0,0.0,0.0,-0.006376274607115984
2020-10-07 00:00:00+00:00,0.0007078060525735896,-0.0008992288443048224,0.0013097657757070724,-0.017970697881597997,0.0,0.0,0.0,0.0,0.0,0.0020443928096223196,0.0,0.0,0.0,-0.005803802933130209,0.0033226478904799794,0.0,0.0,0.0,0.0020443769170210846
2020-10-08 00:00:00+00:00,0.004580392892513441,-0.004885986169991696,-0.0012178332970927963,-0.001650538677551272,0.0,0.0,0.0,0.0,0.0,0.006480725817899824,0.0,0.0,0.0,-0.02787174204889531,0.0,0.0005868649608660181,-0.007505073549734953,0.0005868649608660181,0.008103602666432064
2020-10-09 00:00:00+00:00,0.005470944288584967,-0.003868546350659474,-0.009242524188290413,-0.019023323670260606,0.0,0.0,0.0,-0.0002313492186578614,-0.0002313492186578614,0.0,0.0,0.0,0.0,0.006937158714744207,0.004035266155685058,0.003924906435216258,0.026962535515943964,0.00899347054559052,0.00391219234497453
2020-10-10 00:00:00+00:00,0.0037934268468475807,-0.0028755154532350558,0.0022945923230883736,0.024434882553492576,0.0,0.0,0.0,0.0016826112304715313,0.0016826112304715313,0.0,0.0,0.0,0.0,-0.0017827627802813328,-6.666666666665932e-05,0.007341987945857831,-0.01015116213402234,0.014725713351022796,0.007269828948297308
2020-10-11 00:00:00+00:00,0.0034179138010621557,0.0021827448105355973,-0.0011113330450910341,-0.0004145792328776876,0.0,0.0,0.0,0.005328477150297273,0.005328477150297273,0.0,0.0,0.0,0.0,0.0009585677689853966,0.0,0.002110690407882476,0.004829820866252943,-0.00011148042452124862,0.0021078045492401998
2020-10-12 00:00:00+00:00,0.009677652559228145,0.00576431351830986,-0.006264113605835564,-0.01654762632409701,0.0,0.0,0.0,0.015668751892692123,0.015668751892692123,0.0,0.0,0.0,0.0,0.002442808043807032,0.0,0.004686636962656809,0.026016696620712043,0.0,0.0046137437087294675
2020-10-13 00:00:00+00:00,-0.007454390102653918,-0.00677202970545665,0.0016660338607321634,0.017534887226550833,0.0,0.0,0.0,-0.008269704744176432,-0.008269704744176432,0.0,0.0,0.0,0.0,0.004482305629731398,-0.002605151660610705,-0.003304588422921806,-0.026332662820403252,0.0,-0.0033092060647952337
2020-10-14 00:00:00+00:00,-0.0021776938186941486,-0.001984832211099574,0.0019987599251320987,0.011176466575902655,0.0,0.0,0.0,-0.0023096067747971905,-0.0023096067747971905,0.0,0.0,0.0,0.0,-0.009698713703461426,0.0,-0.0001549240144161912,-0.016172299798410172,0.0,-0.00016538603447713296
2020-10-15 00:00:00+00:00,0.001428437033267782,0.0014372654456584755,0.003463848342595943,0.0018351613097986608,0.0,0.0,0.0,0.0013390794837642161,0.0013390794837642161,0.0,0.0,0.0,0.0,0.003686584198504095,0.0,0.0023974790434586613,0.000921241683124574,0.0,0.002378149772738869
2020-10-16 00:00:00+00:00,-0.015159668648525026,-0.014831101602657326,0.005489099959211208,-0.0018513058170311902,0.0,0.0003891469479113674,0.0,-0.016651089997156587,-0.016651089997156587,0.0,0.0,0.0,0.0,-0.0008440606879632773,-0.002078237018903417,-0.005378323836315868,0.005569690532190696,0.0,-0.005388645452964691
2020-10-17 00:00:00+00:00,0.0030592560273361435,0.0028253801953219693,-0.0015087184666201514,-0.0022552888997341425,0.0,0.0,0.0,0.000982553415179943,0.000982553415179943,0.0,0.0,0.0,0.0,0.010993185645755021,0.010461505169543805,0.000982553415179943,-0.0015122535451330688,0.0,0.00098190784465646
2020-10-18 00:00:00+00:00,0.011606764113238466,0.010766081494648638,-0.004806241129816757,0.003764946547740289,0.0,0.0,0.0,0.004157780423238222,0.004157780423238222,0.0,0.0,0.0,0.0,0.0,0.0,0.004157780423238222,-0.0047437517985917665,0.0,0.004163437901302469
2020-10-19 00:00:00+00:00,0.007478316524723416,0.007014855840383305,0.006008154741484972,0.014078088712606629,0.0,0.0,0.0,0.0070170483654807825,0.0070170483654807825,0.0,0.0,0.0,0.0,-0.0005984939597356576,0.0,0.0070170483654807825,0.00598314085942131,-0.0018086829682659733,0.006956760712370835
2020-10-20 00:00:00+00:00,-0.00418893167858525,-0.0038242063122319037,0.01394402738993139,0.012432023492372934,0.0,0.00010514171773534642,0.0,0.0043204545758208646,0.0043204545758208646,0.0,0.0,0.0,0.0,0.006045515407065105,0.0,0.0043204545758208646,0.01401437911495873,0.0043204545758208646,0.004321034031651072
2020-10-21 00:00:00+00:00,0.041132059869191995,0.03943511533328703,0.005264542314629361,0.024816675573022362,0.0,-6.666666666665932e-05,0.0,0.024627321279521164,0.024627321279521164,0.0,0.0,0.0,0.0,0.005088635265116048,0.0,0.0058238217770589795,-0.01516114252082057,0.006367467338654231,0.02503288961082739
2020-10-22 00:00:00+00:00,0.021902343999580687,0.022042134446322414,-0.014833837552414075,0.0006477194947471787,0.0,0.006805486615990564,0.00296242223454124,0.0028314167570160365,0.0028314167570160365,0.0,0.0,0.0,0.0,-0.014525433333940851,-0.0017738291349107538,0.02037056994802655,0.02037056994802655,0.019181049101477887,0.00444124160093029
2020-10-23 00:00:00+00:00,-0.005596941546227585,-0.005233221562599755,0.003122621249888935,-0.0014288172096375007,0.0,0.0,0.0,-0.005596941546227585,-0.005596941546227585,0.0,0.0,0.0,0.0,0.008956260010383632,-0.0004755267955423026,0.0,0.0,-0.0015015203454940007,-0.0002666666666666373
2020-10-24 00:00:00+00:00,0.00663520184409383,0.006471413250158653,0.0027143466779808723,0.007349851024892828,0.0,0.0,0.0,0.00663520184409383,0.00663520184409383,0.0,0.0,0.0,0.0,-0.0005633930627659822,0.0,0.0,0.0,0.0,0.0
2020-10-25 00:00:00+00:00,-0.007462205299314628,-0.00702532339230999,0.002907848324873008,0.004264146103643673,0.0,0.00032537978013502666,0.0,-0.007462205299314628,-0.007462205299314628,0.0,0.0,0.0,0.0,0.0,0.0,0.0,0.0,-0.007214788006175588,0.0
2020-10-26 00:00:00+00:00,-0.010941223719406423,-0.009986963941756133,0.01187945935457968,0.007037012970011913,0.0,8.995324436833485e-05,0.00445840415804466,-0.013760945749593967,-0.010941223719406423,0.0,0.0,0.0,0.0,-0.008107508159032495,-0.010243923790047793,0.0,-0.0028565861668468084,-0.0009773926648842801,0.0
2020-10-27 00:00:00+00:00,0.024057741150494527,0.023274149944932043,0.005449613823002242,0.012741151787300398,0.0,0.002831910656808434,0.0014183736881066,0.016765539909211258,0.024057741150494527,0.0,0.0,0.0,0.007620841914593557,0.01012658364748975,0.0007079319960523467,0.004216600714182395,-0.0030268290891172223,0.004216600714182395,0.0
2020-10-28 00:00:00+00:00,-0.0226722267223326,-0.021776872418422744,0.0036251137783456233,0.0028051702079257,0.0,-0.0002507998408316503,-0.000980931513215988,0.014538454066584272,-0.023494230727145626,0.0,-0.0604552069985701,-0.0337270606875697,-0.030076751832618376,-0.004039172964577453,0.005937279536885942,-0.009205868734021738,0.029398188322999896,-0.009205868734021738,0.0
2020-10-29 00:00:00+00:00,0.0027521389185509726,0.0016465315842948414,0.006079807094189871,0.011140114030252057,0.0,-0.0004914057583201847,-0.000650982852426707,0.02437938864603373,0.005016583738699731,0.010086275532253275,-0.015505642963934751,0.005650995902896971,-0.011809237222951019,-0.0036001655626094475,0.003971413090318121,0.005016583738699731,0.02437938864603373,0.00020856663081381122,0.0
2020-10-30 00:00:00+00:00,-0.0014178691812879451,-0.0015727562665279748,0.0065724921439702655,0.002315720950050615,0.0,-0.0007161469089170813,0.0,0.0010264456215776097,0.0026960530032635877,0.0026960530032635877,-0.0002895698119991241,-0.0019417528162459785,-0.0004606264786657377,0.012392684973647539,0.01293603602925364,0.0026960530032635877,0.0010264456215776097,0.0,0.0
2020-10-31 00:00:00+00:00,0.008421467497520263,0.007704018664369983,0.002676769969847781,-0.002378893291410611,0.0,0.0009062016682357399,0.0,-0.019596781121113738,0.005939577373474281,0.020123960991036194,0.03507696600267329,0.013623910739236411,0.03507696600267329,-0.018454388344129158,0.0,0.005939577373474281,-0.019596781121113738,0.005168691360152078,0.0
2020-11-01 00:00:00+00:00,0.007226548490871343,0.006101819961492616,-0.009758877244239184,-0.004611692057285732,0.0,0.0,0.0,-0.005495737057802708,-0.0006703572910600197,0.012351992374153076,0.021468837758722215,0.012554694385272125,0.021468837758722215,0.0002406094920919255,0.0,-0.0006703572910600197,-0.013637535736920503,-0.0006703572910600197,0.0
2020-11-02 00:00:00+00:00,-0.01587895940640005,-0.01493737217925628,0.006540163897173157,0.00315214377835793,0.0,0.0038406330102893627,0.002380633527548026,-0.005119003353645679,-0.005119003353645679,-0.03315992805576451,-0.04463630068455482,-0.025308995915389043,-0.04463630068455482,0.0,0.0,-0.005119003353645679,0.019526440877979834,-0.00025960333333330254,0.0
2020-11-03 00:00:00+00:00,0.01430010894330147,0.012598246611865482,0.007573153406546407,0.015749978442833656,0.0,0.003774452629439873,0.0,0.011741344586982061,0.011741344586982061,-0.001710336697105963,0.002759710903752044,0.023978615170890505,0.0018923365111473966,-0.0011975481317015868,0.0,0.011741344586982061,0.0134028585108934,0.0,0.0
2020-11-04 00:00:00+00:00,0.011242673992080787,0.006751795703038299,-0.009730607389294765,0.004668816485354332,0.0,0.0,0.0,0.0030204385934808897,0.0030204385934808897,-0.011773742745735727,0.009877014093978786,0.023340671328260454,0.00475335371365615,-0.003317992498717115,3.401487705279038e-05,0.0026457341282837277,0.003990508125435888,0.0002692934069257191,0.0
2020-11-05 00:00:00+00:00,0.043827032513598985,0.042891914390364994,0.023435879797041315,0.03368701988279943,0.0,0.0,0.0,0.03355057028076769,0.03355057028076769,0.03355057028076769,0.047803606743496596,0.06815356997723465,0.011695705852540872,0.0022207345499800635,-0.0022125840109958883,0.044762328776471794,0.04064352923783621,0.044762328776471794,0.0
2020-11-06 00:00:00+00:00,0.028500680046527727,0.027236354245547822,-0.031140768421172416,-0.05661191812801236,0.0,0.0,0.0,0.02096653017845118,0.02096653017845118,-0.0003111504624381256,-0.0008857566666666816,-0.0009286349999999555,-0.0002214391666666149,-0.02487577469234381,0.010108083969215143,0.029869695941519447,-0.07286997059975309,0.01803961925183617,0.0
2020-11-07 00:00:00+00:00,-0.032463558957934735,-0.032463558957934735,-0.0008712358090464667,-0.024464973342946172,0.0,-0.002024648774960225,0.003629708946329968,-0.047618491306283484,-0.047618491306283484,-0.015419546928384431,0.0,0.0,0.0,-0.055303724466288395,-0.010055976190292304,-0.015753680093991362,-0.09520312133493802,0.0,0.0
2020-11-08 00:00:00+00:00,0.028598821559888243,0.028598821559888243,0.00025767389732367363,0.0072468328094557055,0.0,0.0026960788873615638,0.002145010055526475,0.05021831353792772,0.05021831353792772,0.021592166685559633,0.0,0.0,0.0,0.04663186620247162,0.026172583925139437,0.014130554551625485,0.014130554551625485,0.0,0.0
2020-11-09 00:00:00+00:00,-0.010475858954960726,-0.010475858954960726,0.0044733511891215105,0.0032354886090639745,0.0,0.002937665608724105,0.011761807675977787,-0.028682690045313763,-0.028682690045313763,-0.016780745582052226,0.0,0.0,0.0,-0.0036100617521653833,0.0019060824562067147,-0.00732054337322674,-0.00732054337322674,0.0,0.0
2020-11-10 00:00:00+00:00,0.00333798082842085,0.00333798082842085,-0.005002942210856065,-0.013964368705446928,0.0,0.0008192551714154561,0.003270361377875286,0.03893152699080926,0.03893152699080926,0.01603947325589261,0.0,0.0,0.0,-0.005374948578690475,0.00027903944121865365,0.004185353315483864,0.004185353315483864,0.0,0.0
2020-11-11 00:00:00+00:00,0.01759482306055915,0.01759482306055915,-0.0005081799566016842,0.022214113870213437,0.0,0.0,0.0,-0.023277301090371183,-0.023277301090371183,0.0,0.0,0.0,0.0,-0.006708622724156177,-0.0031086448625957663,0.006177566391159406,0.006177566391159406,-0.0028599768825017247,0.0
2020-11-12 00:00:00+00:00,0.011912432412433116,0.011912432412433116,0.013285569224789517,0.01797370558225797,0.0,0.0,0.0,0.006198825589598167,0.006198825589598167,0.0,0.0,0.0,0.0,-0.0005655928873700145,0.0011359043158358784,0.011912432412433116,0.011912432412433116,0.01257337010731141,0.0
2020-11-13 00:00:00+00:00,0.010449487002676339,0.010449487002676339,-0.009383199759715577,-0.00609809010062079,0.0,0.0,0.0,0.010449487002676339,0.010449487002676339,0.0,0.0,0.0,0.0,-0.006836621852540081,0.0005667272613851804,0.008208864706286567,0.008208864706286567,-0.0016506197485127716,0.0
2020-11-14 00:00:00+00:00,-0.016638119037597154,-0.016638119037597154,0.005990551304528413,0.0002812926739088617,0.0,0.0018383152408274483,0.0,-0.016638119037597154,-0.016638119037597154,0.0,0.0,0.0,0.0,-0.0002188863247262196,0.0,-0.005295402725371434,-0.005295402725371434,0.0,0.0
2020-11-15 00:00:00+00:00,-0.01182234398052373,-0.01182234398052373,0.00696222456750073,-0.009732684284289084,0.0,0.0008144323079861682,0.0,-0.01182234398052373,-0.01182234398052373,0.0,0.0,0.0,0.0,-0.0045224347620239636,-0.005510823010296928,-0.0024060459614448915,-0.0024060459614448915,0.0,0.0
2020-11-16 00:00:00+00:00,0.02480353293540727,0.02480353293540727,-0.021578767995368398,0.007451217158837675,0.0,0.0023192292954063998,0.0,0.02480353293540727,0.02480353293540727,0.0,0.0,0.0,0.0,0.002162281297768409,0.010882854428002409,0.015524984464621472,0.015524984464621472,-0.0009722217928088694,0.0
2020-11-17 00:00:00+00:00,0.034505111971159685,0.034505111971159685,0.02886602641569125,-0.019797201117281227,0.0,0.0,0.0,0.034505111971159685,0.034505111971159685,0.0,0.0,0.0,0.0,0.005745213296282969,-0.0004677699096707899,0.018891228726412912,0.018891228726412912,-0.009528525825076795,0.0
2020-11-18 00:00:00+00:00,-0.001125472021294649,-0.001125472021294649,0.01590746949725319,0.004319537569176468,0.0,0.0017881860457777954,0.0,-0.001125472021294649,-0.001125472021294649,0.0,0.0,0.0,0.0,-0.008474996898474974,-0.001191452288132111,0.0020302067365640664,0.0020302067365640664,-0.002797581173356045,0.0
2020-11-19 00:00:00+00:00,-0.005051275174981051,-0.005051275174981051,0.005384184377348333,0.002742654657210686,0.0,0.0,0.0,-0.005051275174981051,-0.005051275174981051,0.0027025461515477467,0.0,0.0,0.0,0.015785725953383567,-0.000982359869650118,0.00022501556877507767,0.00022501556877507767,0.0,0.0
2020-11-20 00:00:00+00:00,0.0422492154696783,0.0422492154696783,0.01125765501273479,-0.025287769582969077,0.0,0.0,0.0,0.0422492154696783,0.0422492154696783,0.004444151836418442,0.0,0.0,0.0,0.007222553001738241,0.004743564709131398,0.015428120564863201,0.015428120564863201,0.0,0.0
2020-11-21 00:00:00+00:00,0.02851317476960702,0.02851317476960702,-0.04520112049628733,-0.008744256223641278,0.0,0.0,0.0,0.02851317476960702,0.02851317476960702,0.04565659692193069,0.0,0.0,0.0,5.3553581532028716e-05,0.004675364060348297,-0.0002500769737459052,-0.0002500769737459052,-0.0002500769737459052,0.0
2020-11-22 00:00:00+00:00,-0.0021935205585543738,-0.0038236112407354916,0.02905091685971839,-0.006402938794116797,0.0,0.0,0.0,-0.0021935205585543738,-0.0021935205585543738,-0.06048535102415298,0.0,0.0,0.0,-0.03036649057461982,-0.02591765508570798,-0.03468330844272782,-0.03468330844272782,-0.03468330844272782,0.0
2020-11-23 00:00:00+00:00,0.025227036867959685,0.022444659723482863,-0.02306011799486718,0.019472471619901732,0.0,0.0,0.0,0.025227036867959685,0.025227036867959685,0.02119484038439401,0.0,0.0,0.0,0.03776574178914349,0.0019176256269719527,0.02119484038439401,0.02119484038439401,0.018146525043758688,0.0
2020-11-24 00:00:00+00:00,0.010993810734705844,0.0112792145464371,0.013137546639834907,-0.016512172731902308,0.0,0.0,0.01930700694805565,0.010993810734705844,0.010993810734705844,0.0013976875309058556,0.0,0.0,0.0,0.0008378720864421485,-0.010522246424380488,0.002482986996795278,0.002482986996795278,0.0010783849891558006,0.0
2020-11-25 00:00:00+00:00,-0.028876448179180003,-0.026776047568668138,-0.004282199685992083,0.006509513135100065,0.0,-7.003190786203373e-05,0.004328634507406504,-0.028876448179180003,-0.028876448179180003,-0.0029643903458751453,0.0,0.0,0.0,0.017637961541629332,-0.005187275287204973,-0.011342455274397811,-0.011342455274397811,-0.008194412864095169,0.0
2020-11-26 00:00:00+00:00,-0.058200091408422416,-0.054880873045284884,0.023156450771612214,0.010390871117550882,0.0,-0.03082780088003645,-0.03461336329169151,-0.061317090144984654,-0.061317090144984654,-0.0394648801126235,0.0,0.0,-0.027464744914631023,-0.03584791660332309,-0.017312636406893178,-0.0658174968719385,-0.06614072088178491,-0.014783916285354248,0.0
2020-11-27 00:00:00+00:00,-0.0017197014970030677,-0.0019259832865283766,0.005574783406517625,-0.0019142773335469876,0.0,-0.00012123183844214847,0.0,0.0,0.0,-0.005476174054698579,-0.008650383641750303,-0.0024873082281354764,-0.003964119320875148,0.014124913000071793,0.006600150827020368,0.0,0.004995345959382114,0.0,0.0
2020-11-28 00:00:00+00:00,0.0225101870062574,0.01866688276993478,0.005182832274715388,0.008726085845454312,0.0,-0.0017470449063785587,0.0,0.0,0.0,0.006058147217250287,0.02869486576879221,0.03423689472402014,0.021261453493260918,0.01884318260428164,0.0,0.0,-0.006229031635744731,0.0,0.0
2020-11-29 00:00:00+00:00,0.03249714168647477,0.026277906086189295,0.0022319670727570795,0.02102688940978048,0.0,0.0,0.0,0.0,0.0,0.006499856480382649,0.03907580318368176,0.04905440316174503,0.03884401151701522,0.0005063039847892359,1.7727997373429005e-05,0.0,-0.006611570821791091,0.0,0.0
2020-11-30 00:00:00+00:00,0.05100460369031268,0.04346409361703163,0.013512342031950286,0.01870802444339925,0.0,0.0,0.0,0.0,0.0,0.009382145020912391,0.060769321473281845,0.07713698870644148,0.060769321473281845,7.360802066180838e-05,0.0028912697191243453,0.0,-0.009409243012729052,0.0,0.0
2020-12-01 00:00:00+00:00,-0.034020692968927735,-0.028783441493288153,-0.020016645046660453,-0.018774307014962743,0.0,0.0030321784700169108,0.003416798171476332,0.0,0.0,0.003345688932443691,-0.031367974242412555,-0.0508550137311804,-0.031367974242412555,-0.004965921913037574,-0.0076342393630319805,0.0,-0.0041651918098357665,0.0,0.0
2020-12-02 00:00:00+00:00,0.01374310993332184,0.011784448729270425,-0.019716444777978626,-0.007601327202717445,0.0,0.001579079587441079,0.0010262150006781212,0.0,0.0,0.02535231697743634,0.039431118350853334,0.020527098983014636,0.039431118350853334,0.013878887352545943,0.0032786432450875314,0.0,-0.028283482877328625,0.0,0.0
2020-12-03 00:00:00+00:00,0.00854053217905304,0.010915228321103143,0.01315621373037601,0.011860447395493079,0.0,0.0,0.0,0.0,0.0,-0.0024712229217710435,0.011457312337574299,0.021283585752957634,0.00839298425318069,0.010544021645122692,0.0,0.0,0.0,0.0,0.0
2020-12-04 00:00:00+00:00,-0.053721529510892485,-0.03107358960492068,0.013409664710154479,-0.0053214051977136245,0.0,-0.00035526281916264946,0.0,0.0,0.0,-0.040818125785979875,-0.0796336308486969,-0.059654963811763495,-0.040041686257681786,-4.444444444440254e-05,0.0,0.0,0.0,0.0,0.0
2020-12-05 00:00:00+00:00,0.02803390600361455,0.016165302109393043,-0.007130132364737696,0.0039099167569423,0.0,0.005786315201462999,0.0,0.0,0.0,0.023705373658040818,0.049728744467095076,0.038369662811271965,0.012275773616773789,-0.0032241867620419473,0.0,0.0,0.0,0.0,0.0
2020-12-06 00:00:00+00:00,0.0029696856308483177,0.009881080946774201,0.023945834698980928,0.01419553378093763,0.0,-6.666666666665932e-05,0.0,0.0,0.0,-0.0215518925911804,-0.0008000000000000229,-0.0008000000000000229,-0.00019999999999997797,-0.001631562242998874,0.0,0.0,0.0,0.0,0.0
2020-12-07 00:00:00+00:00,-0.009504199192769569,-0.006831201504157947,-0.0014091238225030223,-0.002956053517207291,0.0,0.0,0.0,0.0,0.0,-0.003923581523685882,0.0,0.0,0.0,0.0,-0.0015329947407909383,0.0,0.0,0.0,0.0
2020-12-08 00:00:00+00:00,-0.03855668510233734,-0.024142609415843785,0.009646407496081366,-0.0014039983997199412,0.0,-0.001543579514458271,0.0,0.0028516665425182275,0.0,-0.006936508144279818,0.0,0.0,0.0,0.006271316698033935,0.002069603700239009,0.0,0.007714595257055645,0.0,0.0
2020-12-09 00:00:00+00:00,0.013754218151633246,0.010367426921308986,0.012161134440691113,0.011688686842061147,0.0,0.0049907094470984514,0.0,-0.0003661803108883088,0.0,0.0,0.0,0.0,0.0,0.0053186880069477915,0.0,0.0,-0.004074130434157608,0.0,0.0011086855790254369
2020-12-10 00:00:00+00:00,-0.013919883539288525,-0.006390552108161196,0.009173149260363056,0.003234270042842269,0.0,-0.0010250170652833512,0.0,0.01722992894771247,0.0,-0.009509234583204185,0.0,0.0,0.0,0.001201422775601202,0.0,0.0,0.005167203948993393,0.0,0.017175047111325892
2020-12-11 00:00:00+00:00,-0.013216471808882302,-0.0005428649240717398,0.01827639949233073,0.009651139684029753,0.0,0.0009980410474994539,0.0,0.027952372560467342,0.0,-0.027625444877816263,0.0,0.0,0.0,0.0013849109192733966,0.0,0.0,0.003948703303688461,0.0,0.02727701047090836
2020-12-12 00:00:00+00:00,0.022175576859530866,0.01300573693943785,0.0018130668259148663,0.0054889506501980545,0.0,0.0013347183360203907,0.0,-0.012901066850770637,0.0,0.012700742012751176,0.0,0.0,0.0,0.008740004336457607,0.0,0.008795228791724119,-0.013939708683053054,0.008795228791724119,-0.012465298323375507
2020-12-13 00:00:00+00:00,0.018817836676399358,0.006771483550752633,-0.004885206450334523,0.00034505089790481946,0.0,0.0,0.0,-0.018007292696949673,0.0,0.01806112176286656,0.0,0.0,0.0,-0.008822212298508103,-0.0010902771272260914,0.019681445049432922,-0.009243842285635018,0.01988079714238533,-0.018052846781145715
2020-12-14 00:00:00+00:00,-0.0006054999224827107,-0.002753243150194984,-0.008991691767668564,-0.0071988552119348626,0.0,0.0,0.0,-0.006694043259068305,0.0,0.006498857207425157,0.0,0.0,0.0,0.0015547691721236045,0.0,-0.0011185967674377517,0.0,-0.006602667806534734,-0.006296867877237822
2020-12-15 00:00:00+00:00,0.005652536715574641,-0.009799357039374734,-0.03292664476207641,-0.015506789077517458,0.0,0.0,0.0,-0.029242443896424164,0.0,0.03414982828281987,0.0,0.0,0.0,0.007123323722312946,-0.001697633752226313,0.003927760476222675,0.0,0.0,-0.03423656880810366
2020-12-16 00:00:00+00:00,0.0551775145082527,0.046774373856272256,0.02098299192787345,0.02958169431741653,0.0,0.0,0.0,0.010714875114546718,0.010714875114546718,0.00768653662630725,0.0,0.0,0.0,0.008209873059478623,0.027771678145450895,0.03805546919180913,0.0,0.0,-0.006343183072126557
2020-12-17 00:00:00+00:00,0.024408736472156356,0.028915299558530894,0.021884011740340048,0.03394275908533162,0.0,0.0,0.0,0.024341116484965175,0.024341116484965175,-0.020002859991988586,0.0,0.0,0.0,0.01865966186996193,0.01627702688396626,0.0,0.0,0.0,0.04244174007510204
2020-12-18 00:00:00+00:00,0.009558238644278516,0.006418428131199194,0.0013534808788815411,0.0017577020698220647,0.0,0.0,0.0,0.009558238644278516,0.009558238644278516,0.0041689120447170325,0.0,0.0,0.0,0.017117411467494126,-0.0007147126385943503,0.0,0.0,0.0,-1.5208446002556997e-07
2020-12-19 00:00:00+00:00,0.011575682633525375,0.012430057898372482,0.008252220103223795,0.013841851572792274,0.0,0.0,0.0,0.011575682633525375,0.011575682633525375,0.008863093544320355,0.0,0.0,0.0,0.004901649615012937,0.0004532722071166617,0.0,0.0,0.0,0.016729610647028714
2020-12-20 00:00:00+00:00,-0.01663222876973869,-0.006308320450266081,0.009604311922667197,0.0060060289913612674,0.0,0.0008932955689042732,0.0,-0.01663222876973869,-0.01663222876973869,0.0,0.0,0.0,0.0,0.0008429782480885439,0.0,0.0,0.0,0.0,0.014804678473170574
2020-12-21 00:00:00+00:00,-0.026786151174112094,-0.019853421371804014,-0.004695346563731162,-0.007152687398483626,0.0,0.009868828544953523,0.015388093799330704,-0.026422496152001096,-0.026422496152001096,0.0,0.0,0.0,0.0,0.005023016834102112,0.0,0.0,0.0,0.0,-0.00430135323039782
2020-12-22 00:00:00+00:00,0.02997676132679783,0.02694823954610559,0.02572750193527762,0.02195743805913475,0.0,0.005396260387535046,0.0,0.00868382323075978,0.00868382323075978,0.0,0.0,0.0,0.0,0.012416792830659329,0.0,0.0,0.0,0.0,0.02572750193527762
2020-12-23 00:00:00+00:00,-0.03518374204707997,-0.0036247431583873446,0.057196818075052835,0.03446206385386663,0.0,0.0023848788902933737,0.0,0.04165865870429042,-0.008302783304727002,0.0,0.0,0.0,0.0,-0.01260164806788111,-0.012313287609912127,0.0,0.0,0.0,0.057196818075052835
2020-12-24 00:00:00+00:00,0.020544574621995215,-0.00021876183397417925,-0.040098404169675805,-0.01995404235539866,0.0,0.0047153013200269545,0.0028530583115808916,-0.03726793349514912,0.007058264305285,0.02933769116132212,0.0,0.0,0.0,-0.008527265058521638,0.013341466769310584,0.0,-0.04411840314836135,0.0,-0.05553433248043538
2020-12-25 00:00:00+00:00,0.021796978193716177,0.011384375265958369,-0.006616226177187712,0.0030035070553089405,0.0,0.0,0.0,-0.0007166362176113106,0.013816180485897167,0.020377352783448988,0.0,0.0,0.0,-0.0021418925824605584,0.0,0.0,-0.02037907506514447,0.0,-0.014602847095840032
2020-12-26 00:00:00+00:00,0.029278989428403346,0.03873002564180705,0.05068997454086244,0.03774378301257997,0.0,0.0,0.0,0.02349091639839318,0.02349091639839318,-0.027516143741086685,0.0,0.0,0.0,0.008853558506028758,0.0035192134063202207,0.0,0.028072400301069056,0.0,0.0450924231061105
2020-12-27 00:00:00+00:00,0.0223146977561135,0.017662937085919594,0.000478903540180875,-0.0012296205752605482,0.0,0.0015288843438869826,0.0,-0.00956711487049744,-0.00956711487049744,-0.0025392626321152356,0.0,0.0,0.004323958240418202,-0.011281303520444652,-0.005342979977494666,0.0,0.001556944155786777,0.0,-0.021436500877065057
2020-12-28 00:00:00+00:00,0.03082406151654693,-0.0007502099725271716,-0.04532541774674259,-0.018467025103496626,0.0,0.008330733230142107,0.0,0.03082406151654693,0.03082406151654693,0.05290756678041686,0.08539609639945689,0.045961998374421276,0.04277259153306168,0.008666306016943182,0.014790222185240731,0.0,-0.050900849331318776,0.0,-0.07606237332969012
2020-12-29 00:00:00+00:00,0.0064971438582719365,-0.011971733279823038,-0.030452618297968637,-0.012619064689113002,0.0,0.0,0.0,0.004001252251841114,0.004001252251841114,0.03403418776104972,0.037433628937581176,0.00554398185675109,0.02794541003651929,0.015762584375333732,0.007098872728215966,0.0,0.033212336069232906,0.0,0.03293525103308048
2020-12-30 00:00:00+00:00,0.021918327007427907,0.030327984010319886,0.04347484570342797,0.02947313413270125,0.0,0.0,0.0,0.02576736742406216,0.02576736742406216,-0.026349209511534633,3.0258741747557494e-05,0.038755791168260334,-7.916792491902136e-05,0.004054888680957269,0.0036305575699844272,0.0,-0.026349209511534633,0.008780102614735386,-0.025806935370425887
2020-12-31 00:00:00+00:00,-0.010145951800287878,-0.005120339865072654,0.004830740880342299,0.0020644316157525378,0.0,0.0,0.0,-0.007545086454096128,-0.007545086454096128,-0.0041954745059452625,-0.012414642958391453,-0.011336578522383789,-0.012414642958391453,0.006202718242956484,0.000982065097975493,0.0,-0.0041954745059452625,-0.0005998920566245847,-0.004856923943468927
2021-01-01 00:00:00+00:00,0.01218220423959493,-0.02029172457806927,-0.07117802496305958,-0.026652465758945088,0.0,0.0,0.0,0.00032208626478813507,0.00032208626478813507,0.07183092935495128,0.07568828887970902,0.00046491654996994036,0.07568828887970902,0.0016424647160182548,0.020772727584035255,0.0,0.07183092935495128,0.022101141883914988,0.07537834451306247
2021-01-02 00:00:00+00:00,0.04574941386193987,0.040842373037021984,0.03886719567997221,0.03455681136811828,0.0,0.006914070748957002,0.013850756660715113,0.04476898727305412,0.04476898727305412,-0.0054711551178087126,0.04528057201327229,0.07818462927582637,0.04528057201327229,0.001231512822198022,0.0017015879988715454,-0.004630243612596563,-0.010168980238591807,-0.010168980238591807,-0.006842514170611769
2021-01-03 00:00:00+00:00,0.12179596048762664,0.06556877967746844,-0.06404147438079588,-0.021635920191917624,0.0,0.010741694463844098,0.05850631101887438,0.1682842619135223,0.1682842619135223,0.07209720079817528,0.16635244709640373,0.142150371018952,0.12444204865563613,0.02649364190022152,0.0378297019676086,0.059013730974694756,0.1358535694447558,0.16955513759202034,0.07158553308376914
2021-01-04 00:00:00+00:00,0.03210505233560257,0.005216122469829498,-0.02915281740886655,-0.029771144790899595,0.0,0.010256727292974999,0.08241062361876028,0.0550138419639834,0.0550138419639834,0.049336047802309935,0.055003754911328695,0.0105199903530373,0.027196126622331063,0.03763137857428256,0.030116534899718328,0.0,0.04088611613014925,-0.0026541679803510076,0.047990428009303976
2021-01-05 00:00:00+00:00,-0.0014082959068578704,0.01604817550197235,0.05891236223155594,0.04295544218048164,0.0,0.01517075758300912,0.048744894271969486,-0.0050140501687971906,-0.0050140501687971906,-0.03952158953360285,-0.003551219991894561,0.05640095029982506,-0.000665952497973632,0.05041799218272014,-0.014238747239150307,0.0,0.0,-0.041983100415932006,0.0019903400000000904
2021-01-06 00:00:00+00:00,0.026887739094703766,0.03237190593957662,0.06562146864811624,0.05170403321879835,0.0,0.0,0.0,0.022801151175693146,0.022801151175693146,-0.03177160230059084,0.0007687566666667589,-0.0022468650000000423,0.00019218916666674524,-0.0034830760136322914,-0.026472178757926068,0.030294781522353986,0.0,0.024485284485770586,0.0
2021-01-07 00:00:00+00:00,0.09425044666074212,0.032155440755507136,-0.09027330753108087,-0.05191429522220026,0.0,0.0,0.0,0.11570534713245051,0.11570534713245051,0.08980033221097905,0.0,0.0,0.0,0.07747703643355397,0.05884737003964147,0.0027511167465830155,0.0,0.0027511167465830155,0.0
2021-01-08 00:00:00+00:00,0.10183649415459617,0.0209925605914576,-0.1245419923519906,-0.06752576691825474,0.0,0.03011907921088053,0.0800296422502964,0.1204848779396579,0.1204848779396579,0.11882397817674661,0.0,0.0,0.0,0.03764010000607465,0.009402650286668202,-0.0025343180413034405,0.0,0.1085739490943376,0.0
2021-01-09 00:00:00+00:00,0.030627940702327328,0.011764850869832921,0.0006647108440946958,0.008596010251229025,0.0,0.0,0.0,0.02954466681686352,0.02954466681686352,0.01872852684400872,0.0,0.0,0.0,0.013621051375626081,0.010341397726518986,0.01583128279117485,0.0,0.01872852684400872,0.0
2021-01-10 00:00:00+00:00,-0.01923857000199536,-0.013629432073121617,-0.01283695525927464,0.01861280309904556,0.033188180017656776,0.0,0.0,-0.01923857000199536,-0.01923857000199536,-0.004591635186195764,0.0,0.0,0.0,0.022284815917906986,0.007870416188219487,-0.007158523814409179,0.0,-0.0012943699999999891,0.0
2021-01-11 00:00:00+00:00,-0.10507285009026412,-0.05059398726578568,-0.010720918198497076,0.014084030690114213,-0.013605622297745645,-0.031366782331899046,-0.004387643252403928,-0.13761252980399374,-0.13761252980399374,0.0,0.0,0.0,0.0,-0.008136906266653199,-0.016935020445616678,-0.07912922313687853,0.0,0.0,0.0
2021-01-12 00:00:00+00:00,0.02978577424849349,0.0017583899284805415,0.0704002946576614,0.033144925520507185,0.10560044198649221,0.0003556124406534078,0.0020673261680763666,0.044246855380289496,0.044246855380289496,0.0,0.0,0.0,0.0,-0.011131425858279531,0.015333436153896152,0.0,0.0,0.0,0.0
2021-01-13 00:00:00+00:00,0.04728425328175123,0.026941592557358618,-0.04192682883903265,-0.03579800808960476,-0.06289024325854886,-0.0001358780740775556,0.0,0.015351809919124326,0.015351809919124326,0.0,0.0,0.0,0.0,0.020297667404890918,-0.01101271573816831,0.0,0.0,0.0,0.0
2021-01-14 00:00:00+00:00,0.021034265143620612,0.015557759612875754,-0.03736523624270405,-0.02316867501985509,-0.056047854364056016,0.0,0.0,0.0065081134318811795,0.0065081134318811795,0.0,0.0,0.0,0.0,-0.0007409371986872859,-0.001595144379658353,0.0,0.0,0.0,0.0
2021-01-15 00:00:00+00:00,-0.044916823837012565,-0.021503951087395112,0.015903174923596497,0.019300423835194813,0.023854762385394634,0.0020338104701445037,0.0,-0.023054704095977985,-0.023054704095977985,0.0,0.0,0.0,0.0,-0.014599457343420719,0.0016208583332142368,0.0,0.0,0.0,0.0
2021-01-16 00:00:00+00:00,0.028216286293430315,0.008698131508645845,0.02425238271828256,0.013442693247199822,0.03637857407742384,0.0,0.0,0.0352340183058002,0.0352340183058002,0.0,0.0,0.0,0.0,-0.00012444855516369202,-0.004938067681608094,0.0,0.0,0.0,0.0
2021-01-17 00:00:00+00:00,0.03817014117300532,0.010631178085321435,0.04072763724350659,0.016210850875581828,0.06109145586525999,0.009285147889148693,0.0,0.040515195248507885,0.040515195248507885,0.0,0.0,0.0,0.0,0.035335627792305146,-0.005280063389801581,0.0,0.0,0.0,0.0
2021-01-18 00:00:00+00:00,0.00989180239938392,0.0062987326676031685,-0.011486458215530182,-0.00858470595456362,-0.01722968732329533,0.0,0.0,0.00327560637274682,0.00327560637274682,0.0,0.0,0.0,0.0,0.024010015914193383,-0.00613205778201853,0.0,0.0,0.0,0.0
2021-01-19 00:00:00+00:00,0.0014107686046731516,0.002482429995083635,-0.007019234474592628,0.0027183247744166916,-0.010528851711888887,0.0,0.0,0.010158615071711674,0.010158615071711674,0.0,0.0,0.0,0.0,0.011096529512329756,0.015539209867972081,-0.004260517262471453,0.0,-0.004260517262471453,0.0
2021-01-20 00:00:00+00:00,0.004903167132974895,0.0010438870015108126,0.012133498111488228,0.0070692573564541394,0.018200247167232453,0.0,0.0,0.011037134863604692,0.011037134863604692,0.0,0.0,0.0,0.0,-0.003889765057614736,-0.005241753596221366,0.00311920466308524,-0.028664144053228258,0.00311920466308524,0.0
2021-01-21 00:00:00+00:00,-0.17114266853726434,-0.06889745322918872,-0.022039936779614466,0.019473442349162484,-0.03305990516942159,-0.010609082613478704,0.0,-0.10420553143878353,-0.10420553143878353,-0.05304402994034996,0.0,0.0,0.0,-0.07137968092237734,-0.004639161337921749,-0.04810109568607579,0.07080466661852625,-0.0003497900000000165,0.0
2021-01-22 00:00:00+00:00,0.08974966767395443,0.03145210780050478,0.01630355905728309,-0.0069217154149537885,0.024455338585924746,0.027498592016589773,0.040861525837942336,-0.00030083666666669284,-0.00030083666666669284,0.03863830765094689,0.0,0.0,0.0,-0.015620752114671399,0.01235720466834378,0.0,-0.03557515759771346,0.0,0.0
2021-01-23 00:00:00+00:00,0.011176435169952814,0.0023844259756495845,0.02716505335377173,0.017022611029162693,0.04074758003065759,0.0,0.0,0.0,0.0,0.017967373107376616,0.0,0.0,0.0,0.033969298357865885,0.0009135853563166929,0.0,-0.0006336640624422518,0.0,0.0
2021-01-24 00:00:00+00:00,0.05289798347869312,0.01718215021147884,0.010224987826109588,0.0035568786305095745,0.015337481739164271,0.0,0.0,0.0,0.0,0.012367048659707391,0.0,0.0,0.0,-0.0009824260690434183,0.004600831296126984,0.0,-0.03987159877939028,0.0,0.0
2021-01-25 00:00:00+00:00,-0.011904756624751434,-0.004214181959713237,0.0062440288429042035,0.0030676497035837524,0.009366043264356305,0.0,0.0,0.0,0.0,-0.007302712500903641,0.0,0.0,0.0,-0.01970300645718548,-0.0070274202846905,0.0,0.01857739431724048,-0.016496211323210774,0.0
2021-01-26 00:00:00+00:00,0.0448946151069316,0.013367333485531985,0.028391160053378606,0.011214430110858764,0.04258674008006791,0.0,0.0,0.0,0.0,0.0,0.0,0.0,0.0,0.03765339315661698,0.013606879764921587,0.0,-0.012838669062613106,0.030990971316005478,0.0
2021-01-27 00:00:00+00:00,-0.07668172944342133,-0.025105447560474503,-0.009066865221657894,0.0081698575325444,-0.013600297832486952,0.0028677107447014905,0.0,0.0,0.0,0.0,0.0,0.0,-0.021139536259126235,-0.013463934985865178,-0.010232457433809183,0.0,0.03296876628130385,-0.03579782022962663,0.0
2021-01-28 00:00:00+00:00,0.05727019685622614,0.01524834474942316,-0.0205264302166559,-0.027387127224216212,-0.03078964532498396,0.009059815993805787,0.0,0.0,0.0,0.0,0.06922305914445448,0.08548550994360538,0.0347575345722273,-0.0028271646022610675,0.0029466016006154394,0.0,-0.024005315025448115,0.0,0.0
2021-01-29 00:00:00+00:00,0.018438252641396424,0.002424356590899235,-0.005744127396870247,-0.006860627733764613,-0.008616191095305314,0.0,0.0,0.0,0.0,0.0,0.021560996339377025,0.029185851299043275,0.01610667558786627,0.034187222444338916,-0.015251477846514372,0.0070704199299929105,-0.048315597164400814,0.0070704199299929105,0.0
2021-01-30 00:00:00+00:00,0.03218671585079114,0.008864369402273642,0.03436521855657548,0.016414363166804558,0.051547827834863114,0.0,0.0,0.0,0.0,0.0,0.03278053954334759,-0.0020113960141571186,0.03277869037668091,-0.006303766226845475,0.0024758741673864826,-5.351700979794316e-05,-5.351700979794316e-05,-5.351700979794316e-05,0.0
2021-01-31 00:00:00+00:00,-0.02388854970438614,-0.008348559395215505,0.012259690829137027,0.011994864403173544,0.01838953624370565,0.003348776919245733,0.0,0.0,0.0,0.0,-0.02851947029655666,-0.04353023347028273,-0.02851947029655666,0.009450893095595214,0.009252882092179782,-0.011801160397889587,-0.011801160397889587,-0.0035148559476904095,0.0
2021-02-01 00:00:00+00:00,0.04470722695160445,0.013867958912712641,0.023668394600462772,0.009743421912232542,0.03550259190069416,0.0025226950719332564,0.0,0.0,0.0,0.0,0.04703580470926916,0.029288577113148584,0.04703580470926916,0.013038060995404166,0.0014961705345108989,0.004029683734465328,0.004029683734465328,0.0,0.0
2021-02-02 00:00:00+00:00,0.09329807610532326,0.02836589061743444,0.02603614162678891,0.002354566770087718,0.03905421244018337,0.0,0.0,-0.0010668831139962753,-0.0010668831139962753,0.0,0.09623521233104171,0.07713124739266664,0.09623521233104171,0.02517472995315262,0.022889616969964388,0.018587928113985352,0.018587928113985352,0.0,0.0
2021-02-03 00:00:00+00:00,0.07718705853424912,0.02618580931105985,0.010017790205758548,-0.0049916288468686565,0.015026685308637822,0.0,0.0,0.060635377178565264,0.060635377178565264,0.0,0.08016304599510815,0.07613688809580466,0.05960190532966436,-0.0052544615977464515,0.004840208112384614,0.04337967927345132,0.01918921516235672,0.023914471974103124,0.019411653725479816
2021-02-04 00:00:00+00:00,0.017867122578870687,0.0030659191341082526,0.04571214090761244,0.026099155695826548,0.06856821136141855,0.0,0.0,0.02327756730962638,0.02327756730962638,0.0,0.017167154511344762,-0.03300439468436234,0.008167104755672394,9.83375581580237e-05,0.004772675380319891,-0.02167832112686019,-0.006410572031747663,-0.015081512189655921,-0.006542056606692714
2021-02-05 00:00:00+00:00,0.047472845928855145,0.016319707812591178,0.00045346849726346505,-0.0054743124276761534,0.0006802027458951976,0.0,0.0,0.03689200589084929,0.03689200589084929,0.0,0.048476732619259444,0.05450009475859696,0.011685620654814821,0.008775437762044591,-0.009256436791459488,0.03613525491194203,0.011607489324238385,-0.0006124533333333737,0.01168986761626467
2021-02-06 00:00:00+00:00,-0.03243457186603049,-0.008092422604795257,-0.03737738582973871,-0.022837352250975274,-0.05606607874460812,0.0,-0.007009350045174001,-0.041116480337332284,-0.041116480337332284,0.0,-0.0016237833333333507,-0.001459525000000017,-0.0004059458333333099,0.008214326832341134,0.005325660222958328,-0.0019619104835216783,0.007265083082217405,-0.0022504080503781276,0.007064896684974453
2021-02-07 00:00:00+00:00,0.012141417146105393,0.002478395950748391,0.03521986894009688,0.020648309514243124,0.052829803410145315,0.004968176663122215,0.0,0.012141417146105393,0.012141417146105393,0.0,0.0,0.0,0.0,0.03906242979169461,0.0006005735050986782,-0.01850389772494565,-0.004344271538540445,-0.004344271538540445,-0.004489107820288107
2021-02-08 00:00:00+00:00,0.152260795810365,0.0512497341845819,-0.005865150877706893,-0.028328907426937278,-0.008797726316560395,0.0019160556474722146,0.0,0.152260795810365,0.152260795810365,0.0,0.0,0.0,0.0,0.03873131557733123,0.04054787458596776,0.09114700794449071,0.0621780677124919,-0.00667918612755658,0.06400669762752287
2021-02-09 00:00:00+00:00,-0.004269773063452886,-0.0011842633261009983,-0.0035736517126384593,-0.002064339626902667,-0.005360477568957744,0.0,0.0,-0.004269773063452886,-0.004269773063452886,0.0,0.0,0.0,0.0,0.01808271496827607,0.0015892441664802082,-0.00010329650803964086,-0.0011582885569683121,0.0,-0.0013004682279025293
2021-02-10 00:00:00+00:00,0.029745038164090243,0.004898591627216842,0.06477914415980579,0.05274318204496797,0.09716871623970857,0.001968409153801254,0.0,0.029745038164090243,0.029745038164090243,0.0,0.0,0.0,0.0,0.026871045629250023,0.010467325717407272,-0.019546202694923465,-0.012942507632566214,0.0,-0.013149833741162298
2021-02-11 00:00:00+00:00,0.03327250154117123,0.01357425446316185,-0.020201279159231533,-0.02167901470412492,-0.030301918738847244,0.0,0.0,0.03327250154117123,0.03327250154117123,0.0,0.0,0.0,0.0,0.010824531965987427,-0.003688461988624825,0.030283677449541857,0.022536249478754433,0.003087387754469706,0.022745789542920836
2021-02-12 00:00:00+00:00,0.002793809378101919,0.0013642396652711053,0.005395432663789279,0.005595239010913078,0.008093148995683919,0.0,0.0,0.002793809378101919,0.002793809378101919,0.0,0.0,0.0,0.0,-0.00559578610256195,-0.0006036690392579036,0.0029612572373436397,-0.006011289710060375,0.010968389314283122,-0.006028517956007673
2021-02-13 00:00:00+00:00,-0.02733765660689058,-0.008699472847866208,-0.01680466077902376,-0.010874784137088422,-0.025206991168535753,0.0,0.0,-0.02733765660689058,-0.02733765660689058,0.0,0.0,0.0,0.0,0.007847724040698223,-0.006257729954525781,-0.008233110792012832,-0.0021142347064417866,0.0,-0.0021938031455677187
2021-02-14 00:00:00+00:00,0.0014080032534724563,0.0010677877005953462,-0.01270384300506977,0.00015910361343474122,-0.0190557645076046,0.0,0.0,0.0014080032534724563,0.0014080032534724563,0.0,0.0,0.0,0.0,0.0026995471282416084,-0.0038642992925917996,0.004904698627054449,0.00886298655738682,0.0,0.008850441812586096
2021-02-15 00:00:00+00:00,-0.004566850595128513,-0.0028582839260442583,0.010652797306734518,0.009239282538552773,0.01597919596010189,0.006033366900957793,0.032548894730219935,-0.004566850595128513,-0.004566850595128513,0.0,0.0,0.0,0.0,-0.00043150015074100434,0.004231257647165032,-0.00985117179239503,-0.015202439882867291,0.0,-0.005370220177044471
2021-02-16 00:00:00+00:00,-0.01633668117052256,-0.0027085699196556234,-0.02973924269610051,-0.01847524089217656,-0.044608864044150875,0.0,0.0,-0.01633668117052256,-0.01633668117052256,0.0,0.0,0.0,0.0,-0.0003127030678053977,-0.004332248736249378,0.006778292437389366,0.007746353790635929,0.0,0.007233428601630676
2021-02-17 00:00:00+00:00,0.027394847084940555,0.013964861680412222,-0.021994484588701346,-0.013199886805215777,-0.032991726883052075,0.0,0.0,0.0055704920711439065,0.0055704920711439065,0.0,0.0,0.0,0.0,-0.0024014810756343152,0.00435471797551612,0.02338217751449645,0.0016125563632640727,0.0,-0.0005802200000000202
2021-02-18 00:00:00+00:00,0.03835896209063128,0.011565472228611817,0.03392731828536011,0.00958685233200618,0.05089097742804016,0.0,0.0,0.009379748609796179,0.009379748609796179,0.0,0.0,0.0,0.0,0.00196360933987183,0.001633211448832439,0.005203240575435197,-0.023516082657670023,-0.009218643877908717,0.0
2021-02-19 00:00:00+00:00,0.11780074315584854,0.03861736575537078,0.06497658254903604,0.07561237942683707,0.09746487382355395,0.0,0.0,0.045343890832906464,0.045343890832906464,0.0,0.0,0.0,0.0,0.04187153381199171,0.04156665546837379,0.08932605749576661,0.08763493452339621,0.08759074915978493,0.0
2021-02-20 00:00:00+00:00,-0.05781930258877244,-0.01966842728681939,-0.04389020697884194,-0.02516859060453347,-0.06583531046826296,0.0007951836314705751,0.0,-0.05781930258877244,-0.05781930258877244,0.0,0.0,0.0,0.0,-0.030073132653426704,-0.03378410973378243,-0.055877493069150797,-0.047053302760933224,-0.01857563309295429,0.0
2021-02-21 00:00:00+00:00,0.0460497172655836,0.015573037237487153,0.026958946191598443,0.01967371132567708,0.040438419287397664,0.0010950259045832134,0.0,0.0460497172655836,0.0460497172655836,0.0,0.0,0.0,0.0,0.02561194176681214,0.0025567070530505553,0.03789992952306842,0.03515869934148075,0.0,0.0
2021-02-22 00:00:00+00:00,0.04435902670911562,0.0011086427776767493,0.12471983794726582,0.08709310115927305,0.17694665114455854,0.0009253295371864922,0.0,0.04509528855951883,0.04509528855951883,0.0,0.0,0.0,0.0,0.013619588100166835,0.050092324444742875,0.040414896832081215,0.07567639330147746,0.0,0.0
2021-02-23 00:00:00+00:00,-0.05902355901335643,-0.0403624507699869,0.05880388544775861,0.0499141566852892,0.08050368523152107,-0.014345862340148452,0.07419240819417228,-0.07362310744935052,-0.044953828223566306,0.03206089412345703,0.0,0.0,0.0,-0.0008716784499113173,0.0018256324334908758,-0.03508023124312931,0.03234763393677409,0.0,0.0
2021-02-24 00:00:00+00:00,0.05263384178436081,0.013926763673661524,0.034115160854897075,0.016700574277069613,0.05735768363477045,0.0059574371954778105,0.0,0.03230070394442208,0.042373167139540424,0.042373167139540424,0.0,0.0,0.014140216614131118,-0.02904967508073042,0.016424473799396155,0.009349322777494784,-0.009640759021810608,0.0,0.0
2021-02-25 00:00:00+00:00,-0.10317560991638497,-0.032856369523164064,-0.036321323629795677,-0.008770918821777274,-0.0718615160273045,-0.0024414082000101534,0.0,-0.040184359701467054,-0.06889760124981603,-0.06889760124981603,-0.11324085142650198,-0.07105222426916924,-0.056507489046584314,-0.06248166329614191,-0.017447960784477634,-0.029617390495805584,0.029892882863378434,0.0,0.0
2021-02-26 00:00:00+00:00,-0.01379962958779235,-0.004554800632685763,0.0023633384838033233,0.0051688289226765605,-0.0007946918982717488,0.0020625051399159045,0.0,0.00439745925650481,-0.0037734465545629092,0.018657022334088502,-0.020178298341988254,-0.021095070284466,-0.01528372375649123,0.011235432158833492,0.006685740180088162,-0.007900145532330316,0.007308514067181138,0.0,0.0
2021-02-27 00:00:00+00:00,-0.010083074000767356,-0.0030216085150159833,-0.012993268511903078,-0.008115961720120635,-0.012590460117859803,-0.0003818352971058925,0.0,-0.007844336555743792,-0.004378495718546982,0.0,-0.00930628458402194,0.0013871697112162185,-0.00943266375068863,0.014178426606282324,0.020418205061620398,0.003223800972394386,-0.003686500733423248,0.0,0.0
2021-02-28 00:00:00+00:00,-0.01424703517252679,-0.009637647426082085,0.0065919851381306405,0.007750570875436402,0.006903253922767805,0.00012757832222565213,0.0,-0.006733457772921225,0.0,0.0,-0.018236051251511842,-0.023833128461499764,-0.018236051251511842,0.0028520881742675197,0.011517621064238037,-0.007953235777234724,0.006949408014754077,0.0,0.0
2021-03-01 00:00:00+00:00,0.08822579271636077,0.025147135297643786,0.013040240031377603,-0.010987898719531763,0.023466276407984932,0.0019269271686739309,0.0,-0.06491032959354082,0.0,0.0,0.11602087832717456,0.10167866617549093,0.11602087832717456,0.033339548379655026,0.008396179804348813,0.03467262839201357,-0.03416687761649895,0.0,0.0
2021-03-02 00:00:00+00:00,-0.0388578792697345,-0.009702664789817295,-0.004942268107087755,0.006097634001713148,-0.0234211269616178,0.0,0.0,0.007812537812282638,0.0,0.0,-0.04958782132869777,-0.03930964495461464,-0.04958782132869777,0.014865267908026558,0.0,-0.018450067074676113,0.018473207411805692,0.0,0.0
2021-03-03 00:00:00+00:00,0.02081067359557709,0.004210556654792086,-0.015698224402325378,-0.016864357510765093,-0.015847578675352803,0.0,0.0,-0.009119348025671381,0.0,0.0,0.03353288580835767,0.04666452423463796,0.024897639356268098,-0.00884032140246005,0.002511076469228657,0.018095849815537468,-0.01807688127754148,0.0,0.0
2021-03-04 00:00:00+00:00,-0.03914889547966527,-0.013954546620669639,-0.018075092943300453,-0.0064662777416276684,-0.016615711398453192,0.0,0.0,0.0,0.0,0.0,-0.04384379102061142,-0.02926767408281017,-0.022159183010305727,0.005767996505979589,0.005076349452696194,-0.009127201077820501,0.006030522498724045,0.0,0.0
2021-03-05 00:00:00+00:00,-0.012544514600575596,-0.0043281431961667005,-0.010921112535899669,-0.004124083797034217,-0.024070657975701737,0.004169853665578982,0.0,0.0,0.0,0.0,-0.013476738838198332,7.370088318747747e-06,-0.003588975542882955,-0.00895767952781723,0.00046571281300589185,0.0,0.0019706663123371104,0.0,0.0
2021-03-06 00:00:00+00:00,0.02628074983486295,0.0050020560524788316,-0.013356523377924479,-0.020233205404193377,0.018041239362665884,0.0,0.0,0.0,0.0,0.0,-0.0010087500000000027,-0.0009073800000000132,-0.0002521875000000007,0.011950676199562249,0.0028381930282437295,0.0,-0.02590043789051466,0.0,0.0
2021-03-07 00:00:00+00:00,0.04018131285539139,0.013093247857699053,0.0046848199203446406,-0.005350664576292075,0.008137763306089951,0.0,0.0,0.0,0.0,0.0,0.0,0.0,0.0,-0.003323165076581036,0.00026469254178795865,0.0,-0.014888186077264276,0.008022199466501956,0.0
2021-03-08 00:00:00+00:00,0.01806253309187067,0.009819240356354175,-0.02613925503761283,-0.02302323758784708,-0.02275758449535059,0.0,0.0,0.0,0.0,0.0,0.0,0.0,0.0,-0.003795099694975601,0.0,0.0,-0.019907772588315664,0.020057805207457147,0.02002296551145144
2021-03-09 00:00:00+00:00,0.04819011158968278,0.018071891849828603,0.02353952738877041,0.008295782972183696,0.022029848731552892,0.0,0.0,0.0,0.0,0.0,0.0,0.0,0.0,0.0008398374557270216,0.0005891648354678924,0.0,-0.006541963599970058,-0.0008160785014319494,0.006395908232223357
2021-03-10 00:00:00+00:00,-0.023319824193267724,-0.005988202652259078,-0.0020031504839940206,0.006411741955545169,-0.033261582440027304,0.0,0.0,-0.0027208068324097168,-0.0027208068324097168,0.0,0.0,0.0,0.0,0.006422757877711405,0.0,-0.0027208068324097168,0.01394636525073989,-0.0027208068324097168,-0.014343058492574001
2021-03-11 00:00:00+00:00,0.05582630748422468,0.01875607962550685,0.03718183740508807,0.015090681029760189,0.04823377900811643,0.0,0.0,0.010337208422668498,0.010337208422668498,0.0,0.0,0.0,0.0,0.010998476837449589,0.008017418883375926,0.016996952005571053,0.0011919330361815916,0.016996952005571053,0.00531852539922828
2021-03-12 00:00:00+00:00,-0.04480889528209231,-0.014904462444847999,-0.019765829011169966,-0.003037480386873015,-0.041826736370411344,0.0008651787064721805,0.0,-0.003889864332494719,-0.003889864332494719,0.0,0.0,0.0,0.0,-0.0222442406483786,-0.012816308570395396,-0.03611785311284299,-0.020503196343312102,-0.03611785311284299,-0.043843767864288674
2021-03-13 00:00:00+00:00,0.059161717493918964,0.026290557354107902,-0.012783927841140574,-0.021209084161263325,-0.009586223819538553,-8.362583333332285e-05,0.0,0.022338452848969848,0.022338452848969848,0.0,0.0,0.0,0.0,-0.0001174781500498101,0.008624640117390836,0.038676375303766,-0.012154563520031636,0.023241980587385358,0.04516985614168845
2021-03-14 00:00:00+00:00,-0.04425144512757573,-0.018505123640334964,-0.00591412873845476,0.0040346366546513135,-0.01025244874351583,0.0,0.0,-0.01314322456393724,-0.01314322456393724,0.0,0.0,0.0,0.0,-0.00311957491739967,-0.0008885998484144952,-0.03291021037729003,-0.005857008896026139,-0.014085607716054604,-0.03390087887875359
2021-03-15 00:00:00+00:00,-0.03742480557674399,-0.01800807311565855,0.002986670218356302,0.006777214868123327,0.01837891564384364,0.0016004976144230465,0.0,-0.01977769915521388,-0.01977769915521388,0.0,0.0,0.0,0.0,0.0,0.0,-0.02695584629660508,0.003274720317940183,0.006398906486192679,-0.01812140883415203
2021-03-16 00:00:00+00:00,-0.0017421067754654906,0.0020101791918214484,-0.01480575006467233,0.012219393337245199,-0.030543011111169638,0.005343576185948384,0.0,-0.008192554355361481,-0.008192554355361481,0.0,0.0,0.0,0.0,0.0032771623989023,0.0,-0.020955147998721002,-0.014889096028065874,0.0,-0.010925200988729955
2021-03-17 00:00:00+00:00,0.02488138107758031,0.0122127123090634,0.009912423833533968,0.005904535269310562,0.0021713253641801877,-0.002691641195357919,0.0,0.0,0.0,0.0,0.0,0.0,0.0,0.0003456440272775474,0.002420808970782229,0.013114168249868774,0.009947518974379399,0.0,0.015933516731583497
2021-03-18 00:00:00+00:00,-0.017056001357623196,-0.008226520825108552,0.00765738160064533,-0.006621345832540038,0.00834592744011875,0.0,0.0,0.0,0.0,0.0,0.0,0.0,0.0,-0.0004741906565683962,-8.355416666672166e-05,-0.0018248027277011358,0.007552662871807003,0.0,-0.0024264978818495653
2021-03-19 00:00:00+00:00,0.005633953158620475,0.0028578721050502853,-0.0076962056161806736,0.002690582122562901,-0.005393833801161874,0.0,0.0,0.0,0.0,0.0,0.0,0.0,0.0,0.0012629182237906544,0.0,-0.004038597215290207,-0.007602907431096151,-0.0024835714357783756,-0.001608565968163278
2021-03-20 00:00:00+00:00,-0.0007022197899446692,-0.00027686558502115766,0.0018758447438453896,-0.000370733379415622,0.0009764061596908569,0.0,0.0,0.0,0.0,0.0,0.0,0.0,0.0,0.0,0.0,-0.0006765606453675854,0.00200069435039385,-0.016089275332101582,0.0004928781440278751
2021-03-21 00:00:00+00:00,-0.00581158822849237,-0.0033314909831061446,0.007886668352248716,-0.005914443046747375,0.011767285629873836,0.0029784702340187597,0.0,0.0,0.0,0.0,0.0,0.0,0.0,0.0,0.0,-0.0010451734910545962,0.008011492631389894,-0.0021299942834870356,0.0033850398022450268
2021-03-22 00:00:00+00:00,-0.02507555791945615,-0.015901332721730332,0.030542614404237334,-0.024424215365312585,0.04556353546421432,-0.0057062131443057496,0.0,0.0,0.0,0.0,0.0,0.0,0.0,-0.02140075120862306,-0.013485211723940016,-0.008462993877101144,0.03263340592861663,0.01834828141871192,0.010812231353926727
2021-03-23 00:00:00+00:00,-0.015864229733074886,-0.0039571823357104075,-0.012179161757528312,0.00857918320842943,-0.024282418647285642,0.0004912802624104096,0.0,0.0,0.0,0.0,0.0,0.0,0.0,-0.004554509224809822,0.0023251474760261903,-0.014890300139640544,-0.012067111776246642,0.0,-0.014833138744037688
2021-03-24 00:00:00+00:00,-0.033872607009084676,-0.013716016784290241,0.00438773305594875,-0.010241130088921468,-0.00037620378967850865,0.00454348322817566,-0.0068290809341503556,0.010834048751074521,0.0,0.0,0.0,0.0,0.0,-0.006069377971973378,-0.003469015185420199,-0.012830299766235953,0.004831070479128119,0.0,-0.0002666666666666373
2021-03-25 00:00:00+00:00,-0.018364534760373252,-0.006269778257652403,-0.015846073716039633,0.0016670275823345015,-0.01278026016912892,0.000453669653964095,-0.0032383327773650716,-0.00038480594613499175,0.0,0.0,0.0,0.0,0.0,-0.0008729943575636057,0.0002586007451819139,-0.014961465704355192,-0.015987556407074055,0.0,0.0
2021-03-26 00:00:00+00:00,0.06466947842323245,0.02488296329169315,0.022593529988294447,0.0003057036406208802,0.032871291933142865,0.0035322624537084124,0.0,-0.08848585607621096,0.0,0.0,0.0,0.0,0.0,-0.0008208614976707995,0.0,0.04527231162216139,0.021889426206198603,0.0,0.0
2021-03-27 00:00:00+00:00,0.03969363126286818,0.012599378577941023,0.035547815172337405,0.021341337056140164,0.05031440519640018,0.0,0.0,-0.009013767370849135,0.0,0.0,0.0,0.0,0.011284809899192005,-0.019628119216533957,0.002524853962485807,0.03781689916223918,0.03497580952866697,0.0,0.0
2021-03-28 00:00:00+00:00,0.026877224128082577,0.00858470121394439,0.0376817003034462,0.02759888610023542,0.04891809296456184,0.0,0.0,0.015930614486382666,0.015930614486382666,0.0,0.026349234450812498,-0.00885272835576456,0.013291158058739594,-0.013951808186031145,-0.0005916652029771541,0.03208624968735729,0.03749237004870887,0.0,0.0
2021-03-29 00:00:00+00:00,0.03669064239439268,0.014503202841664509,-0.009736664483476543,-0.014903714678279445,0.006598316377596003,0.0,0.0,0.01548480618261805,0.01548480618261805,0.0,0.05169823744221391,0.0543671308914202,0.038696675581660456,0.003394995138288115,0.005438890548027597,0.01548480618261805,-0.009122251006302595,0.0,0.01550542351460038
2021-03-30 00:00:00+00:00,0.00993908289814005,0.0065823796116226685,-0.003135523826261477,-0.003409066097156521,-0.007644158554962255,0.0,0.0,0.0016438151159048342,0.0016438151159048342,0.0,0.010900081431943764,0.015015896196728606,0.010851640598610324,-0.006485167060118258,-0.005902749329194434,0.018159619347387856,0.013805252091267262,-0.01667873518069307,0.0008894839674580268
2021-03-31 00:00:00+00:00,0.014781644601885136,0.00824718772114208,-0.008877863096679484,-0.01036916972035462,0.008080536158555196,0.0,0.0,0.008384337403667619,0.008384337403667619,0.0,0.017837424094865995,0.019582843590354004,0.017837424094865995,-0.0015859140550376072,-0.00439525217785719,0.0,-0.013592481457319505,0.00710082175697635,0.004782195034630066
2021-04-01 00:00:00+00:00,-0.002693953950086758,-7.580721686129e-05,-0.014063197787176018,-0.0033781828624777077,-0.00921528364851687,0.0,0.0,3.855104206573756e-05,3.855104206573756e-05,0.0,-0.001016765756732707,0.00908659435302761,-0.001016765756732707,0.0024730077149637264,0.0029581516628787163,0.0,0.0008169758620830692,0.0,0.00020375380300707846
2021-04-02 00:00:00+00:00,0.040072480794480114,0.02452734353310948,-0.014882262766770737,0.006734717109921906,0.01837173594118724,0.0,0.0,0.039807330002971986,0.039807330002971986,0.0,0.040521468374686176,0.041838687777675965,0.040521468374686176,0.0,0.0005395102534166973,0.0,0.0,0.0,0.04014028247924206
2021-04-03 00:00:00+00:00,0.01180194212205965,-0.005564161151520808,0.06400886589523913,0.03554063389687956,0.08253940813296601,0.0,0.0,0.021813631329284267,0.021813631329284267,0.0,0.01122775909678575,-0.048289809895155855,0.008048960155922602,0.014860814172771297,0.0035481375302721663,0.02148120796702946,0.0,0.02148120796702946,0.02283306549187336
2021-04-04 00:00:00+00:00,0.034633848644021636,0.019173381428970737,0.008780695608846312,0.004101864023866364,0.019356741145830192,0.0021141866762521833,0.0,0.029178371000192938,0.029178371000192938,0.0,0.03500929766344063,0.02416670281040756,0.017221994665053586,0.012822469717195695,0.005755049731631878,0.019043149648383162,0.0,0.024093550342204617,0.0098288935143227
2021-04-05 00:00:00+00:00,-0.0018772728993416976,0.0030205997221046665,-0.017319982816757173,-0.011652807497689155,-0.025446594225135732,0.002121386047838403,0.0,-0.006672158964588837,-0.006672158964588837,0.0,-0.001771956699493038,0.01472767914313744,-0.0007825550082065647,-0.00020427371401909866,0.0016126029181915413,0.0,0.0,0.0,0.004444466073585618
2021-04-06 00:00:00+00:00,0.021467644371845118,0.005583306448784464,0.036643573626926385,0.02310498344419054,0.054965360440389466,0.0,0.0,0.02857235486273746,0.02857235486273746,0.0,-0.002031723333333346,-0.0019927749999999467,-0.0005079308333333366,0.01819598509549314,0.014152990183971204,0.0,0.0,0.0,-0.0003109798628531113
2021-04-07 00:00:00+00:00,-0.015014077325762765,-0.019473573398687605,0.031424620939202175,0.022287843053737655,0.04713693140880326,-0.0027015323969982186,-0.003021022945709606,-0.004641145677737324,-0.004641145677737324,0.0,0.0,0.0,0.0,0.027235928717109337,0.011147692558619138,0.0,0.0,0.0,-0.02400693734478454
2021-04-08 00:00:00+00:00,0.03342056986765285,0.0237120602483627,-0.007516709273816868,-0.009721234072506135,-0.011275063910725303,0.006235543444899294,-0.00030489333333327817,0.0244034877304109,0.0244034877304109,0.0,0.0,0.0,0.0,0.016746024494975975,-0.0020539341679034484,0.0,0.0,0.0,0.01951218060920601
2021-04-09 00:00:00+00:00,0.006059537680275229,0.0013223440181213686,0.008530712938385143,0.004537598326559866,0.012796069407577715,0.0,0.0,0.0061150292143188345,0.0061150292143188345,0.0,0.0,0.0,0.0,9.005412173901384e-05,-0.0065682648057248105,0.0,0.0,0.0,-0.0027289396534134758
2021-04-10 00:00:00+00:00,0.006694648242019596,0.010861986719464811,-0.0191110511335022,-0.014316710684683431,-0.02866657670025341,0.002946496416894595,0.0,-0.0056049089757982395,-0.0056049089757982395,0.0,0.0,0.0,0.0,0.000790139723895189,-0.004346926044293542,0.0,0.0,-0.004932774128553197,0.009822662323704101
2021-04-11 00:00:00+00:00,0.01643210858661126,0.007805912252387692,0.012740698845697729,0.007002122174050385,0.019111048268546815,-0.0002355225000000294,0.0,0.01643210858661126,0.01643210858661126,0.0,0.0,0.0,0.0,-0.002648725451952383,-0.003360066143121454,0.0,0.0,0.000500501830178246,0.0021997120296912698
2021-04-12 00:00:00+00:00,0.0015478075246548872,-0.0018645032173890685,0.008630487677776744,0.006055036811412506,0.012945731516665004,0.0,0.0,0.0015478075246548872,0.0015478075246548872,0.0,0.0,0.0,0.0,0.007670728863926168,-0.006553980745742205,0.0,0.0,-0.0005459766666666699,-0.00355525968556325
2021-04-13 00:00:00+00:00,0.02976081610935477,0.032316775389135355,-0.03346169703241697,-0.027543891698159406,-0.05019254554862551,0.0,0.0,0.02976081610935477,0.02976081610935477,0.0,0.0,0.0,0.0,0.012735453046645695,0.0008022478231990426,0.0,0.0,0.009255739611391034,0.024431683007547944
2021-04-14 00:00:00+00:00,-0.0009207368491586099,0.0045263480207713425,-0.009716827693590058,-0.004108185678114773,-0.014575241540385142,0.0016947958598381163,0.0,-0.0009207368491586099,-0.0009207368491586099,0.0,0.0,0.0,0.0,0.004360595480986662,0.0,0.0,0.0,0.017746001344339346,0.017827699857369206
2021-04-15 00:00:00+00:00,0.026772551327123528,0.015121216788456016,0.015866103568885848,0.008573468160294029,0.02379915535332877,0.002852245534420872,0.0,0.026772551327123528,0.026772551327123528,0.0,0.0,0.0,0.0,0.0017840595892595346,0.0,0.0,0.0,0.01024789776696089,0.010273944886008968
2021-04-16 00:00:00+00:00,-0.054659506681729364,-0.033413783345883186,-0.019689217126900416,-0.006159627906202059,-0.02953382569035068,0.0031835349360940235,0.0,-0.054659506681729364,-0.054659506681729364,0.0,0.0,0.0,0.0,-0.006100277674216503,0.001465251854542382,0.0,0.00029103836710597797,-0.013270467526205643,-0.013546235059758827
2021-04-17 00:00:00+00:00,-0.030475594237960313,-0.022780961281493317,0.0005748591852203777,0.0041189753809327545,0.0008622887778304555,0.0031553904393666343,0.0,-0.024129324733490498,-0.024129324733490498,0.0,0.0,0.0,0.0,-0.004502476369036779,0.0,0.0,0.015357465848917506,0.0,-0.015538692287448086
2021-04-18 00:00:00+00:00,0.036650398132238804,-0.004859330074507895,0.12309287444952588,0.07369067674262464,0.18463931167428882,0.01426089997545632,0.036835325087360316,-0.025365375028143067,-0.017221736765490103,0.0,0.0,0.0,0.0,0.0010893562066602858,0.06022434564317369,0.0,0.009794821892941785,0.0,-0.012552826000712614
2021-04-19 00:00:00+00:00,-0.01825997522753242,-0.011254107635002897,-0.005005799973917924,-0.00043955095268555233,-0.007508699960876886,0.0022950546069395727,0.010279389201697464,-0.0001767695182668394,-0.0034249676775101046,0.002018163834501596,0.0,0.0,0.0,0.018009471914219866,-0.0064179810767882595,0.0,0.009753099872559456,0.0,-0.008224193874212804
2021-04-20 00:00:00+00:00,0.027067950686277653,0.015685004852757922,-0.0036476818933109945,-0.004164187252195806,-0.005471522839966547,-0.0031407541064050193,0.0075053602729253655,-0.0023776353945746953,0.0021283166644683327,0.0021283166644683327,0.0,0.0,0.0,0.02900143130210897,-0.004021446746199198,0.0,-0.02586830007590024,0.0,0.021094282522601704
2021-04-21 00:00:00+00:00,0.008085765629184838,0.008999375957541966,0.024982566441374532,0.01963179462378073,0.03747384966206169,0.0,0.0,0.027262990654302932,0.011119384707243718,-0.010030703265544005,0.0,0.0,0.0,0.025042818575558456,0.0020650650515410263,0.0,-0.005693596402273959,0.0,0.01965834010480272
2021-04-22 00:00:00+00:00,0.06337781973290935,0.03138594169338749,0.07706272864337449,0.04005226473643542,0.11559409296506185,-0.000507900844151643,-0.0010169648560764966,0.046474976124920575,0.03295235529978635,0.0,0.0,0.0,0.0,0.021215560457632954,0.04468526110123183,0.0,-0.03403637463568643,0.0,0.018462363075032462
2021-04-23 00:00:00+00:00,-0.021747727298453534,-0.02078871558744655,-0.009701847039974565,-0.001633873169793465,-0.014552770559961847,0.009817488369151972,0.009054057652408742,-0.010680291059836478,-0.01571440883139441,0.0,0.0,0.0,0.0,-0.02600307719552586,-0.013337158392276338,0.0,0.0,0.0,-0.0005027488783502232
2021-04-24 00:00:00+00:00,0.007664925498054531,0.0024261408396439865,0.03819654960480001,0.019487281824283942,0.05729482440720002,0.0009494796715474596,0.0,0.017249631999513237,0.009833944389689986,0.0,0.0,0.0,0.0,0.02467765004826572,0.009420877496459257,0.0,0.0,0.0,-0.014827986490488443
2021-04-25 00:00:00+00:00,0.06634217412630594,0.027209908002933547,0.0601250897861092,0.028714831148377806,0.09018763467916369,0.003840835572135326,0.0,0.07649168631145642,0.06864002299834193,0.0,0.0,0.0,0.0,0.03278536549478006,0.044777834217771595,0.0,0.0,0.0,0.022811637875783664
2021-04-26 00:00:00+00:00,0.011039208454727278,-0.007399724482031855,-0.05732485880141058,-0.042082792849835515,-0.08598728820211599,0.0,0.0,-0.024200460315485617,0.0056727718589795195,0.0,0.0,0.0,0.009823068629617016,0.013748362788127633,-0.00038929543802301847,0.0,0.0,0.0,-0.0027683309131203426
2021-04-27 00:00:00+00:00,0.012525069087121254,0.0038867617114677344,-0.01228699337329231,-0.008811407481516875,-0.018430490059938465,0.002856983396101409,0.0,0.011550720043624008,0.011550720043624008,0.0,0.017075595932263488,0.0348718995151156,0.00866161296613166,-0.0012389237298394695,0.005813862134198766,0.0,0.0,0.0,0.023247933010076993
2021-04-28 00:00:00+00:00,0.022415138626137754,0.009084934767286335,0.013534100053387066,0.006399234499660178,0.020301150080080488,0.0,0.0,0.022665863604389935,0.022665863604389935,0.0,0.02137192165915791,0.013220128613633086,0.015946653744368433,0.0031677140530239623,0.002851984393755558,0.0,0.0,0.0,0.008813419075755391
2021-04-29 00:00:00+00:00,-0.01883598596360969,-0.0021176561274394157,-0.010135816448436974,0.00031609491147488455,-0.015203724672655405,0.0,0.0,-0.016900416185989364,-0.016900416185989364,0.0,-0.024959549970634765,-0.010208566079508818,-0.025109549970634748,-0.007802039606472522,-0.004331802354851866,0.0,0.0,0.0,-0.006805710719672509
2021-04-30 00:00:00+00:00,0.00916317741260153,-0.008615802777801829,-0.022914778436229688,-0.02448552905763912,-0.034372167654344477,0.0,0.0,0.004259816986661447,0.004259816986661447,0.0,0.029723881345877556,0.04055468251802208,0.029723881345877556,-0.000453444350567489,-0.0028813660887950787,0.0,0.0,0.002972815560333464,0.027036455012014793
2021-05-01 00:00:00+00:00,0.07237441788063737,0.0254978509548911,0.05181189366554895,0.023165381919892925,0.07771784049832342,0.0,0.0,0.0720209275908481,0.0720209275908481,0.0,0.0738690417845056,0.032070971144425364,0.0738690417845056,0.00809403682214338,0.016974643576058268,0.0,0.0,0.01658339051973301,0.02138064742961676
2021-05-02 00:00:00+00:00,-0.022987218248447183,-0.007290864497081051,-0.011742885188315566,-0.0010758707537104062,-0.017614327782473294,0.0,0.0,-0.018892089547860813,-0.018892089547860813,0.0,-0.026155191640021336,-0.010660469091409164,-0.026155191640021336,-0.005263146754884596,-0.014120004502228056,0.0,0.0,-0.02608165836403986,-0.007106979394272739
2021-05-03 00:00:00+00:00,0.04571117041101669,0.022663330780403168,-0.010048185195060233,-0.006034612993613964,-0.01507227779259046,0.0005231134016148165,0.0,0.04491213824881135,0.04491213824881135,0.0,0.050137605932982776,0.08583706546347236,0.037363209449737145,0.003976256836143666,0.011817416643392198,0.0,0.0,0.000603468272343699,0.057224710308981575
2021-05-04 00:00:00+00:00,-0.05653446995406175,-0.021731578572058763,-0.0014256420533870218,0.012587551676177089,-0.002138463080080477,0.004349783601698132,0.0009222436843692172,-0.04272190279959753,-0.04272190279959753,0.0,-0.06736210424676692,-0.06372453862795413,-0.03399940545671676,-0.007873871733843685,-0.01231564363996418,0.0,0.0,-0.01027999048201389,-0.023792393108077126
2021-05-05 00:00:00+00:00,0.05646882618085103,0.01768322258626931,-0.008168015225765934,-0.018008458046825493,-0.012252022838648902,0.00771637780881429,0.005726601014738764,0.04642425067084677,0.04642425067084677,0.0,0.07278781959466651,0.08217816034347014,0.017934625731999887,0.02235438871388773,0.0056831046975514,0.0,0.0,0.0,0.02617039459145243
2021-05-06 00:00:00+00:00,-0.021521179253356504,-0.00920677412155102,-0.005221488320534262,0.00100359093959268,-0.007832232480801338,0.0,0.0,-0.01618743994876104,-0.01618743994876104,0.0,-0.0014409899999999753,-0.0014218000000000286,-0.0003602474999999661,0.001852698735041347,-0.0032027301650521256,0.0,0.0,0.0,-0.006924501822670459
2021-05-07 00:00:00+00:00,-0.0023774125529033574,-0.0010810832686174443,-0.008531314196905115,-0.006739497832801922,-0.012796971295357729,0.008717416687419322,0.0,-0.013379841288322036,-0.013379841288322036,0.0,0.0,0.0,0.0,-0.0012194664662720234,-0.004041613379956899,0.0,0.0,0.0,0.005023930234288709
2021-05-08 00:00:00+00:00,0.06414580285730032,0.027712589606162297,0.009684769071331756,0.0002386760484196504,0.014527153606997523,0.0,0.0,0.03988705879305554,0.03988705879305554,0.0,0.0,0.0,0.0,0.005490132476570597,0.02434771350391962,0.0,0.0,0.0,0.008649988599610303
2021-05-09 00:00:00+00:00,-0.012863046677497603,-0.004942213266066031,-0.006234507193661698,-0.0008554018036082134,-0.009351760790492603,0.0,0.0,0.0007007050120078073,0.0007007050120078073,0.0,0.0,0.0,0.0,0.0006201836655825854,0.0008976718404900552,0.0,0.0,0.0,-0.004107605561719185
2021-05-10 00:00:00+00:00,-0.021361132492166868,-0.0088816116593744,0.015374341434784666,0.01529755560883328,0.004131491732112691,0.0,0.0,0.0015876402784256172,0.0015876402784256172,0.0,0.0,0.0,0.0,-0.004731116114218503,0.00032508697070277037,0.0,0.0,0.0,-0.01459756547183999
2021-05-11 00:00:00+00:00,0.03205014328031863,0.012041265344904017,0.014005989614084058,0.009509266505645986,0.012867578424226478,0.007100707120316407,0.0,0.01853198598589323,0.01853198598589323,0.0,0.0,0.0,0.0,0.0030533415925404483,-6.666666666665932e-05,0.0,0.0,0.0,0.004644462849648923
2021-05-12 00:00:00+00:00,-0.05299377257563409,-0.01545047299328628,0.014136328632624817,0.02096178823496042,0.05099304211082156,0.004440366183095623,0.0,-0.02804470174675422,-0.02804470174675422,0.0,0.0,0.0,0.0,-0.008530250208967693,-0.012895108570162628,0.0,0.0,0.0,-0.04212507311302993
2021-05-13 00:00:00+00:00,-0.028782947286667082,-0.010896391698053454,-0.010419615861454568,-0.008768072724712805,-0.02991183221909055,-0.0025877168311133625,0.0019396027372018398,-0.010280451952253689,-0.009342820372156058,0.0,0.0,0.0,0.0,0.013352644673030323,0.0020372712986960195,0.0,0.0,0.0,0.0005877330690855498
2021-05-14 00:00:00+00:00,0.04337238029154955,0.01926791615173773,0.031392563705339604,0.025101857328744703,0.019085390624863363,0.011280630044972817,0.0,0.030640421379535043,0.031595376411891474,0.0,0.0,0.0,0.0,0.01658663610568545,0.0024010803287597415,0.0,0.0,-0.004409157550948617,0.0008187519765909812
2021-05-15 00:00:00+00:00,-0.034886761667441535,-0.009796155981157795,-0.014955936133307923,-0.007384620615238702,0.039675479827927074,0.0,0.0,-0.01600943364128138,-0.036658367200142705,0.0,0.0,0.0,0.0,-0.002259624443117003,-0.004196670573850869,0.0,0.0,-0.036658367200142705,-0.020710677119011978
2021-05-16 00:00:00+00:00,0.010853550182361893,0.004120516256774787,-0.003473045288362342,-0.0018683047139373965,0.04231047795148246,0.018379649925529984,0.024280980517658257,0.0011636311677376554,-0.0010216940272836927,0.0,0.0,0.0,0.0,-0.025286537735916825,0.00499568474937373,0.027430867571343054,0.0,0.04709777915636626,-0.0003674933333333019
2021-05-17 00:00:00+00:00,-0.038579165307252694,-0.004551392794651332,-0.007140689317753579,-9.136442787627264e-05,0.029550416019979986,0.006312575623400152,0.03279063324270237,0.01922626893283952,0.0,0.0,0.0,0.0,0.0,0.011174784091581902,-0.0026077437064969677,0.0017282577495414397,0.0,0.0017282577495414397,0.0
2021-05-18 00:00:00+00:00,0.06911923590736468,0.020414023559555572,0.014749933377154134,0.012388236498284133,0.10645455487343147,0.017985581987603583,0.022584508972190998,0.013401094498454835,0.008493151000462662,0.0,0.0,0.0,0.0,0.05381823630967397,0.027341428401131518,0.0629323880607815,0.0,0.0629323880607815,0.005111044357783978
2021-05-19 00:00:00+00:00,-0.20107489239703535,-0.04068268417659415,-0.04312092672823964,-0.030160555482153906,-0.1131795176143442,-0.03718221945472133,-0.02808736012282209,-0.05768928507497195,-0.1368270504854422,-0.09225718739527289,0.0,0.0,0.0,-0.0059701455415033244,-0.02394314060632563,-0.0002666666666666373,0.0,-0.0002666666666666373,-0.07565301174289618
2021-05-20 00:00:00+00:00,0.09272561170945504,-0.0025031685789632663,0.009614991587717059,-0.008124292711913506,0.0834611436579098,0.05897642179051821,0.06016247518739881,0.042758754981064184,0.08606598961825429,0.1678129698094839,0.0,0.0,0.0,0.07405908795343263,0.05339832556112967,0.0,0.0,0.0,-0.03479355109057525
2021-05-21 00:00:00+00:00,-0.062210749024535605,-0.006940415980165926,-0.013565110785497159,0.007841107007420467,-0.02129452993857739,0.0,0.0,-0.04075591409460888,-0.04075591409460888,-0.1084660224061782,0.0,0.0,0.0,-0.01014224835855393,-0.0036779964519925157,0.0,0.0,0.0,0.027133256995884647
2021-05-22 00:00:00+00:00,-0.0591176872956406,-0.012127302304950183,-0.020755296787127286,-0.032477876989155274,-0.10220458185749948,0.0,0.0,-0.032537307361819146,-0.032537307361819146,-0.08984215314633492,0.0,0.0,0.0,-0.000868799054911773,-0.005544768274501122,0.0,0.0,0.0,-0.002039281914058444
2021-05-23 00:00:00+00:00,-0.06089021784881521,0.007340961645943667,-0.004230329158174895,0.022676762432127573,-0.07069493260807225,0.0,0.0,0.0,0.0,-0.024534968052914663,0.0,0.0,0.0,-0.05737202312239498,-0.055935382358785035,0.0,0.0,0.0,0.024744057674965347
2021-05-24 00:00:00+00:00,0.07923245639024934,-0.02418361659949375,0.048049337792013924,0.021629595302549598,0.08171587594347351,0.0,0.0,0.0,0.0,0.020271363014853216,0.0,0.0,0.0,0.015769440505125187,0.14449751744063222,0.0,0.0,0.0,-0.0397492799832625
2021-05-25 00:00:00+00:00,-0.015206705499694495,-0.0074908991912714384,0.011138253296680167,0.007865416639056821,-0.016858478116233755,0.0,0.0,0.0,0.0,-0.00315208072751072,0.0,0.0,0.0,0.038030591104500244,0.030439628610597458,0.0,0.0,0.0,0.0040255444357295556
2021-05-26 00:00:00+00:00,0.04541715553177905,-0.0008210883154008419,0.014034124899704903,-0.023322907668643977,0.07855083178395361,0.0,0.0,0.0,0.0,0.007962876306238265,0.0,0.0,0.0,-0.0011424879199015692,0.02249687959078628,0.0,0.0,0.0,-0.007704539412415223
2021-05-27 00:00:00+00:00,-0.01608114067197386,0.0016784317212885647,-0.010419211821850904,-0.00418519435653586,-0.01426876409550104,0.0,0.0,0.0,0.0,-0.013783300674380161,0.0,0.0,-0.009649256210320756,0.02538905749000331,-0.009558584922103042,0.0,0.0,0.0,0.0060217678741436576
2021-05-28 00:00:00+00:00,-0.0515208250970165,0.006980698212475156,-0.015528482102987295,0.0011675641522947977,-0.03364000120727484,0.0,0.0,0.0,0.0,0.0,-0.11299437212220886,-0.09833194570218584,-0.05634718606110445,0.0006760665161693602,0.005925620060438064,0.0,0.0,0.0,0.024813074182568284
2021-05-29 00:00:00+00:00,-0.016126204354164564,0.005630969616001069,-0.008576591479509399,-0.0008288287235646008,-0.013324040243945512,0.0,0.0,0.0,0.0,0.0,-0.047452146491581804,-0.04285774873537285,-0.035739109868686336,-0.029762577711544336,-0.02461981327222873,0.0,0.0,0.0,0.009997620505369564
2021-05-30 00:00:00+00:00,0.01363214178161165,-0.0064539277760327085,0.005806600955684971,-0.005771327314812114,0.007157641345379773,0.0,0.0,0.0,0.0,0.0,0.04032145390607211,0.038452993486994824,0.04017145390607224,0.02451490985551219,0.021479475057806452,0.0,0.0,0.0,-0.009914364017822419
2021-05-31 00:00:00+00:00,0.04179526479126361,-0.008923810828549539,0.02986211331103994,-0.00919812142472931,0.050560611483315476,0.0,0.0,0.0,0.0,0.0,0.10793902197541527,0.08916300430872481,0.10793902197541527,-0.002654062001113844,0.0367972052177048,0.0,0.0,0.0,-0.014789944780721709
2021-06-01 00:00:00+00:00,-0.014659549528795557,0.0017681318665303536,-0.0039268418159474905,-0.00326999153587626,-0.020205094616604913,0.0,0.0,0.0,0.0,0.0,-0.03246397298130865,-0.020957330811545716,-0.03246397298130865,0.012144252963564917,-0.0008915775986649832,0.0,0.0,0.0,0.005022356029208197
2021-06-02 00:00:00+00:00,0.019877240893917625,-0.00416664225244423,0.0012083835437237678,0.014879469918604338,0.0372897290120342,0.0,0.0,0.0,0.0,0.0,0.04963099164531748,0.025375364075823192,0.04963099164531748,-0.005156255361484896,0.010730405160981782,0.0,0.0,0.0,-0.00785426292007918
2021-06-03 00:00:00+00:00,0.04036953061965565,-0.004800009918785486,0.0037492937306768948,0.021055473619471687,0.06091159700668136,0.0,0.0,0.0,0.0,0.0,0.08870435006181032,0.04997126558936116,0.06632826254635771,0.0006496795048642756,0.0055941784952582285,0.004210022821801163,0.0,0.004210022821801163,-0.014782441664448642
2021-06-04 00:00:00+00:00,-0.024613341633745844,0.004555447041701077,0.0008830022128152315,0.0062192657581545685,0.002107782979557715,0.0,0.0,0.0,0.0,0.0,-0.05976155256387672,-0.060725240110507506,-0.030080776281938393,0.022786791255944072,0.0,-0.019760076083459532,0.0,-0.019760076083459532,0.020683247809910155
2021-06-05 00:00:00+00:00,0.004372934504830006,0.005491295191776047,0.004358094582797012,0.021944865434971206,0.04862161760513706,0.0,0.0,0.0,0.0,0.0,0.00035599397827601464,-0.029879370467083666,-0.00011100150543097431,0.007389045926887938,-0.004593574887055252,-0.010957726821679947,0.0,-0.0002666666666666373,0.012138837447092987
2021-06-06 00:00:00+00:00,0.02102528327039077,5.208397021672084e-05,0.007786438986762123,0.0043463626174373715,0.02790355951704293,0.0,0.0,0.0,0.0,0.0,-0.0008000000000000229,-0.0008000000000000229,-0.00019999999999997797,-0.005549588288589646,0.0005937226861272293,0.0,0.0,0.0,-0.0027525606986097406
2021-06-07 00:00:00+00:00,-0.03311455813160724,0.002953978782733069,-0.01073464551676584,-0.007117069720091074,-0.015401968275148725,0.0,0.0,0.0,0.0,0.0,0.0,0.0,0.0,-0.0008913942370128991,0.0,0.0,0.0,0.0,0.021055609848430912
2021-06-08 00:00:00+00:00,0.014618322996968969,0.0043689840916847356,0.027922396418662343,0.01160281844999389,0.041883594627993626,0.0,0.0,-0.006713136646628426,0.0,0.0,0.0,0.0,0.0,0.04002917090952374,0.0033818252379442804,0.0,-0.02830152661720342,0.0,0.0018423782913528086
2021-06-09 00:00:00+00:00,0.00987273300904623,-0.015401452393548398,-0.03362011762876704,0.036884656905972646,-0.05043017644315051,0.0,0.0,-0.029088833320845997,0.0,0.0,0.0,0.0,0.0,0.024331380797655733,0.0005163419849372186,0.0,-0.007333260073035919,0.0,-0.03996121984441714
2021-06-10 00:00:00+00:00,-0.015039900690439145,0.00202558279357401,-0.0013416546900634208,0.0025103388957052886,-0.0020124820350950756,0.0,0.0,0.0,0.0,-0.0026505060729246077,0.0,0.0,0.0,0.010040843642159958,0.0,0.0,0.007138899637932683,0.0,0.0062443487040144685
2021-06-11 00:00:00+00:00,-0.04206206064062756,-0.007877873003355185,-0.04579360230476981,-0.011679851780697748,-0.06869040345715471,0.0,0.0,0.0,0.0,0.005700022289960582,0.0,0.0,0.0,-0.0016358071053209633,0.0,0.0,0.04261885308781288,0.0,-0.005675755302254948
2021-06-12 00:00:00+00:00,0.0016726295173652428,0.006582975753771647,0.018456853515686156,-0.01756837027031577,0.027685280273529234,0.0,0.0,0.0,0.0,-0.014290389278826754,0.0,0.0,0.0,0.0008824975228600707,-0.00314125897207862,0.0,-0.002883643243648204,0.0,0.015772699225599318
2021-06-13 00:00:00+00:00,0.021780501180391987,-0.010751187634999715,-0.011970514501904894,-0.025021666911541618,-0.01795577175285723,0.0,0.0,0.0,0.0,0.0,0.0,0.0,0.0,0.012770019767120777,0.0012651872799762653,0.0,-0.021567087282255204,0.0,-0.03241413884705968
2021-06-14 00:00:00+00:00,0.013930079507662008,-0.004704804825419795,-0.004456634726488495,-0.00930766653026327,-0.006684952089732854,0.0,0.0,-0.001664200057907017,-0.001664200057907017,0.0,0.0,0.0,0.0,0.00301684005297842,-0.00288857683919308,0.0,-0.009381578102765076,0.0,-0.012727429952034908
2021-06-15 00:00:00+00:00,-0.0030555335528930083,0.0010420905785104573,0.001758412195220993,0.0033515359177362924,0.0026376182928313785,0.0,0.0,-0.003009556021764115,-0.003009556021764115,0.0,0.0,0.0,0.0,-0.0012622336123990774,0.0,0.0,0.000937137909367447,0.0,0.003026145783943557
2021-06-16 00:00:00+00:00,-0.010996659686894117,0.006461653226326414,0.016072181599903868,0.02407415404222979,0.0241082723998558,0.0,0.0,-0.015079931052424445,-0.015079931052424445,0.0,0.0,0.0,0.0,0.0,0.0,0.0,0.0004413858107303881,0.0,0.0149497598559718
2021-06-17 00:00:00+00:00,-0.0038169253588882235,-4.042358967781823e-06,-0.0009391985476510101,-0.0029656308857755054,-0.0014087978214765151,0.0,0.0,-0.0024054499135186536,-0.0024054499135186536,0.0,0.0,0.0,0.0,0.0012075640395718956,0.0,0.0,0.0,0.0,0.002571075954247215
2021-06-18 00:00:00+00:00,-0.03311879576340704,0.0019497943167972043,-0.001378064348011021,0.00584432743818275,-0.0020670965220164206,0.0,0.0,-0.018342795881288954,-0.015197118442206392,0.0,0.0,0.0,0.0,-0.0034620595709439206,0.0,0.0,-0.003196625967550104,0.0,0.01975151964302735
2021-06-19 00:00:00+00:00,-0.013124914541730925,0.0016791529897846047,-0.011906508578158226,0.00037387660676868606,-0.01785976286723745,0.0,0.0,0.009966592332463886,0.0,0.0,0.0,0.0,0.0,0.00022471536485113575,0.0,0.0,0.009966592332463886,0.0,0.0030328505522765337
2021-06-20 00:00:00+00:00,0.0010285509561192008,-0.00378264994666333,-0.0002550338230065119,-0.011799021800504073,-0.00038255073450976784,0.0,0.0,-0.01353063831474044,0.0,0.0028432112765635065,0.0,0.0,0.0,-0.005246012151429502,-0.0005753542653138544,0.0,-0.01353063831474044,0.0,-0.0009870019534578
2021-06-21 00:00:00+00:00,-0.04476539180787109,0.03439005779023474,-0.029248139006503804,-0.000829321260351068,-0.06699773032086265,0.0,0.0,0.11173539419085698,0.0,-0.09707868862977254,0.0,0.0,0.0,-0.03176338903432108,-0.005305867484489801,0.0,0.057761542194921356,0.0,0.037264220138591986
2021-06-22 00:00:00+00:00,-0.0009477038455822928,-0.0063104018825375086,0.0062625525233905854,0.009874094123138777,-0.0005805700000000025,0.0,0.0,-0.01968702664172206,0.0,0.010359264333297924,0.0,0.0,0.0,0.03031353633710654,0.039762515721469605,0.0,0.00014546545578864034,0.0,-0.009435933425509968
2021-06-23 00:00:00+00:00,0.013399274233596659,-0.015183503514171859,0.03189568514547547,0.0008832442398034601,0.0,0.0,0.0,-0.06436242202845077,0.0,0.050937704119992766,0.0,0.0,0.0,0.006740765227741807,-0.00012986428708638975,0.0,-0.016624040209179958,0.0,-0.011949091007713797
2021-06-24 00:00:00+00:00,0.0016985556143505054,-0.006998731864685026,0.0003045037165747555,-0.0016895310116080697,0.0,0.0,0.0,-0.00427327115625209,0.0,0.029153779083213927,0.0,0.0,0.0,-0.019455350849977848,-0.0019509656607482606,0.0,-0.00427327115625209,0.0,-0.009908390807330303
2021-06-25 00:00:00+00:00,-0.009407005563691784,0.027838480425484757,0.003128567569764762,-0.005405428385091948,0.0,0.0,0.0,0.03160940661301481,0.0,-0.08719901383611828,0.0,0.0,0.0,0.005741684384468426,0.0007245779218401083,0.0,0.03160940661301481,0.0,0.02966519314524274
2021-06-26 00:00:00+00:00,0.0037807614840752457,-0.00650495847092647,0.008429453705439016,0.004007820300113041,0.0,0.0,0.0,-0.0045447614748104215,0.0,0.02627226654377468,0.0,0.0,0.00570473784829284,0.01267027089099737,0.005237000030150929,0.0,-0.0045447614748104215,0.0,-0.007305310608086701
2021-06-27 00:00:00+00:00,0.008524206498740083,-0.023682176781033126,-0.00319463383338503,0.0018586947139644927,0.0,0.0,0.0,-0.028306641083630235,0.0,0.07827276724837984,0.07727996380527413,0.07928606429538476,0.03884861773597037,-0.0005215506869169495,-0.0010096379875398354,0.0,-0.028306641083630235,0.0,-0.025536251421853895
2021-06-28 00:00:00+00:00,0.004162167226287261,-0.006081261791455406,-0.005098824566239113,-0.017068937160776843,0.0,0.0,0.0,-0.011502560884384727,0.0,0.027440278431640763,0.027422729322266637,0.022915593606610107,0.020394359491699987,0.007371027842756339,-0.004126469440345892,0.0,-0.017926917150661525,0.0,0.0019674290796922733
2021-06-29 00:00:00+00:00,0.0012613359703836924,-0.01352343074459994,-0.0037184192704816654,0.002365246146342148,-0.007265299380824097,0.0,0.0,0.0,0.0,0.04437864333188757,0.03602453398762684,0.04007493341647583,0.035872046487626985,-0.006809551898117161,0.0,0.0,-0.013069682499735169,0.0,-0.013690291297192458
2021-06-30 00:00:00+00:00,0.005240414767245127,-0.004581731856647231,-0.0017286509814411488,-0.0176499415689364,-0.0007000000000000339,0.0,0.0,0.0,0.0,-0.012812517781184862,0.0236693097929479,0.012852373880760881,0.0236693097929479,-0.004960303568167901,0.007004838165212135,0.0,-0.01751258405434286,0.0,0.008261462266707875
2021-07-01 00:00:00+00:00,-0.014682938782857313,0.016347429062166796,0.003888861409588218,-0.0017810167197915838,-0.010156209906649338,0.0,0.0,0.0,0.0,0.0,-0.06079069546331328,-0.059585016199224294,-0.06079069546331328,-0.010937267479746104,-0.009124569067544885,0.0,0.025708821304233798,0.0,0.014767131392730892
2021-07-02 00:00:00+00:00,0.0035623473513697324,-0.005453531693909497,-0.0005284263604352635,-0.0016968088299864625,0.0065384426938663864,0.0,0.0,0.0,0.0,0.007738660045536028,0.017276560174867228,0.01536129245712936,0.017276560174867228,-0.0009457153581343691,0.0,0.0,-0.008230734619706026,0.0,-0.0026767367408699894
2021-07-03 00:00:00+00:00,0.0016049841231058348,-0.011070634403814839,-0.00632924886350239,-0.006310700321179197,-0.005610612821873584,0.0,0.0,0.0,0.0,0.011748830218995199,0.025429612668688595,0.030464441374397744,0.018886982001516506,0.0,0.0,0.0,-0.011430841753063192,0.0,-0.008860393633672525
2021-07-04 00:00:00+00:00,-0.0007425114242083364,-0.01091499530261475,-0.01638052845219029,-0.007882537063978678,-0.012377185884809183,0.0,0.0,0.0,0.0,0.020377881414386234,0.018042859810283307,0.030358852664648106,0.008827067405141609,0.0013631540526313213,-0.0004912785226940386,0.0,-0.01455334118462226,0.0,-0.0060550819570572845
2021-07-05 00:00:00+00:00,-0.01137478461786956,0.012916873382001537,0.0025745684022568938,-0.009257702896317999,0.0024526862421168083,0.0,0.0,0.0,0.0,-0.01996819273151107,-0.04706413308404922,-0.05021987477992229,-0.011959863271012283,0.0013672556255250878,0.0,0.0,0.014790585831722991,0.0,0.015219340725512343
2021-07-06 00:00:00+00:00,0.008828474171922007,-0.0097648279206618,-0.013823563846491083,0.00939582022984431,0.011694475660184,0.0,0.0,0.0,0.0,0.0014501370078361386,-0.0007408133333333122,-0.0007112200000000124,-0.00018520333333338357,0.0,0.0,0.0,-0.02476814274443373,0.0,-0.005345830816209651
2021-07-07 00:00:00+00:00,0.011639364248599682,0.001208479474602342,-0.0024262815188895726,0.0021847779629464714,0.041064534977434564,0.0,0.0,0.0,0.0,-0.0034700361585854322,0.0,0.0,0.0,0.0050465116493727535,0.002773414672098573,-0.002509104568044096,0.0018579235157565321,-0.002509104568044096,0.0035338887356994864
2021-07-08 00:00:00+00:00,-0.02700762994882777,0.00772132628381339,0.01919022107750057,-0.015499888835914355,-0.03386174846292089,0.0,0.0,0.0,0.0,-0.009635437388063828,0.0,0.0,0.0,-0.006130922008629747,0.0014119313662364075,-0.03264130949755628,0.006408653051332314,-0.03264130949755628,0.0096460188805636
2021-07-09 00:00:00+00:00,0.0006506543913804563,-0.008380861309917553,0.0047335052559096535,0.003097092790052214,-0.011878180227644863,0.0,0.0,0.0,0.0,0.009787378833574722,0.0,0.0,0.0,0.014969291757008785,-0.0006781149638419581,-0.007256003730074734,-0.022579449578723487,0.0023486091212661098,-0.009795391200730585
2021-07-10 00:00:00+00:00,-0.00894789353066694,0.0036306434448769576,0.0026749248070114806,0.006927273474720552,-0.01996571823676352,0.0,0.0,0.0,0.0,-0.0030425158704163735,0.0,0.0,0.0,0.0010683543701295317,0.0,0.0,0.008743941497114882,0.0,0.0030535871919949997
2021-07-11 00:00:00+00:00,0.0030753789214867933,-0.005885125409407332,0.002975974771805001,0.0008030133359258063,-0.0007110750000000055,0.0,0.0,0.0,0.0,0.007441780928404418,0.0,0.0,0.0,-8.146888561766374e-06,-0.00025311504560776577,0.0,-0.011945334143849351,0.0,-0.007473806590948651
2021-07-12 00:00:00+00:00,-0.010362483804171041,0.009445021953470523,0.0027601820465903426,-0.0027871737284758114,0.0,0.0,0.0,0.0,0.0,-0.007359845404690923,0.0,0.0,0.0,0.0,0.0,0.0,0.02910926731123409,0.0,0.011586652478329462
2021-07-13 00:00:00+00:00,-0.0055184288133396375,0.010150717266170561,0.013748266948794718,-0.007878504225876548,0.0,0.0,0.0,0.0,0.0,0.0,0.0,0.0,0.0,0.0,0.0,0.0,0.018606508337027927,0.0,0.0037175867097418713
2021-07-14 00:00:00+00:00,0.0025761027170549955,-0.009449018368994921,-0.02411896017433346,0.013372712895355132,0.0,0.0,0.0,-0.01931940069947502,0.0,0.0,0.0,0.0,0.0,-0.0020375741227119937,0.008592058723933649,0.0,-0.010852186437296685,0.0,-0.0009628704830015877
2021-07-15 00:00:00+00:00,-0.005080822459467393,0.01719665421054417,0.02007827457977096,-0.006783984942755894,0.0,0.0,0.0,0.01270525350969054,0.0,-0.007981582644649876,0.0,0.0,0.0,-0.004705617415377228,-0.001536382642442935,0.0,0.02237647446302904,0.0,0.009548572841813208
2021-07-16 00:00:00+00:00,-0.005948178138361682,0.010537757839509831,0.022108365959032206,0.012265902235812254,0.0,0.0,0.0,0.016047539089117935,0.0,-0.004853879163208119,0.0,0.0,0.0,-0.00013660692633599147,0.0,0.0,0.011220305252247487,0.0,0.005033480072769381
2021-07-17 00:00:00+00:00,0.0010076111968426726,-0.00359736514474418,-0.005498845494249394,-0.0010128346768246699,0.0,0.0,0.0,-0.010796094983547166,0.0,-0.0003086939778559339,0.0,0.0,0.0,0.004705566842652109,0.0011666588074425999,0.0,-0.005237038493419055,0.0,-0.001180815522699774
2021-07-18 00:00:00+00:00,-0.0005608083210431047,-0.0015867899712195266,0.00442101095233971,-0.0002635933450854111,0.0,0.0,0.0,0.0014839473549241866,0.0,0.0,0.0,0.0,0.0,0.0,0.0,0.0,-0.0024899497691517336,0.0,-0.002790532024421588
2021-07-19 00:00:00+00:00,-0.0033781420216710822,0.016982048881893697,0.017163266917906927,0.006912265554914532,0.0,0.0,0.0,0.03911984478261288,0.0,0.0,0.0,0.0,0.0,0.0,0.0,0.0,0.022920954463642396,0.0,0.00986240622392165
2021-07-20 00:00:00+00:00,-0.0015647175857124163,0.01270654095947088,0.002989286854109041,-0.004509195029569146,0.0,0.0,0.0,0.02841359016491607,0.0,0.0065576766849133605,0.0,0.0,0.0,0.0004895183268263104,0.0,0.0,0.015993082231521738,0.0,0.011173063520129478
2021-07-21 00:00:00+00:00,0.006887477435000289,-0.046055946641084256,-0.019048853315422942,0.0031516040305583637,0.0,0.0,0.0,-0.09844594470012114,0.0,0.10255126944877602,0.0,0.0,0.0,0.019123689383120368,0.02234236301783188,0.0,-0.05571234024955263,0.0,-0.02655610758643767
2021-07-22 00:00:00+00:00,0.0014498714461665951,-0.00637496746577304,-0.010848529035261456,-0.005600399778969756,0.0,0.0,0.0,0.0,0.0,0.018680615916375265,0.0,0.0,0.0,-0.0029757373053532765,-6.666666666665932e-05,0.0,-0.0016882046427291186,0.0,-0.0015822356787048575
2021-07-23 00:00:00+00:00,0.0021724769924154064,-0.022920182074417594,0.004155054947034831,0.008469915606590384,0.0,0.0,0.0,0.0,0.0,0.01668614997745199,0.0,0.0,0.0,0.020665659090353117,0.00112724757671967,0.0,0.00016335344956153186,0.0,-0.014145119003288631
2021-07-24 00:00:00+00:00,0.0031333007226355125,-0.00571622504458702,0.004883114411732059,0.005307993839932301,0.0,0.0,0.0,0.0,0.0,0.010326252708499961,0.0,0.0,0.0,0.0010722992888672067,-0.0006883959697054909,0.0,0.0,0.0,-0.00603361110434375
2021-07-25 00:00:00+00:00,0.0028515813589573558,-0.002573423068743863,0.015982267103993975,0.014172010426257042,0.0,0.0,0.0,0.0,0.0,0.011310420328927817,0.0,0.0,0.0,0.0018625052224368055,0.0,0.0,0.0,0.0,-0.011283200889083633
2021-07-26 00:00:00+00:00,0.004310711726631888,-0.010181777324581476,0.006313237875822608,0.017899416921433486,0.0,-0.0017818453304475623,-0.0006079918967470954,-0.014566043517895144,-0.014566043517895144,0.018350481231267812,0.0,0.0,0.0,-0.008363421430226059,0.01028105351143882,0.0,0.0,0.0,-0.017526230019907274
2021-07-27 00:00:00+00:00,0.013934634253443878,0.0012075444571919558,0.011583778881651074,0.020562925455717806,0.0,-0.00037698152011844677,0.0014287097469505294,0.010734569680538764,0.010734569680538764,0.019843169707561392,0.0,0.0,0.007165631102373116,0.020194693220045412,0.005542748928245578,0.0,0.0,0.0,0.029779613877885858
2021-07-28 00:00:00+00:00,0.002541307879062593,0.001510722895024852,0.002995858181574107,0.006267027617560927,0.0,0.0,0.0,0.0002830616705788991,0.0002830616705788991,0.004788762289565263,0.0014237442545714796,0.00660711180874074,0.0008719029606190087,0.0024941328383334405,0.0,0.0,0.0,0.0,0.004844864539160554
2021-07-29 00:00:00+00:00,0.011770042381344492,-0.0065016591538636925,-0.02846395809115687,-0.02394826676066275,0.0,0.0,0.0,0.011852643486182979,0.011852643486182979,-0.0036377536315287395,0.05217084157829399,0.01779204789465383,0.03896747785038723,0.004169030325403167,0.0007060851141817981,0.0,0.0,0.0,0.011861365263102552
2021-07-30 00:00:00+00:00,0.021935361845021095,0.006433868468619153,-0.0006057450710807988,0.011925043982459416,0.0,0.0,0.0,0.006808835978721506,0.006808835978721506,0.0,0.040714389627090064,0.043718704624943205,0.04056438962708997,-0.0034807191701403672,0.003981192273711631,0.0,0.0,0.0,0.040514389627090086
2021-07-31 00:00:00+00:00,0.029156999411003914,0.008442193655665564,-0.036029859296009326,-0.031244642793442856,0.0,0.0,0.0,0.05388210645665037,0.05388210645665037,0.0,0.04841752567246038,0.004746238425218152,0.04841752567246038,0.010454239420223166,-0.007561987108153145,0.00905021194418687,0.00905021194418687,0.00905021194418687,0.04841752567246038
2021-08-01 00:00:00+00:00,-0.02173703205887112,-0.008033074396050277,0.026538402265845917,-0.0011343407288243457,0.0,0.0,0.0,-0.02046188705511376,-0.02046188705511376,0.0,-0.03330111663217805,-0.014805620848612588,-0.03330111663217805,-0.0009569625951034721,-0.0009681214363708168,0.0034797121192366998,0.0034797121192366998,0.006816832270853057,-0.03330111663217805
2021-08-02 00:00:00+00:00,-0.005658743670904132,-0.0010547016451680769,0.00319321724677879,0.012461294185709848,0.0,0.005052032917541194,0.008612501755318913,-0.002790407332543765,-0.002790407332543765,0.0,-0.008826763673696392,0.0011746679495869827,-0.008826763673696392,-0.0010741235708767727,-0.001218714796015985,0.006800565335569608,0.006800565335569608,0.0,-0.008826763673696392
2021-08-03 00:00:00+00:00,-0.010311206403659567,-0.006668886644462857,-0.017403593445738275,-0.018877368605111133,0.0,0.0012030365986104297,0.0,-0.0037357705376830364,-0.0037357705376830364,0.0,-0.011839093658984945,-0.03162972482582682,-0.009079320244238742,-0.0023876349039179123,-0.003831076890242646,-0.012950153923501406,-0.012950153923501406,0.0,-0.011839093658984945
2021-08-04 00:00:00+00:00,0.04729331853431917,0.024520932048635036,-0.002676545718602985,0.0094831906419508,0.0,0.0,0.0,0.04484328893951384,0.04484328893951384,0.0,0.05822726417220814,0.06340721866316423,0.02892173791943753,0.0033361516781698075,0.008971202010498391,0.024081069200312166,0.028713231753414226,-0.004519454945135837,0.05822726417220814
2021-08-05 00:00:00+00:00,0.029562060531365786,0.01397139212518872,-0.005445807268165459,0.0020405559803073903,0.00746871090224821,0.0,0.0,0.027830820661196798,0.027830820661196798,0.0,0.03691403626094214,0.03286653871705947,0.009028509065235557,0.000806259157520195,0.0007096191590165724,0.02916542911164477,0.013919000990225472,0.016348758258749818,0.03691403626094214
2021-08-06 00:00:00+00:00,0.0336672694208191,0.01777839675208126,-0.0031167289650293473,-0.010252677355754192,0.004675093447544132,0.0,0.0,0.027002044163496386,0.027002044163496386,0.0,-0.0008000000000000229,-0.0008000000000000229,-0.00019999999999997797,0.001992996970165972,-0.005127149105589535,0.04243197071689253,0.023526951841615684,0.011763229115090867,0.042223071576233284
2021-08-07 00:00:00+00:00,0.03817521785282141,0.0236690027768256,0.014323048919943515,0.01102712384164839,-0.021484573379915273,0.0,0.0,0.03006270730853533,0.03006270730853533,0.0,0.0,0.0,0.0,0.009854218781427004,0.00026128098600164407,0.03741636850375207,0.038014449739270706,0.007315446926180469,0.04422075731868791
2021-08-08 00:00:00+00:00,-0.035762262000092804,-0.020854081109049405,0.009320394154608058,-0.006861498632963925,-0.0008050699999999633,0.0,0.0,-0.03145478082550546,-0.03145478082550546,0.0,0.0,0.0,0.0,0.0018713202018152408,-0.0026173682236401152,-0.015921468230090996,-0.00027875666666665744,0.0,-0.03751280391533229
2021-08-09 00:00:00+00:00,0.039138936287678394,0.02527568020705062,0.007247160937063013,-0.005693862657661031,0.0,0.0,0.0,0.02530166039217563,0.02530166039217563,0.0,0.0,0.0,0.0,0.0072208748958644264,0.0063176245489118266,0.008864425705843892,0.0,0.0021185213237180367,0.04375366481825371
2021-08-10 00:00:00+00:00,0.009799780305328465,0.004418055343059946,-0.019407064127096807,0.0030754498407479236,0.0,0.0,0.0,0.014830707606549032,0.014830707606549032,0.0,0.0,0.0,0.0,0.005588818614371327,-0.0055698195234826775,0.017049280327082306,0.0,-0.004902965393762226,0.009942077026547702
2021-08-11 00:00:00+00:00,0.008859678071623467,0.004667822028915802,-0.006019631214482679,0.001901854776589218,0.011646656309915127,0.0,0.0,0.00948313540786172,0.00948313540786172,0.0,0.0,0.0,0.0,-6.290388888885445e-05,0.0018379621717159456,0.021708506967703656,0.0,-0.00027828153529285693,0.008619145888840718
2021-08-12 00:00:00+00:00,-0.02343060793151852,-0.014134608505992796,-0.007951142835633251,-0.0017570129895780884,0.006184592610291029,0.002391064040185631,0.0,-0.016304999313114354,-0.016304999313114354,0.0,0.0,0.0,0.0,0.0034882075725630735,0.003197424135201743,0.0,0.0,0.0,-0.024982760950376992
2021-08-13 00:00:00+00:00,0.08162548726248309,0.047571215167291125,-0.00020501267999784023,0.00017473500032894052,0.007302171947791702,0.004097749903999137,0.0,0.05992345749481354,0.05992345749481354,0.0,0.0,0.0,0.0,0.005850940269787053,0.004765786867006794,0.0,0.0,0.0,0.08600091559751477
2021-08-14 00:00:00+00:00,-0.015970409374537198,-0.00940357285511173,-0.00036921186671767803,0.0012811036727424785,-0.0010100991730171982,0.0,0.0,-0.011758429302157869,-0.011758429302157869,0.0,0.0,0.0,0.0,0.0,-0.0069942326693201995,0.0,0.0,0.0,-0.01684615573236603
2021-08-15 00:00:00+00:00,0.07203468518960388,0.03658587091069343,-0.066391656632238,0.04480935617745141,0.10729069912364086,0.0006187168999660653,0.0,0.07277539351182205,0.07277539351182205,0.0,0.0,0.0,0.0,0.014692619882017421,0.056057789209096986,0.0,0.0,0.0,0.07471172082071131
2021-08-16 00:00:00+00:00,0.028226385464723336,0.011992148542657288,0.059776644950106705,0.037097433462031315,0.09054436242516006,0.0,0.0,0.034850905887251926,0.034850905887251926,0.0,0.0,0.0,0.0,0.03408039958662146,0.051476446412330956,0.0,0.0,0.0,0.02801585924795913
2021-08-17 00:00:00+00:00,-0.008213670460150979,-0.006118839997143577,0.01952040685129508,0.014572397791724923,0.02928061027694251,-0.003270170241164716,0.0,-0.0005291012022430319,-0.0005291012022430319,0.0,0.0,0.0,0.0,0.016259927912547045,0.0004590534564801185,0.0,0.0,0.0,-0.01251168108016798
2021-08-18 00:00:00+00:00,0.044087642627470336,0.022582729691650982,0.04436793432945674,0.024252991734433627,0.0665519014941851,0.0031928497430517844,0.0,0.0443054421795126,0.0443054421795126,0.0,0.0,0.0,0.0,0.010200783783105294,0.01382436161508882,0.0,0.0,0.0,0.04417034398062625
2021-08-19 00:00:00+00:00,0.03193861405996645,0.020405290967839163,-0.015073533790487037,-0.015150056740165674,-0.022610300685730556,0.003223885770483381,0.0,-0.004728042884363237,-0.004728042884363237,0.0,0.0,0.0,0.0,0.0031323256068596095,0.009040855801774716,0.0,0.0,0.0,0.03383263243613954
2021-08-20 00:00:00+00:00,0.05298515775875523,0.031074737136473685,0.008523941040474936,-0.003547018463176843,0.012785911560712293,0.0,0.0,0.030382406293594233,0.030382406293594233,0.0,0.0,0.0,0.0,-0.004601885783195647,-0.004964316986236561,0.0,0.0,0.0,0.02833065801858936
2021-08-21 00:00:00+00:00,-0.030888744555610415,-0.017752703205006992,-0.01768227020222346,-0.008069703394295136,-0.02652340530333519,0.0,0.0,-0.024631194370428267,-0.024631194370428267,0.0,0.0,0.0,0.0,-0.005732156718670889,-0.0015913777878758806,0.0,0.0,0.0,-0.006567412857976018
2021-08-22 00:00:00+00:00,-0.0007620276102782153,0.0006964410027712198,-0.007879623151166637,-0.00547397120202342,-0.011819434726749845,0.0,0.0,-0.002085262144631117,-0.002085262144631117,0.0,0.0,0.0,0.0,-0.0039617641546586535,0.0,0.0,0.0,0.0,0.0013705015246761043
2021-08-23 00:00:00+00:00,0.022420333033370765,0.013233583547423988,0.011498733408511042,0.005204474958457439,0.01724810011276645,0.0,0.0,0.014622239244554747,0.014622239244554747,0.0,0.0,0.0,0.0,0.00025396384697962127,-0.001976541092161166,0.0,0.0,-0.0056199535031356,0.007874089615482305
2021-08-24 00:00:00+00:00,-0.05065430348918576,-0.03176645137415335,-0.010919943372571628,0.0003729030313222026,-0.016379915058857497,-0.002215599260548373,0.0,-0.035396823095974916,-0.035396823095974916,0.0,0.0,0.0,0.0,-0.004270447266712218,-0.0007059545303899073,0.0,0.0,-0.008955140422154728,-0.015343750077239426
2021-08-25 00:00:00+00:00,0.020925205592999818,0.014461500468436972,-0.0016761789446412267,-0.005128901700701127,-0.0025142684169617846,0.01876004753585625,0.0,0.016306464397858322,0.016306464397858322,0.0,0.0,0.0,0.0,0.01271422031923608,0.0,0.0,0.0,0.0,0.005506773546450905
2021-08-26 00:00:00+00:00,-0.01445111529332277,-0.013802156770121088,0.027843348177746474,0.02137409058824913,0.04176502226661993,0.004748969166098016,0.0,-0.037510319901419065,-0.037510319901419065,0.0,0.0,0.0,0.0,0.03234900859252576,0.00017605153372657334,0.00024344779075957668,0.0005087233697331772,0.00024344779075957668,-0.013946979976661833
2021-08-27 00:00:00+00:00,0.09132196176379836,0.049770544505296055,0.0422975632894087,0.016707487188119652,0.06344634493411294,0.00268927110302708,0.0,0.0,0.0,0.0,0.0,0.0,0.023131102618092036,-0.0013696834706193872,0.0070636818569538296,0.049465163170209436,0.03332233175461985,0.05942906968352979,0.01932696330199124
2021-08-28 00:00:00+00:00,0.026734331617346063,0.00931652542943362,0.03251178799657772,0.02161077195371308,0.04876768199486636,0.0,0.0,0.005227336602281918,0.005227336602281918,0.0,0.026603357793930638,-0.006703653078756422,0.0134521172302986,0.0004011006968120956,0.005141170176271359,-0.0028159571968514596,-0.0015888194559814384,-0.006936842390607101,-0.0028315272356949084
2021-08-29 00:00:00+00:00,-0.011011320297171778,-0.005272810903029335,-0.005976398426137619,-0.0018691180056934487,-0.008964597639206429,0.0,0.0,-0.006888431558971786,-0.006888431558971786,0.0,-0.010417841029181307,-0.005116655567381612,-0.007957731605219287,0.005635348639762006,-0.00021829446263355035,-0.0023122847861156703,-0.0013092595800023865,-0.004485803053885462,-0.00238076482013172
2021-08-30 00:00:00+00:00,0.04143338206225122,0.010789682090033281,0.0558642710707542,0.03348159899117764,0.103470914947704,0.0,0.0,0.05442907910380246,0.05442907910380246,0.0,0.04491592557475044,-0.01773984827652786,0.044765925574750565,-0.014613820677151557,0.019144204740613402,0.0007470842713848125,0.01315420479378493,0.0,0.0004115533550148598
2021-08-31 00:00:00+00:00,0.015007338712241802,0.01159853816256562,-0.02680908589642328,-0.004180653803756651,-0.010349834867941277,0.00014800846370444098,-0.00017262259599004626,-0.005347029470904485,-0.005347029470904485,0.0,0.014807771366246003,0.03166225927043809,0.014807771366246003,0.01858081454960181,-0.008560240885133297,0.02026759064118311,0.019644840727358392,0.0,0.02050868441571052
2021-09-01 00:00:00+00:00,0.05780081477606225,0.03963502729836477,-0.0315010653065777,-0.008124311634366443,-0.006385217431001622,0.004261903374171316,0.007912466982266775,0.046179602701749145,0.046179602701749145,0.0,0.05782719776167866,0.07570613622530131,0.05782719776167866,0.002688297614042545,0.008397877014166832,0.0,-0.011454689575083665,0.0,0.03885750558472223
2021-09-02 00:00:00+00:00,0.048163578459188505,0.0195450629387226,0.05558810065216169,0.02228628243474584,0.07322921504205637,0.0,0.0,0.045304830370187954,0.045304830370187954,0.0,0.04992505148372861,-0.002278737189704394,0.04992505148372861,0.012181913756299956,0.010611701274358287,0.0,-0.002700615192073763,-0.0043772735287395115,-0.004143891041963554
2021-09-03 00:00:00+00:00,0.06434248881765936,0.03188048615716976,0.03342490808752441,0.016698272447928764,0.06293767386963811,0.0,0.0,0.05946073279542774,0.05946073279542774,0.0,0.06420190806741144,0.026510229400436458,0.04785600105055843,7.101232012329817e-05,0.011965950772258926,0.0,-0.004633475528785791,0.004600708365552153,0.013103513712929393
2021-09-04 00:00:00+00:00,-0.023157676797569526,-0.011504071568295249,-0.011894457716880358,-0.0066952611476037704,-0.024444224525146274,0.0,0.0,-0.022343996553137457,-0.022343996553137457,0.0,-0.02314418228005599,-0.009048878579900332,-0.011879626973361312,0.0006885763030088921,-0.005881325219096345,0.0,0.0008006209870137226,-0.00037975999999995125,-0.005217138843242042
2021-09-05 00:00:00+00:00,0.02335479365533799,0.018217727872186895,0.0015627968403573167,-0.009671206135669186,-0.009100524389366926,0.0,0.0,0.01111428479444787,0.01111428479444787,0.0,0.023193362502279102,0.02544547221188953,0.005513570625569786,0.0030375716013850695,-2.1092909633924073e-05,0.0,-0.012135369717284017,0.0,0.004666917520662173
2021-09-06 00:00:00+00:00,0.05284512555640042,0.023316337724205605,0.04543018404051358,0.015816608619080297,0.06855242606077017,0.0,0.0,0.047159924617108384,0.047159924617108384,0.0,-0.0013306100000000098,-0.001260680000000014,-0.0003326525000000302,0.012731637811185248,0.017844908534101034,0.0,-0.005565271957374884,0.0,-0.00255712127431329
2021-09-07 00:00:00+00:00,-0.06289602228707047,-0.06324753689996954,0.05589550758562667,0.044506032594310074,0.08384326137844011,-0.021117406602375155,-0.011863135385103418,-0.023015597668552545,-0.023015597668552545,0.0,0.0,0.0,0.0,0.004283613184319579,0.030389262070777967,0.0017216177033110291,0.0015212733797704825,0.0017216177033110291,-0.04236004117250913
2021-09-08 00:00:00+00:00,0.03488858353767177,0.012493107767639566,0.03921916333190345,0.022818023029139045,0.05882874499785529,0.02966284977191891,0.1225234485026725,0.03752335390706141,0.03752335390706141,0.0,0.0,0.0,0.0,0.056786360116166223,0.018004686596720054,0.03752335390706141,0.03752335390706141,0.04367342057066925,-0.006515817564289206
2021-09-09 00:00:00+00:00,-0.008592549080098988,-0.005148617227593855,-0.008062446364780707,-0.005215128667744762,-0.01209366954717106,0.007188933278609699,0.0,-0.0036087980243501017,-0.0036087980243501017,0.0,0.0,0.0,0.0,-0.02466959060195273,-0.007026505652147796,0.034856354157472236,0.034856354157472236,0.0,0.00689021522838007
2021-09-10 00:00:00+00:00,-0.04231484107587813,-0.02401622374701995,-0.0036750199918311743,0.00404925073767215,-0.0055125299877467615,-0.0005953452659597236,0.0,-0.014513516917699087,-0.014513516917699087,0.0,0.0,0.0,0.0,0.002204607208365017,0.002803132560379673,0.0,0.0,0.0,0.021169548577771424
2021-09-11 00:00:00+00:00,0.004878166847824161,0.002261188105128431,-0.003473605455627693,-0.002902156579806192,-0.0052104081834416505,0.003073317543138332,0.0,-0.0007210722067695352,-0.0007210722067695352,0.0,0.0,0.0,0.0,0.01612406916090925,-0.0011515327360644978,0.0,0.0,0.0,-0.005863933932530707
2021-09-12 00:00:00+00:00,0.0056248334144173295,0.0039194056148290635,-0.01523647199196665,-0.010496788116119649,-0.022854707987949974,0.004285519952620165,0.0,-0.009061701599201388,-0.009061701599201388,0.0,0.0,0.0,0.0,-0.0005999561262096664,0.0,0.0,0.0,0.0,-0.01401673726565622
2021-09-13 00:00:00+00:00,-0.023582362954087555,-0.011719270681784133,-0.0016064868801927146,0.0037087036315137656,-0.0024097303202891274,0.009971898619815622,0.0,-0.037263548819471914,-0.037263548819471914,0.0,0.0,0.0,0.0,0.00894051238780258,-0.0011394180097901163,0.0,0.0,0.0,0.011990045463665888
2021-09-14 00:00:00+00:00,0.0006729229508375401,0.003329335292385549,-0.0369314394204,-0.024900726319206812,-0.05539715913059995,0.0001312357437333045,0.0,0.0,0.0,0.0,0.0,0.0,0.0,0.005610859701834059,0.0,0.0,0.0,0.0,-0.01523822345777881
2021-09-15 00:00:00+00:00,0.021325328347231887,0.014289667012213902,-0.006982649058809409,-0.007057396096487922,-0.010473973588214114,0.0,0.0,0.0,0.0,0.0,0.0,0.0,0.0,0.002341291539358803,0.0,-0.0064314363012693,0.0,-0.0064314363012693,-0.017309495753391024
2021-09-16 00:00:00+00:00,-0.021518810374861808,-0.012076986088170427,-0.011793062986222846,-0.00438880749288495,-0.01768959447933427,0.0,0.0,0.0,0.0,0.0,0.0,0.0,0.0,0.0,0.0,-0.014279323562714774,0.0,-0.018657930398575218,0.0041805486470560815
2021-09-17 00:00:00+00:00,-0.0292344352559325,-0.01853797601397078,-0.0075500986102913226,-0.001885440882425482,-0.01132514791543704,0.004928556929532757,0.0,0.0,0.0,0.0,0.0,0.0,0.0,-0.00109098597235191,0.0,-0.010302425137871274,0.0,-0.030984961513029652,0.01592055720177976
2021-09-18 00:00:00+00:00,0.053387904389968543,0.01784814713989924,0.041868945603669605,0.016700358786403635,0.06280341840550441,0.004421937898154704,0.0,0.0,0.0,0.0,0.0,0.0,0.0,0.0033724816605122943,0.00859222725338138,0.04758768167303029,0.0,0.02420718867363103,-0.0032676369695188168
2021-09-19 00:00:00+00:00,-0.04905301964653486,-0.023189831666474037,-0.0249837913615093,-0.007446398034053003,-0.037475687042263894,3.300719080390202e-05,0.0,0.0,0.0,0.0,0.0,0.0,0.0,-0.0027196875834913925,0.0,-0.03284950022950994,0.0,-0.03284950022950994,0.010421092015586941
2021-09-20 00:00:00+00:00,-0.08460049028117789,-0.034157207801219114,-0.014070263797056781,0.011400714690143587,-0.021105395695585227,-0.018749142818187625,0.0,0.0,0.0,0.0,0.0,0.0,0.0,-0.027536845133931065,-0.0004687244132020041,-0.04500298771316824,0.0,-0.00030105666666668807,0.035210749306346045
2021-09-21 00:00:00+00:00,-0.04230942570219676,-0.01033631884681574,-0.0037974229789392577,0.008137208316049804,-0.005696134468408776,-0.0009952803157233792,0.0,0.0,0.0,0.0,0.0,0.0,0.0,-0.026786371940403675,-0.013886427901433906,-0.01335870709522502,0.0,0.0,0.023924233185823818
2021-09-22 00:00:00+00:00,0.06700837750391209,0.003976455200302986,0.040899699780259535,0.0019504898618274424,0.0613495496703893,0.009836557207241858,0.0,-0.09435852833550695,0.0,0.0,0.0,0.0,0.0,0.04529275208379402,0.019692490008726526,0.014665742155082873,0.0,0.014665742155082873,-0.037404173491907944
2021-09-23 00:00:00+00:00,0.01036362507729427,-0.0010397776744913712,-0.005727159938250903,-0.005253714229637496,-0.008590739907376355,0.0,0.0,-0.012269827346284679,0.0,0.0,0.0,0.0,0.0,0.004041063404544021,0.0008802585003051533,0.004565960189274243,0.0,0.004565960189274243,-0.00792612390653813
2021-09-24 00:00:00+00:00,-0.031637991799357,0.0003208921981934232,-0.008927010522123857,0.00830219133700072,-0.01339051578318573,0.0034705211205199316,0.0,0.02377892893135769,0.0,0.0,0.0,0.0,0.0,-0.0011304992449587825,9.446928148926226e-05,-0.02388381010990137,0.0,-0.02388381010990137,0.023700108226743177
2021-09-25 00:00:00+00:00,-0.006627342912194023,-0.0013199588196926015,-0.006239902827321675,-0.00423999702591682,-0.009359854240982401,0.0,0.0,0.007527542458479974,0.0,0.0,0.0,0.0,0.0,0.004061866233365352,0.0,-0.00751639990187436,0.0,0.001954830318055434,0.0006039064292386875
2021-09-26 00:00:00+00:00,0.0023154206068247696,-0.005971583756507304,-0.005062599147118929,-0.016274580013672324,-0.007593898720678394,0.011027801814488258,0.0,-0.0007449316112271287,0.0,0.0,0.0,0.0,0.004408898919844084,0.017677324278317474,0.0015841736569313092,-0.00022106561307166928,0.0,0.0,-0.015529458490375792
2021-09-27 00:00:00+00:00,-0.006135255986443489,0.00427041797525618,0.009587575080491906,0.015736618611855713,0.01438136262073808,0.0,0.0,-0.028452522318421658,0.0,0.0,-0.021796077830102845,-0.03472142650472243,-0.010748038915051383,-0.0036578006085199455,-0.0008573021152975535,0.0024102028216834714,0.0,-0.02555961007883667,0.014711582429035142
2021-09-28 00:00:00+00:00,-0.014254043280558015,0.003512405285800657,-0.0014216125302529692,0.006688417086208265,-0.0021324187953795093,0.0,0.0,0.0,0.0,0.0,-0.032969382174626194,-0.033952246816446485,-0.024892292464302912,-0.002055474758038578,0.00013476917421617607,-0.010087945501820461,0.0,-0.010087945501820461,0.013721892777555533
2021-09-29 00:00:00+00:00,0.006704989583164567,-0.002441750300596568,0.0038604618744875197,-0.0004882445460692164,0.0057906928117312795,0.0,0.0,0.0,0.0,0.0,0.01720207169128396,0.014024377159535861,0.017032027524617188,0.0,0.0016596760508502673,0.008298278460811215,0.0,0.0164947450580879,-0.009597744773023997
2021-09-30 00:00:00+00:00,0.020408329529626013,-0.007253886174562241,-0.003430906268476197,0.01098125540178052,-0.00514635940271424,0.0,0.0,0.0,0.0,0.0,0.050974436800553136,0.05404567604802413,0.050974436800553136,-0.00011788327558848177,0.0007892658094528215,0.014946218871634942,0.0,0.0,-0.036030450698682825
2021-10-01 00:00:00+00:00,0.061405667592494995,0.004215276601887696,0.014704866582814224,0.008532983844430353,0.022057299874221448,0.0,0.0,0.0,0.0,0.0,0.11476286157347348,0.10076820924792029,0.11476286157347348,0.0063677102307870825,0.017494897060165826,0.053892174775498125,0.007258351722850387,0.015886742987738067,-0.06717880616528027
2021-10-02 00:00:00+00:00,0.011406586791141926,2.2584292239891113e-05,0.018527930909033596,-0.011480439207089743,0.027791896363550617,0.0,0.0,0.0,0.0,0.0,0.019364226714987387,0.006495085733035921,0.019364226714987387,-0.02580542543902109,-0.006143343206349794,0.02335806014100883,0.007987619467386908,0.02335806014100883,0.007208075171427408
2021-10-03 00:00:00+00:00,0.011517776971081695,0.004078153889012004,0.004180614743323208,-0.0006326477071355585,0.0062709221149845895,0.0,0.0,0.0,0.0,0.0,0.014786257570371442,0.010165016416645578,0.010889693177778659,0.00347491850251469,0.0025892195529133577,0.011009528087280396,0.0030127275743521142,0.006632460933557072,0.002947712395145796
2021-10-04 00:00:00+00:00,-0.007726196522562678,-0.0005427954070774677,-0.00851356753528909,0.013449183143618981,-0.027262691326360056,0.0,0.0,-0.0013717810998765678,-0.0013717810998765678,0.0,-0.00760662870054285,0.00550438550922161,-0.0040033143502714585,-0.0011463430466386315,-0.0015292802810390471,-0.014356313999936976,-0.003017984816538588,0.0,-0.003229318171401596
2021-10-05 00:00:00+00:00,0.01882492907699551,0.01437296733498572,-0.0179279024943233,0.018269714355101163,-0.03055478004863854,0.0,0.0,0.015159237509519974,0.015159237509519974,0.0,0.023054963642962445,0.0422038415730035,0.005563740910740522,0.0005478789133004369,0.0,0.007742164765255577,0.012775428832802582,0.0,0.012846971755283265
2021-10-06 00:00:00+00:00,0.006545408371698702,0.015718718200650184,-0.027513074899478962,0.020354111966372823,-0.07044291253922397,0.0006668749327112256,0.0,0.02080241589010612,0.02080241589010612,0.0,-0.0008742533333333524,-0.0008000000000000229,-0.00021856333333336586,0.0009687925123664787,0.0050329663820931625,-0.016398264220365832,-0.040330033800900944,-0.004010616427194469,0.005501097366681584
2021-10-07 00:00:00+00:00,-0.008917629370384206,-0.006974027324196275,-0.0005548373517850758,-0.00994711621769695,0.014624276215799314,0.00022789537092804402,0.0,-0.008369175861503653,-0.008369175861503653,0.0,0.0,0.0,0.0,0.0004002156198026352,-0.0018954593278305287,0.0015579886861007974,0.001075159091365352,0.001075159091365352,0.0009526844884304442
2021-10-08 00:00:00+00:00,0.007847126696945983,0.001012750009882879,0.012225269041012954,0.0024994926653350014,0.01330005923741906,2.717439092725371e-05,0.0,-0.001745343772854513,-0.001745343772854513,0.0,0.0,0.0,0.0,-0.004627313819078771,-0.0002401307973096678,0.0071988976018917405,-0.0025613625586605737,0.0011168771114558051,-0.0026013497817921616
2021-10-09 00:00:00+00:00,0.003098289379280139,0.0035839422172905255,-0.005572432101868419,0.005014484290387422,-0.015521736715940704,0.0,0.0,0.007156402266722761,0.007156402266722761,0.0,0.0,0.0,0.0,0.0010987583246460098,0.0,-0.0031785918099080934,0.0012047296436479282,0.0,0.0011935557912576833
2021-10-10 00:00:00+00:00,-0.03182708674587298,-0.015341121392613566,-0.004942408994722758,0.009970625037821979,-0.027716578259081248,-0.0024649392422853023,0.0,-0.01703177397440314,-0.01703177397440314,0.0,0.0,0.0,0.0,0.0,0.0,-0.03556702828441061,-0.015314985442264284,0.0,-0.015253336221635272
2021-10-11 00:00:00+00:00,0.019687598494778635,0.016954300825670288,-0.018644748067591088,0.020647297492827565,-0.0007000000000000339,0.007681276843666041,0.0,0.029286316201893037,0.029286316201893037,0.0,0.0,0.0,0.0,0.0,0.0002897275851174719,0.00611910358930956,0.012377538801142896,0.005383867477054993,0.012324771542201463
2021-10-12 00:00:00+00:00,-0.0010773838180626605,-0.004579855305751335,0.021848330032901764,-0.018857329287496283,0.0,0.0042448063309725725,0.0,-0.013452478156604442,-0.013452478156604442,0.0,0.0,0.0,0.0,0.0,-6.359826018020875e-05,0.012165801236304619,-0.004770835391292305,-0.012745055857355081,-0.004821867070833652
2021-10-13 00:00:00+00:00,0.007813484569500151,0.007889270683379523,-0.020436850091335668,0.013680463227998096,0.0,0.0,0.0,0.01933327609393176,0.01933327609393176,0.0,0.0,0.0,0.0,-0.0021201006212092643,0.0,0.0016678575270296925,0.01112277010899354,0.0,0.011097953944668726
2021-10-14 00:00:00+00:00,0.013158870755263008,0.00587870788647904,-0.01227225470530846,-0.002891013233875195,0.0,0.0,0.0,0.016358037965719108,0.016358037965719108,0.0,0.0,0.0,0.0,0.0,-0.0004876004104475973,0.02112232638303979,0.01658686868663395,0.016414300363423173,0.016718403787153502
2021-10-15 00:00:00+00:00,0.05039866750448185,0.03124466812657256,0.02233026432675178,0.007898431533955863,0.0,0.0,0.0,0.031184171300911112,0.031184171300911112,0.0,0.0,0.0,0.0,0.002276346452148914,0.005529323170091027,0.03543810710319728,0.006549319040337842,-0.0006143116494192746,0.006553111232326048
2021-10-16 00:00:00+00:00,-0.018199162762412513,-0.010803497924388505,-0.007821768942359864,0.0023446320624465056,0.0,0.0,0.0,-0.008217149061840345,-0.008217149061840345,0.0,0.0,0.0,0.0,0.00017406442649381404,0.000798964976733707,-0.004381090989136638,-0.0036231088569316228,0.0,-0.0037521375814462132
2021-10-17 00:00:00+00:00,0.008378965006400563,0.005177004084282233,0.004059163620477202,1.6402899162049067e-05,0.0,0.00856867430944419,0.0,0.004407168198791833,0.004407168198791833,0.0,0.0,0.0,0.0,-2.1182166479838394e-05,-0.0010828953162690391,0.0053672207091632895,0.001251532592673854,0.0,0.0011397468513643094
2021-10-18 00:00:00+00:00,-0.011152151399047239,-0.005961682963391501,0.011111947186627225,0.006187190501392381,0.0,-7.827000000004691e-05,0.0,-0.006907404805694739,-0.006907404805694739,0.0,0.0,0.0,0.0,0.0,-0.0002531017522179324,-0.0064875275391435006,-0.009201937140364769,0.0,-0.009194011770085497
2021-10-19 00:00:00+00:00,0.019045672742968645,0.014553907829081725,0.0005636298902820247,0.01408700575802535,0.0,0.0,0.0,0.023666318235555872,0.023666318235555872,0.0,0.0,0.0,0.0,0.0,0.0,0.010855934174401005,0.0020313907137401443,0.013936930968811545,0.011553329424597303
2021-10-20 00:00:00+00:00,0.06530007054539655,0.03310953080467427,-0.015064779768793946,-0.021194409259606917,0.0,0.0,0.0,0.039417102585901365,0.039417102585901365,0.0,0.0,0.0,0.0,0.002316495071773561,0.014974897174101054,0.07644173178586522,0.0,0.04994159795023401,0.023854709147578257
2021-10-21 00:00:00+00:00,-0.00729783786330418,-0.012727147398543304,-0.010657144877639357,-0.03546820744963375,0.0,-0.0013163177205511856,-0.005263654366052695,-0.004571028192868143,-0.004571028192868143,0.0,0.0,0.0,0.0,0.017322174675764135,0.021727295403487057,-0.004571028192868143,0.0,0.029154383598519962,-0.009163334833878878
2021-10-22 00:00:00+00:00,-0.00514453293175654,-0.006023806255368025,-0.0014218749253834817,-0.014697751551579818,0.0,-0.00022845904390611516,0.0042346071605667834,-0.005348121615442181,-0.005348121615442181,0.0,0.0,0.0,0.0,0.001989270711808322,0.0011551039233781424,0.0075158830544928,0.0,0.021920255513013798,-0.007052449082747159
2021-10-23 00:00:00+00:00,0.02118198943602234,0.014145082389102948,-0.013085755142057343,-0.012749404931996056,-0.0021701387060246713,0.0014512599449330033,0.002630649556408571,0.018162523863299418,0.018162523863299418,0.0,0.0,0.0,0.0,0.007870002709531532,0.0008104353374618345,0.01904535849209732,0.0,0.0,0.016133593376765454
2021-10-24 00:00:00+00:00,-0.0027083441090576255,-0.003195366306447678,0.004584506098461283,-0.008008809960135976,0.014410290762594702,0.004871771409428183,0.0,-0.006779998249575536,-0.006779998249575536,0.0,0.0,0.0,0.0,-0.0035711874762696105,0.001021593021581113,-0.01540386039238073,0.0,0.0,-0.007214543571114618
2021-10-25 00:00:00+00:00,0.03535438067676422,0.022988486029958732,-0.0008229584776566767,0.0031816192104210383,0.00038402228351497314,0.0,0.0,0.012525807626002639,0.012525807626002639,0.0,0.0,0.0,0.0,0.005079409743067753,-0.009222510339005008,0.010954240041139984,0.0,0.006324878279232671,0.011001178556202973
2021-10-26 00:00:00+00:00,-0.038976237648275736,-0.02732192042548376,-0.0011606265732222454,-0.00820195365646248,-0.001740939859833479,0.0,0.0,-0.016410832167038314,-0.016410832167038314,0.0,0.0,0.0,0.0,-0.00011830839961057826,0.0004607285432451924,-0.007551643314153367,0.0,-0.0013464590479727034,-0.007561980385846767
2021-10-27 00:00:00+00:00,-0.054154878300599285,-0.03599996054402499,-0.015362571704514605,-0.009401887839962542,-0.023043857556771963,-0.006407482521734065,-0.005329848493173417,-0.026518476420354986,-0.026518476420354986,0.0,0.0,0.0,-0.013667955192964598,0.0,-0.0019392946285089474,-0.017295157778494885,0.005750736171927118,0.0,-0.01726142497119787
2021-10-28 00:00:00+00:00,0.06057444882548246,0.0410380480284831,0.00756586027779238,0.0016469374635446066,0.011348790416688681,0.01489931817598733,0.0,0.019724889341313334,0.019724889341313334,0.0,0.06244030766478548,0.06422261883185598,0.03135754549905956,0.012333956393214773,0.0,-0.0002985199999999688,-0.0296115008393234,0.0,0.03090527772214835
2021-10-29 00:00:00+00:00,0.026757325036259605,0.01932778377472677,-0.0006107040201570602,-0.0032141657532357426,-0.0009160560302354792,0.0,0.0,0.00664767074185546,0.00664767074185546,0.0,0.02745669281487828,0.028521739989580963,0.0204670954444921,0.0040086142263984215,0.0,0.003062929379373136,-0.007523004971288327,0.005458719061945283,0.009961589817739203
2021-10-30 00:00:00+00:00,-0.01763266364189453,-0.011693024709972688,-0.00535286106488575,-0.0029553853702760646,-0.00802929159732868,0.0,0.0,-0.015357512411172558,-0.015357512411172558,0.0,-0.01786689479471948,-0.015063540107644546,-0.018008512294719448,-0.0011681649899422109,0.0,-0.002460562591462545,0.0,-0.009188087310685433,-0.007570686413692407
2021-10-31 00:00:00+00:00,0.005269687459359185,0.0009507929019632044,0.014766485660169915,0.011101140594610204,0.02214972849025476,0.005265394524496481,0.0,-0.011721962104491612,-0.011721962104491612,0.0,0.0051952844381872865,-0.009370174586847746,0.0051952844381872865,0.0,-0.0007394961635159847,-0.003292762773649871,0.0,-0.0030564805208386225,-0.0029223648938144775
2021-11-01 00:00:00+00:00,0.0012370158997303538,0.001027964650106794,0.004745562872841003,0.004061311641971432,0.007118344309261504,0.0,0.0,0.0025666245972177926,0.0025666245972177926,0.0,0.0019625566367031944,-0.00027555672549262056,0.0019625566367031944,0.0025778143796839625,-0.0016576114167661249,-0.0023672275778320317,0.0,0.0,0.0024155972688144622
2021-11-02 00:00:00+00:00,0.05875169366270905,0.04213694964919856,0.014807900344784297,0.006305498573172752,0.022211850517176446,0.0,0.0,0.02015704212186975,0.02015704212186975,0.0,0.06004671956817331,0.04927535292533314,0.06004671956817331,0.0,0.00026196671041134323,0.012331317170346967,0.0,0.0,0.02046165134372191
2021-11-03 00:00:00+00:00,0.03121784081297263,0.018392207566932273,0.03539674824628314,0.02446186329157407,0.05309512236942471,0.0,0.0,0.020008859957136638,0.020008859957136638,0.0,0.031679339830167574,-0.0022580689527357256,0.02345968570595902,0.01759734998344964,0.013582861452093642,-0.002172698341438517,0.0,0.0,-0.0002666666666666373
2021-11-04 00:00:00+00:00,-0.008344153852955616,-0.009247912576535677,0.013533703119916973,0.011739919254245113,0.02030055467987557,0.0,0.0,-0.00042890770679071544,-0.00042890770679071544,0.0,-0.008950689874775763,-0.02099648702182455,-0.004736973270721201,0.004994657022902915,0.000857687825228437,-0.008521794830048113,0.0,0.0,0.0
2021-11-05 00:00:00+00:00,-0.022240162890098114,-0.016256164882801794,-0.012201277958077017,-0.0069481851111710125,-0.01830191693711547,0.0,0.0,-0.01933331692490947,-0.01933331692490947,0.0,-0.021868593822113036,-0.010627833915035523,-0.005684441788861627,-0.0013960181162001595,-0.0020347813475013465,-0.0025349614294769562,0.0,0.0,0.0
2021-11-06 00:00:00+00:00,0.035348456119105975,0.022274050385001187,0.02883356915227897,0.016607866502546864,0.043250353728418345,0.0030972123984005506,0.0,0.03370635557647095,0.03370635557647095,0.0,-0.001045103333333297,-0.0011676550000000452,-0.000261275833333352,0.0022730866543603234,0.0005259371623924647,0.0023221117435334726,-0.011482469748221313,0.0,0.0
2021-11-07 00:00:00+00:00,0.002965075204443668,0.005524304667388291,-0.020670244248545355,-0.015912523341533813,-0.031005366372818144,0.0,0.0,-0.004576906342985132,-0.004576906342985132,0.0,0.0,0.0,0.0,0.0004568122262575969,-0.002582801490580544,0.00943239070655455,-0.006692198180121234,0.0,0.0
2021-11-08 00:00:00+00:00,0.03187389645738703,0.030912809767567717,-0.024388872489624402,-0.023441564337776333,-0.036583308734436715,0.0,0.0,0.02307733614117935,0.02307733614117935,0.0,0.0,0.0,0.0,-0.00029921447602931917,0.003999527070858155,0.02188073337477614,-0.013800073860464557,0.021731905812681696,0.0
2021-11-09 00:00:00+00:00,-0.021632356934221275,-0.01558618910868892,-0.009208016680161468,-0.004301399291131491,-0.013812025020242147,0.0,0.0,-0.021590783351877807,-0.021590783351877807,0.0,0.0,0.0,0.0,0.0,-1.6698282305771528e-05,0.00435524943432819,-0.00019999999999997797,-0.004350441789449544,0.0
2021-11-10 00:00:00+00:00,-0.02715243723242422,-0.022179917648610048,0.002115064611465378,0.0054203838335114,0.0031725969171980672,0.001653966984790367,-0.005953752691277292,-0.02715243723242422,-0.02715243723242422,0.0,0.0,0.0,0.0,5.140462506925125e-05,-0.0012194407800363294,0.0,0.004989608513097821,-0.015352346044868459,0.0
2021-11-11 00:00:00+00:00,0.005933373950761878,0.005683165959450287,0.0008244956615857113,0.00075133110706882,0.001236743492378567,0.007029542886327844,0.008293905283076386,0.005933373950761878,0.005933373950761878,0.0,0.0,0.0,0.0,0.0002038841266225333,0.0,0.0,-0.0059587579296809245,0.00623797837349338,0.0
2021-11-12 00:00:00+00:00,-0.014836881129878687,-0.01153738046639019,-0.0033842498642434604,-0.000598718714978963,-0.005076374796365246,0.0011206123841336346,0.0,-0.01731946678402818,-0.01731946678402818,0.0,0.0,0.0,0.0,0.0033038808134626674,0.0,0.0,0.007418647904498421,-0.0008044160917711762,0.0
2021-11-13 00:00:00+00:00,0.018154972399355263,0.010734220797623317,0.017680249381885504,-0.0029914969401475533,0.026520374072828146,0.002219509049544044,0.0,-0.0015995532058812323,-0.0015995532058812323,0.0,0.0,0.0,0.0,0.0,0.0,0.0,0.00019367983980256298,0.0,0.0
2021-11-14 00:00:00+00:00,0.0006606033420761825,0.001811765040113933,-0.00974142827810065,-0.00853274387614078,-0.01461214241715092,0.0,0.0,-0.0011016835198638386,-0.0011016835198638386,0.0,0.0,0.0,0.0,-0.0006778760090043745,0.0,0.0,-0.004823113832054693,0.0,0.0
2021-11-15 00:00:00+00:00,-0.01547462616392159,-0.014157399454620134,0.009204571058335498,0.009535780298048024,0.013806856587503358,-0.0009568960467081222,0.0,-0.004638605381802718,-0.004638605381802718,0.0,0.0,0.0,0.0,0.0,0.0,0.0,0.014606115973774703,-0.011156742957959653,0.0
2021-11-16 00:00:00+00:00,-0.06937490856674466,-0.05599824576559531,-0.008243438701563743,0.0030082545013523365,-0.012365158052345615,-0.021286359874538197,-0.007777516792879857,-0.01890271387497,-0.01890271387497,0.0,0.0,0.0,0.0,-0.00024213116585125594,0.0,0.0,0.05792182091384879,-0.014545423882885822,0.0
2021-11-17 00:00:00+00:00,0.002919036811029896,-0.0006530706071468106,-0.0014076793273531951,-0.001378292224286315,-0.0021115189910296817,0.002039087977431464,0.0,0.0,0.0,0.0,0.0,0.0,0.0,0.008334472983132502,0.0,0.0,-0.009104653589102063,0.0,-0.006389218308777256
2021-11-18 00:00:00+00:00,-0.05576553877071044,-0.028538363275741996,-0.017274184830660233,-0.0022278816235022925,-0.025911277245990294,-0.013821471700546373,0.003259088308021685,0.009390993746267284,0.0,0.0,0.0,0.0,0.0,-0.025074035102764625,0.0043056156721243966,0.0,0.08286731342977949,0.0,0.022665298507462683
2021-11-19 00:00:00+00:00,0.04063961947676398,0.015436299049638169,0.027706780528435004,-0.001544041046143696,0.04156017079265251,0.015387898931972899,0.0022451076165408423,-0.03992107541375467,0.0,0.0,0.0,0.0,0.0,0.003494082670293386,-0.001180110959299152,0.0,-0.02809302296459626,0.0,-0.02455738804451868
2021-11-20 00:00:00+00:00,0.011773026703409295,0.0023271393195059,-0.005849672501276104,-0.007866669809878934,-0.008774508751914212,0.0,0.0,-0.013902541210430774,0.0,0.0,0.0,0.0,0.0,0.005865875386892316,0.0,0.0,-0.004231465571997828,0.0,-0.009133466249285793
2021-11-21 00:00:00+00:00,0.0035684352977973788,0.0011741596562682144,0.025900393323180282,0.017144001339254533,0.03885058998477042,0.0,0.0,-0.012171227903663318,0.0,0.0,0.0,0.0,0.0,0.0004685158686139612,0.004193717258745178,0.0,-0.02023308422826764,0.0022892395454419123,0.011665213252741724
2021-11-22 00:00:00+00:00,-0.032895740386613914,-0.01453363306224531,-0.00831206595979428,0.0016024940241508023,-0.012468098939691363,0.002107443698096123,0.0,0.013509933026494947,0.0,0.0,0.0,0.0,0.0,-0.009649626506699094,-0.014737396512702894,0.0,0.021838758830371896,-0.021896621914845538,0.013628890641923741
2021-11-23 00:00:00+00:00,0.02100714364289691,0.005245362113466934,0.002019186870110934,-0.002353635721459857,0.00302878030516629,0.0,0.0,-0.007699243780150522,0.0,0.0,0.0,0.0,0.0,0.008370792075498068,0.0,0.0,-0.010324345938229063,-0.005173394145800869,-0.02069657531508906
2021-11-24 00:00:00+00:00,-0.021989776095141966,-0.009077533952756456,-0.021767134348281925,-0.010913856540794686,-0.032650701522422776,-0.0008386962045847657,0.0,0.0023891477526356564,0.0,0.0,0.0,0.0,0.0,-0.001306969233505817,-0.0014848408055768703,0.0,0.024724676330761808,0.0,0.005480034520672472
2021-11-25 00:00:00+00:00,0.01972915239921913,0.0058369531637245675,-0.003635886374885877,0.014347544948112967,-0.005453829562328871,0.00345624754060303,0.0,-0.01037432595409482,0.0,0.0,0.0,0.0,0.0,0.0019256999610304248,0.0,0.0,-0.007312607704632046,0.0,-0.01986557837973224
2021-11-26 00:00:00+00:00,-0.053365579769626525,-0.014772239342339621,0.0012671021581160957,-0.015347884768126874,0.0019006532371741436,-0.006361469705309819,0.0,0.01686482203549966,0.0,0.0,0.0,0.0,-0.023706773516905977,0.0010039541460502566,0.009896492863043838,0.0,0.02751884261103754,0.0,0.03609998528407177
2021-11-27 00:00:00+00:00,0.0038700913807223625,-0.002528070971993035,-0.005495679642927853,0.003993579785630752,-0.008243519464391724,0.0,0.0,-0.00664665042153334,0.0,0.0,0.010303891505136997,0.01500923033018231,0.005301259085901844,0.0011182074637017259,0.0,0.0,-0.00664665042153334,0.0,-0.004409989292178396
2021-11-28 00:00:00+00:00,0.018916067398414782,-0.005321217642443199,-0.001906787067916027,0.0059397081567307275,-0.002860180601873985,0.0,0.0,-0.03030160304113283,0.0,0.0,0.04559348256989604,0.047861786398621264,0.0340451119274221,0.015717300621057806,0.000985790567363809,0.0,-0.03030160304113283,0.0,-0.016315445560349695
2021-11-29 00:00:00+00:00,0.010047559059284561,0.00131277220185666,0.004624712646032814,0.006933041095293246,0.004478717621582362,0.0,0.0,-0.009589715442985924,0.0,0.0,0.020059268131638497,0.021345385247460547,0.019909268131638402,0.00048736205232824403,0.0004351965970939009,0.0,-0.008782094382997374,0.011127289698248388,-0.011387057279364066
2021-11-30 00:00:00+00:00,0.010967809062955691,0.007069377679786992,0.0068625762751652886,0.008466042370418814,0.018057987682699395,0.0,0.0,-0.014340150492376358,0.0,0.0,0.015764580054830057,0.013176538964846163,0.015764580054830057,0.000695029188462204,-0.0038720604292634686,0.0,-0.002703889494536482,0.013858731033718819,-0.01384279702009783
2021-12-01 00:00:00+00:00,0.015839803010142095,0.0008161834424265102,-0.0371081887757726,-0.004264196268116138,0.04887898069863117,0.0,0.0,-0.012524780854235362,-0.012524780854235362,0.0,0.0316034887116603,-0.0032435992424363347,0.0316034887116603,0.0016385626875516923,0.0041502880385004826,0.0,-0.03370203936381422,-0.0031613497581716166,-0.003700633902487982
2021-12-02 00:00:00+00:00,-9.710706610266406e-05,0.0016930749233299291,-0.01086402196167402,2.4375639779528058e-05,0.014519284442930047,0.0,0.0,-0.005288835774828304,-0.005288835774828304,0.0,-0.00402545013310307,-0.014297222594916725,-0.00402545013310307,0.0006151500307496338,0.0,0.0,-0.0016984842908157605,-0.007087736392950794,-5.195876799113375e-05
2021-12-03 00:00:00+00:00,-0.047138756964236084,-0.018755385114466394,0.00932386319773193,-0.0014742522125223978,-0.02153117402244631,-0.011016256966011606,-0.021819759543913686,-0.02135795171599353,-0.02135795171599353,0.0,-0.07121840810826385,-0.05937941850191575,-0.05361594108119794,-0.007949227736578468,-0.002088780978270477,0.0,0.011356105373769187,-0.03763915132441642,-0.05394039501624137
2021-12-04 00:00:00+00:00,-0.023814194002666822,0.007388325147771546,0.009508406361746324,0.017427930888492593,0.015832147045835576,-0.024371589627900092,-0.045376981167214336,-0.032721556782254635,0.0,0.0,-0.05306656395172149,-0.05358974311946019,-0.02673328197586078,-0.00705329228457674,-0.004626611137926617,0.0,0.04063353265577363,-0.01601667824746489,-0.02517173071574974
2021-12-05 00:00:00+00:00,-0.0010094680246134358,-0.001180671260015309,0.013711775520493408,0.0036390914649215844,-0.013076059456467504,-0.0026655525594291296,0.0,-0.00040576000000003276,0.0,0.0,0.000851492024918743,0.012066066270654652,1.4313006229782488e-05,0.012420448853717403,0.007921649348139992,0.0,0.0,-0.00705019529388895,-0.0006733287905419383
2021-12-06 00:00:00+00:00,0.0022318480964773624,-0.005656114266348378,0.004185167818442803,0.0028021722671038862,-0.01775308811765164,0.0,0.0,0.0,0.0,0.0,-0.0008000000000000229,-0.0008000000000000229,-0.00019999999999997797,0.0005222846726018471,-0.0037397073136152814,0.0,0.0,0.0,0.0068060107130700764
2021-12-07 00:00:00+00:00,-0.003986738814579005,-0.0016806188502485053,-0.004056682048580118,-0.003551225046711015,-0.010187125890586235,0.0,0.0,0.0,0.0,0.0,0.0,0.0,0.0,-0.0040640973049078655,0.0,0.0,0.0,-0.0032844061685167736,0.0022014018784772826
2021-12-08 00:00:00+00:00,0.005128770157515339,-0.0033901603890418297,0.010828797648282151,0.009124023791618807,0.01276091318450967,0.0,0.0,0.0,0.0,0.0,0.0,0.0,0.0,-0.0021077487077210133,0.0,0.0,0.0,0.007370771816402666,0.002321522191942371
2021-12-09 00:00:00+00:00,-0.023901600653618904,0.012615990277494937,-0.005650433882121053,-3.375902495239558e-05,-0.005832984553699294,0.0,0.0,0.0,0.0,0.0,0.0,0.0,0.0,0.0,0.0,0.0,0.0,0.0,-0.0017617775129882274
2021-12-10 00:00:00+00:00,-0.01291572267644947,0.009424788543143325,-0.014000071956726368,-0.010046900376076806,-0.03375289095366374,0.0,0.0,0.0,0.0,0.0,0.0,0.0,0.0,0.0006564243162718864,0.0001454768054698352,0.0,0.0,0.0,0.008501855345716125
2021-12-11 00:00:00+00:00,0.007385892061410715,-0.017042025643348446,0.000625575357179109,0.0080442913554164,-0.0007000000000000339,0.0,0.0,0.0,0.0,0.0,0.0,0.0,0.0,0.006633282486727232,0.002735541328507063,0.0,0.0,0.0,-0.026439337869174184
2021-12-12 00:00:00+00:00,0.0008862440391150805,-0.005052113128823588,-0.001288140123703485,0.0020718799867216475,0.0,0.0,0.0,0.0,0.0,0.0,0.0,0.0,0.0,0.0,-0.00108446790126826,0.0,0.0,0.0,-0.004505264529917952
2021-12-13 00:00:00+00:00,-0.019141496985987105,0.027828342469102818,-0.005598892988536774,0.0005128054912115765,0.0,0.0,0.0,-0.0048055083823208555,0.0,0.0,0.0,0.0,0.0,0.0005280045351474527,0.0,0.0,0.0,0.0,0.06225339000024799
2021-12-14 00:00:00+00:00,0.00484335655579482,-0.012115534062155264,-0.004996645718946091,-0.004362874540388639,0.0,0.0,0.0,-0.013192748164242651,0.0,0.0,0.0,0.0,0.0,0.003407370894796591,0.0,0.0,0.0,0.0,-0.019457955360938195
2021-12-15 00:00:00+00:00,0.010146171221218747,-0.015212501657520638,0.010261547324949216,-0.01659975595306107,0.0,0.0,0.0,-0.03669707720362292,0.0,0.0,0.0,0.0,0.0,0.001509981707793262,0.007969193225263238,0.0,0.01006936008810455,0.0,-0.049571981455254654
2021-12-16 00:00:00+00:00,-0.0033536278030537048,0.005634574858030428,0.003487635104676867,0.004184991736051913,0.00778267011441125,0.0,0.0,-0.0007789655351315705,0.0,0.0,0.0,0.0,0.0,0.005954893159775709,0.004857387761344478,0.0,-0.00771452215080437,0.0,0.007991537104900859
2021-12-17 00:00:00+00:00,-0.0031601796081122124,0.00918390487066656,0.0032885706338288134,0.004915731529907319,0.0117184963060748,0.0,0.0,0.0,0.0,0.0,0.0,0.0,0.0,-0.0029107154406383673,-0.0032369218980118353,0.0,-0.010051636114619122,0.0,0.010111955191577815
2021-12-18 00:00:00+00:00,0.0044355779550204755,-0.007882830342873293,0.002300455824798764,0.0007258234531162255,0.012895794694491425,0.0,0.0,0.0,0.0,0.0,0.0,0.0,0.0,0.004119264865311445,0.0,0.0,0.020641689727134427,0.0,-0.020701739893618232
2021-12-19 00:00:00+00:00,-0.001694352326075177,0.0025427853662649547,-0.0019015070604629924,-0.001250544745235116,-0.0061055056535402885,0.0,0.0,0.0,0.0,0.0,0.0,0.0,0.0,-0.0005993797726669969,0.0,0.0,-0.008173832209082632,0.0,0.008250521029309787
2021-12-20 00:00:00+00:00,-0.0017474071634285826,0.00017990009922885797,0.0001659025103317724,-0.000157468119027393,-0.01901301679865497,0.0,0.0,0.0,0.0,0.0,0.0,0.0,0.0,0.0,0.0,0.0,-0.009327538144594083,0.0,0.009450009119431835
2021-12-21 00:00:00+00:00,0.0037953818330664912,-0.01318562460998074,-0.008090239970365398,-0.009227666328306516,-0.0007040799999999958,0.0,0.0,0.0,0.0,0.0,0.0,0.0,0.0,0.0,0.0,0.0,0.016694724523712345,0.0,-0.016666730826573994
2021-12-22 00:00:00+00:00,-0.0032837787328882095,0.0006023826376300168,-0.0008802801815335215,-0.00037776192805882847,0.0,0.0,0.0,0.0,0.0,0.0,0.0,0.0,0.0,0.0,0.0,0.0,-0.005203666270235385,0.0,0.005433038120779887
2021-12-23 00:00:00+00:00,0.008246103555328954,-0.019637230412872242,-0.0043124814403529,-0.007879900148076824,0.0,0.0,0.0,-0.0019587172803652297,-0.0019587172803652297,0.0,0.0,0.0,0.0,0.0002752690994693996,0.004442915080851595,-0.003961103218044548,0.032969925877026185,-0.003961103218044548,-0.03295351041924277
2021-12-24 00:00:00+00:00,-0.0011927752953453385,0.0007576727370528502,-0.005304607989279897,-0.005726373212458613,1.5434531970281995e-05,0.0,0.0,-0.009024968357413954,-0.009024968357413954,0.0,0.0,0.0,0.0,0.0005741847241749198,0.0,-0.00499954379288825,-0.00499954379288825,-0.00499954379288825,0.00514007912251091
2021-12-25 00:00:00+00:00,0.002221420479900482,0.00032123831611374776,0.00667395186053632,0.00015194182001643242,0.01092617048693345,0.0,0.0,0.0018010931573599898,0.0018010931573599898,0.0,0.0,0.0,0.0,0.0,0.0,0.00846862461626241,0.00846862461626241,-0.00031964466341671827,-0.008434506760202298
2021-12-26 00:00:00+00:00,0.003225889408031035,-0.0003082840419866839,-0.004957777790739137,-0.004031952655538795,0.008842041385770605,0.0,0.0,0.010528750426742617,0.010528750426742617,0.0,0.0,0.0,0.0,0.0,0.0,0.001200121289320899,0.0055248209293568,0.0,-0.0055261208440087195
2021-12-27 00:00:00+00:00,-0.003674579497170316,-0.0008218826017201142,-0.0036580377527010155,0.0011063631475556335,-0.004787056629051545,0.0,0.0,-0.004052613394770144,-0.004052613394770144,0.0,0.0,0.0,-0.0017271515752669275,0.0,-0.002297420949163853,-0.0035554356166276335,-0.005734266487749773,0.0,0.005827706298907609
2021-12-28 00:00:00+00:00,-0.022935441402610945,0.01200571794615013,-0.010552198563950732,-0.0031204703475788964,-0.015828297845926098,0.0,0.0,-0.047370437110164865,-0.047370437110164865,0.0,-0.07354698729469267,-0.06262980644025062,-0.036623493647346406,0.0,0.0,-0.03228668328699291,-0.05142612364845267,0.0,0.051905402857451044
2021-12-29 00:00:00+00:00,-0.007319936712978925,0.010222724429180818,-0.004706654892721374,0.005092266081307972,-0.007059982339082005,0.0,0.0,0.0,0.0,0.0,-0.03459086151229962,-0.03325539389928289,-0.026094759467558015,-0.016255993653079948,0.0,-0.005310616927075573,-0.005310616927075573,0.0,0.02687691749224319
2021-12-30 00:00:00+00:00,0.0015277405963569635,-0.0076579511098520126,-0.0011524518914469706,-0.0020413983924468804,-0.0007000000000000339,0.0,0.0,-0.007584875883773878,0.0,0.0,0.015385180303910895,0.017866232895805245,0.015234540303910915,0.009212000292431854,0.0021134175463490834,0.0,0.0,0.0,-0.01075837003908986
2021-12-31 00:00:00+00:00,-0.002319862039009135,0.006378058712138923,0.0014238174074663323,-0.0035288786838580943,0.0,0.0,0.0,0.0024762195715630764,0.0,0.0,-0.01418418078253647,-0.013937448633367433,-0.01418418078253647,0.0,0.0,0.0,0.0,0.0,0.007867815014778623
2022-01-01 00:00:00+00:00,0.0036945232713514464,-0.015705972063908447,0.006968886021571308,0.00483750353311696,0.0,0.0,0.0,-0.0077429685424623695,0.0,0.0,0.03611183797459416,0.027701675554915095,0.03611183797459416,0.0,0.0,0.0,0.0,0.0,-0.025436669724848038
2022-01-02 00:00:00+00:00,-8.381921567490735e-06,0.0010692431490686438,-0.0022287212666328715,-0.009418989543447776,-0.004043081899949286,0.0,0.0,-0.005521018549706103,0.0,0.0,-0.002816693034497386,0.003715645134951151,-0.002816693034497386,0.0,0.0,0.0,0.0,0.0,-0.00024837549000122916
2022-01-03 00:00:00+00:00,-0.0032055859514189544,0.009772447374881699,0.004663925633793697,-0.003106994754566772,-0.008395888450690503,0.0,0.0,-0.0007958563167638211,0.0,0.0,-0.023028893866020694,-0.017175436447751657,-0.01746914789951548,0.0,0.0,0.0,0.0,0.0,0.017047549932294848
2022-01-04 00:00:00+00:00,-0.0013522859052811365,0.00232974631420535,0.00016824364598022612,0.0010146209483821167,-0.0007000000000000339,0.0,0.0,0.0,0.0,0.0,-0.007351650052125458,-0.004032586711560704,-0.0038758250260627625,0.0,0.0,0.0,0.0,0.0,0.0028566347870206954
2022-01-05 00:00:00+00:00,-0.004627685856801955,0.03995774172513,0.009187351085545803,0.0004037194539798783,0.0,0.0,0.0,0.0178525832121903,0.0,0.0,-0.06638535668665502,-0.059337488773951064,-0.016796339171663788,0.0,0.0005077908207138382,0.0,0.009095642006065052,0.0,0.04874567693484666
2022-01-06 00:00:00+00:00,-0.001532983187371384,0.013574808863958232,0.0062926218083856345,0.00227438777292166,0.0,0.0,0.0,0.022743707381218004,0.0,0.0,-0.0007845866666666979,-0.0007768799999999798,-0.00019614666666667446,0.0063656012479975654,0.0011191436030975055,0.0,0.0026201311608662348,0.0,0.024087856704977595
2022-01-07 00:00:00+00:00,0.0,0.045209317378861025,0.018911862513494748,0.007646146234217666,0.0,0.0,0.0,0.06340477077999074,0.0,0.0,0.0,0.0,0.0,-0.022435488821598626,-0.006231670553401791,0.0,0.009779400232779567,0.0,0.06316960222192991
2022-01-08 00:00:00+00:00,0.0,-0.0005720049614631462,-0.012825769369986584,-0.007529544572972724,0.0,0.0,0.0,-0.005408053161222615,0.0,0.0,0.0,0.0,0.0,0.016839693252390875,0.019665280648109018,0.0,0.0,0.0,-0.002507135553374451
2022-01-09 00:00:00+00:00,0.0,-0.006194949001521621,0.004541391811986095,0.0031634884213314063,0.0,0.0,0.0,-0.006956241094640214,0.0,0.0,0.0,0.0,0.0,0.0018726013167849054,0.0,0.0,0.0,0.0,-0.005430707568058302
2022-01-10 00:00:00+00:00,0.0,0.012627833915178854,0.011464819847817553,0.006822610232045667,0.0,0.0,0.0,0.01829142746943857,0.0,-0.007663461253785475,0.0,0.0,0.0,0.0,-0.0016231892368911982,0.0,0.0,0.0,0.01962909583267325
2022-01-11 00:00:00+00:00,0.0,-0.026174788597541188,-0.003626374050920922,0.0008559083659676059,0.0,0.0,0.0,-0.034759557678881836,0.0,0.016639922868412427,0.0,0.0,0.0,0.0,0.0,0.0,0.0,0.0,-0.034554590267516616
2022-01-12 00:00:00+00:00,0.0,-0.03432690167208641,-0.017659758160320838,-0.006349772615087401,0.0,0.0,0.0,-0.03926870152825057,0.0,0.013705132149771426,0.0,0.0,0.0,0.0,0.0,0.0,0.0,0.0,-0.04985105585819016
2022-01-13 00:00:00+00:00,0.0,0.02632852589885637,0.0017784058670866632,4.971760651684143e-05,0.0,0.0,0.0,0.0,0.0,-0.012967899123121684,0.0,0.0,0.0,0.0010885796950101945,0.0,0.0,0.0,0.0,0.034983196268573824
2022-01-14 00:00:00+00:00,0.0,-0.009499645410725899,0.004006344299987141,0.003693433735381779,0.0,0.0,0.0,0.0,0.0,0.0064005817098109485,0.0,0.0,0.0,7.955354336486309e-05,0.0,0.0,0.0,0.0,-0.0106429416860494
2022-01-15 00:00:00+00:00,0.0,-0.0038146716924487567,-0.0030168641366432603,-0.0017568603107763758,0.0,0.0,0.0,0.0,0.0,-1.619142109343663e-05,0.0,0.0,0.0,0.0,0.0,0.0,0.0,0.0,-0.005114329005875717
2022-01-16 00:00:00+00:00,0.0,-0.002575588329472578,-0.0008239383296355651,-0.0005338386032105458,0.0,0.0,0.0,0.0,0.0,-8.845982030181165e-05,0.0,0.0,0.0,0.0,0.0,0.0,0.0,0.0,-0.002683743069988198
2022-01-17 00:00:00+00:00,0.0,0.03027084768145083,0.011647811025962795,0.003789760710018575,0.0,0.0,0.0,0.0,0.0,-0.003523380435040191,0.0,0.0,0.0,0.0,0.0,0.0,0.0,0.0,0.039105047878871035
2022-01-18 00:00:00+00:00,0.0,0.0015030393755286475,-0.002232173262158188,-0.0007864678342820453,0.0,0.0,0.0,0.0,0.0,0.0,0.0,0.0,0.0,0.00017665863967786244,0.0,0.0,0.0,0.0,0.0006103457593316097
2022-01-19 00:00:00+00:00,0.0,0.020511532263630894,0.008844517616996672,0.0027686109762141697,0.0,0.0,0.0,0.0,0.0,0.0,0.0,0.0,0.0,0.0019733253012925722,0.0,0.0,0.0,0.0,0.027862670248442134
2022-01-20 00:00:00+00:00,0.0,0.02313886757745154,0.011146909107684122,0.0029451587361437603,0.0,0.0,0.0,0.0,0.0,0.0,0.0,0.0,0.0,0.0,0.0,0.0,-0.057141167748076205,0.0,0.03632963113634724
2022-01-21 00:00:00+00:00,0.0,0.10426675544479402,0.005143522098708386,-0.01323485683872494,0.0,0.0,0.0,0.09242850294684235,0.0,0.0,0.0,0.0,0.0,-0.007920150575959517,-0.0016182283906311934,0.0,-0.0005333333333333856,0.0,0.1228583761057278
2022-01-22 00:00:00+00:00,0.0,0.06327154947071545,0.040029337815625565,0.02022380734235285,0.0,0.0,0.0,0.08947727777324577,0.0,0.0,0.0,0.0,0.0,-0.03698416618697686,-0.032847123936706635,0.0,0.0,0.0,0.06521329066876391
2022-01-23 00:00:00+00:00,0.0,-0.03942657550859885,-0.007187118097382705,0.0013778402526232192,0.0,0.0,0.0,-0.05091704663087493,0.0,0.01973804056466566,0.0,0.0,0.0,0.04808006240973128,0.029478448608312835,0.0,0.0,0.0,-0.029706734095673926
2022-01-24 00:00:00+00:00,0.0,0.017614235760692765,0.02987526543049812,0.01783933830140727,0.0,0.0,0.0,0.0288543496641962,0.0,0.002689591568714844,0.0,0.0,0.0,0.042333804286738275,0.018471725824804608,0.0,0.0,0.0,0.022272105180245028
2022-01-25 00:00:00+00:00,0.0,-0.010726864280222292,-0.0073811642263356125,-0.0027758856465719406,0.0,0.0,0.0,-0.016054755323657854,0.0,0.01278129737371203,0.0,0.0,0.0,0.004399923337667921,0.00997213591923285,0.0,0.0,0.0,-0.012528922621786398
2022-01-26 00:00:00+00:00,0.0,0.0040681830433311195,0.007459165819057478,0.003393741382264448,0.0,0.0,0.0,-0.022725639163188927,0.0,-0.007612211786094392,0.0,0.0,0.0,-0.014252184789464994,0.0014841223210688703,0.0,0.0,0.0,0.010073914167548548
2022-01-27 00:00:00+00:00,0.0,0.005650245716580349,0.012463800583920381,0.008163870393984363,0.0,0.0,0.0,0.008209917491548202,0.0,-0.010093581753656045,0.0,0.0,-0.0030357423146289975,-0.0004516667780887218,-0.0013498002546116217,0.0,0.0,0.0,0.006086670072316114
2022-01-28 00:00:00+00:00,0.0,-0.020764662534562328,-0.0020322262767950017,0.001329316053866103,0.0,0.0,0.0,-0.007613140301397592,0.0,0.028908327981902904,0.028029497734351816,0.031821656700487866,0.014203461367175985,0.00034488743897909124,0.0,0.0,0.0,0.0,-0.012116760257924852
2022-01-29 00:00:00+00:00,0.0,-0.017689138768821056,-0.01347234610747916,-0.005129505233266496,0.0,0.0,0.0,-0.017628319692845063,0.0,0.02904410808567448,0.028879687050281655,0.017097690539821908,0.021486011954378048,0.0,0.0,0.0,0.0,0.0,-0.02149010727332179
2022-01-30 00:00:00+00:00,0.0,0.006610111094522919,0.0075166936694193165,0.0025871111406394753,0.0,0.0,0.0,0.00974124363194706,0.0,-0.010671108924924622,-0.012508501568688657,-0.0036921070782619525,-0.012690036568688723,0.0,0.0,0.0,0.0,0.0,0.012577500030275468
2022-01-31 00:00:00+00:00,0.0,-0.024044804490154115,-0.01769417350804503,-0.006514947181133546,0.0,0.0,0.0,-0.019108483564476808,0.0,0.010524504250171596,0.038642648223465415,0.023889191040651347,0.038642648223465415,0.0010106465455494984,0.004766633075954152,0.0,0.001420808758220815,0.0,-0.027738868218017743
2022-02-01 00:00:00+00:00,0.0,-0.026752436390868994,-0.03304790162011462,-0.015155636743400036,0.0,0.0,0.0,0.0,0.0,0.039765533222159366,0.04987462684765709,0.022078425512764177,0.04987462684765709,0.0005421266543199632,0.002835879102318195,0.0,0.012557844792998374,0.0,-0.03726345139151366
2022-02-02 00:00:00+00:00,0.0,0.034045589208628435,0.009134846159174037,-0.004149682997601878,0.0,0.0,0.0,0.0,0.0,-0.05248312319792592,-0.05291216712074176,-0.042499380283204546,-0.05291216712074176,-0.0059964215171735,0.0048156565971644305,0.0,-0.012847694483950067,0.0,0.04002364770470357
2022-02-03 00:00:00+00:00,0.0,-0.0056067252369088605,0.003867849838577575,0.003722752654455652,0.0,0.0,0.0,0.0,0.0,0.00089013495369894,0.0054591610872603,0.00859285962313261,0.003961964148778696,0.0013901647494865,0.005280286492357789,0.0,0.002361783320345756,0.0,-0.003329025848921474
2022-02-04 00:00:00+00:00,0.0037268173355982093,-0.062100576533446805,0.002559116844061071,0.021396659048889433,0.0,0.0,0.0,0.0,0.0,0.07161711464627118,0.11058616048444758,0.11257260653657886,0.05513662690889043,-0.002024394976152033,0.0017070059042927355,0.0,0.03603713715531587,0.0,-0.0736346290975175
2022-02-05 00:00:00+00:00,-7.060560444061004e-05,-0.0018443731552144627,-0.004671280109184162,-0.0032260584302383766,0.0,0.0,0.0,0.0,0.0,0.0051852797093017156,0.0036001152304963036,0.000640284974386951,0.0007046571409574653,-0.004234617274987862,-0.00014334878921562488,0.0,0.001958403403937048,0.0,-0.0016752370526258442
2022-02-06 00:00:00+00:00,0.0030270378993701996,-0.006849058401748542,0.0034099066790160837,0.0054583862401063055,0.0,0.0,0.0,0.0,0.0,0.0037602125294420308,-0.0007773166666666942,-0.0008000000000000229,-0.00019432916666661804,2.0727571469203454e-05,0.0,0.0,0.00464208129546595,0.0,-0.012288061192477384
2022-02-07 00:00:00+00:00,0.0060230977537421015,-0.008040188959753336,0.004987428831905616,0.007940725543895244,0.0,0.0,0.0,-2.369619554365432e-05,-2.369619554365432e-05,0.011073287098765316,0.0,0.0,0.0,0.0,0.000536011925530655,0.0,0.009157392998855096,0.0,-0.018144799943016765
2022-02-08 00:00:00+00:00,-0.0022963844183130355,0.004200415501951937,0.012910969015980323,0.007862585272242262,0.0,0.0,0.0,0.0015218496023348127,0.0015218496023348127,-0.011545450883933661,0.0,0.0,0.0,0.0,0.0,0.0,-0.00241854323050239,0.0,0.010196830393848222
2022-02-09 00:00:00+00:00,0.004429257423714139,-0.0048693804139197105,0.0008913867904500883,0.0015897766253070156,0.0,0.0,0.0,0.0025429913151686634,0.0025429913151686634,0.001700796341453037,0.0,0.0,0.0,0.0,0.0,0.0,0.013565360553475792,0.0,-0.004077003482993002
2022-02-10 00:00:00+00:00,-0.01250444250197591,0.01200365651520885,0.01601576852613351,0.006085208393038721,0.0,0.0,0.0,-0.006646919683702568,-0.006646919683702568,-0.022995414552375415,0.0,0.0,0.0,0.0,0.0,0.0,0.008188041647527289,0.0,0.029464854002400287
2022-02-11 00:00:00+00:00,-0.01298554250407602,0.014278511152622242,0.021811943801584466,0.00842496951429439,0.0,0.0,0.0,-0.008453120330351394,-0.008453120330351394,-0.03054894516802842,0.0,0.0,0.0,0.0006525320813219881,0.00205935165700577,0.0,0.030827816777820205,0.0,0.038702837624742914
2022-02-12 00:00:00+00:00,-0.0020902337214194766,0.0006921964809059045,0.0005231547180004625,-0.0003271540369370607,0.0,0.0,0.0,-0.0013661723888905852,-0.0013661723888905852,-0.0016610109881037838,0.0,0.0,0.0,0.012620616268834706,0.010331362034053049,0.0,0.001390335948703747,0.0,0.0033370438304702876
2022-02-13 00:00:00+00:00,-0.0029045851857213423,0.005232764918710275,0.009196302908317744,0.001994008182968132,0.0,0.0,0.0,-0.001749015043381874,-0.001749015043381874,-0.010494891210491963,0.0,0.0,0.0,0.00027248503137533575,0.00010180323599540131,0.0,0.010458583676201672,0.0,0.011856353578957757
2022-02-14 00:00:00+00:00,0.004051659132379148,-0.006473250493938432,-0.009085516521036174,-0.0038457047306297287,0.0,0.0,0.0,0.0,0.0,0.013033576041060035,0.0,0.0,0.0,0.0021387717214413904,0.0,0.0,-0.013197219901566748,0.0,-0.016633999137978805
2022-02-15 00:00:00+00:00,0.01948094026123348,-0.014890900370656657,-0.01581736731638106,0.005156920274677068,0.0,0.0,0.0,0.0,0.0,0.03103385873083897,0.0,0.0,0.0,0.0,-0.0013571121198143743,0.0,-0.030560241113807618,0.0,-0.047191509979869095
2022-02-16 00:00:00+00:00,-0.007279397186068626,0.0028775402663754335,0.006524031215542125,0.0021270391293108926,0.0,0.0,0.0,0.0,0.0,-0.007119319837954996,0.0,0.0,0.0,0.007039005293611789,0.0,0.0,0.010981544077582672,0.0,0.01673832130358055
2022-02-17 00:00:00+00:00,-0.024812953339353183,0.007401930102775678,0.0016058826979967744,-0.0043314433012309195,0.0,0.0,0.0,0.0,0.0,0.0,0.0,0.0,0.0,0.0,0.0,0.0,0.028332097347993024,0.0,0.05301333901434324
2022-02-18 00:00:00+00:00,-0.003193094297988086,0.01165732091629712,0.008779529085664928,-0.0029596398340333563,0.0,0.0,0.0,0.0,0.0,0.0,0.0,0.0,0.0,-0.0012561736727422224,0.0,0.0,0.013097562370687044,0.0,0.017394607815251373
2022-02-19 00:00:00+00:00,4.1891155207363084e-05,-0.0018052327995520256,-0.00463493950689009,-0.006112314603890168,0.0,0.0,0.0,0.0,0.0,0.0,0.0,0.0,0.0,0.002762912428527553,0.001561038001313797,0.0,-0.005628375052917134,0.0,-0.005941654059501977
2022-02-20 00:00:00+00:00,-0.0023642402021717412,0.01772974587335696,-0.011725965891513979,-0.015290839036121162,0.0,0.0,0.0,-0.00606725621223847,0.0,0.0,0.0,0.0,0.0,-0.006922403077666117,-0.0055676598169985825,0.0,0.014366541520167697,0.0,0.016329406256810897
2022-02-21 00:00:00+00:00,-0.0027834136432891565,0.02087025527721864,0.016444350962728782,0.0025563937000878667,0.0,0.0,0.0,0.04337345929212488,0.0,0.0,0.0,0.0,0.0,0.0027361193050023935,0.0028263433674324823,0.0,0.0,0.0,0.040438985508638225
2022-02-22 00:00:00+00:00,0.0003236483420623326,-0.019443698482177307,-0.003049132687057199,0.002789756472575622,0.0,0.0,0.0,-0.03416237578013015,0.0,0.019217769788170358,0.0,0.0,0.0,0.007684801603367486,-0.00018140720968873314,0.0,-0.011190753106979257,0.0,-0.02518170463710734
2022-02-23 00:00:00+00:00,-0.0019290676760852499,0.012860201716456077,-0.0016241457879326848,-0.004455841828951312,0.0,0.0,0.0,0.020991190914544378,0.0,-0.01997576842187232,0.0,0.0,0.0,0.011846505281873254,0.0,0.0,0.008395109866125905,0.0,0.015422960555904197
2022-02-24 00:00:00+00:00,-4.037833333336849e-05,-0.024860172595618346,-0.009080934487796788,-0.00183116305572395,0.0,0.0,0.0,-0.039735547669356275,0.0,0.03019889217071836,0.0,0.0,0.007579553041360043,-0.019871914991423156,-0.003002680880901054,0.0,-0.01105785576515883,0.0,-0.02869510199155967
2022-02-25 00:00:00+00:00,0.0,-0.04277491606863615,-0.004751029163172604,4.3011159448491654e-05,0.0,0.0,0.0,-0.06447080858844223,0.0,0.04618326596671163,0.04136242419513847,0.04369973544202499,0.02083121209756933,-0.013194769262297124,-0.0010776854570195837,0.0,-0.0052689169539951175,0.0,-0.020107505304404416
2022-02-26 00:00:00+00:00,-0.00032060279142631654,-0.0008882962781375792,0.007890187663616821,0.004475473948782449,0.0,0.0,0.0,0.0,0.0,-0.0009755804681026436,-0.008560621874102226,0.00048220861025138895,-0.006582786405576746,-0.000905741245909697,0.0,0.0,0.0,0.0,0.009874000898256297
2022-02-27 00:00:00+00:00,-0.0021849527193823493,0.02032238333782721,0.0049269123458461905,-0.0016519238795360547,0.0,0.0,0.0,0.0,0.0,0.002892955444091516,-0.048831476668846685,-0.04757213535467242,-0.04899189000218007,0.0010320342183829379,0.0,0.0,0.0,0.0,0.029306527185617437
2022-02-28 00:00:00+00:00,0.004176808951337874,-0.05289734129818813,-0.006105161905469503,0.014731668549263333,0.0,0.0,0.0,0.0,0.0,0.05947988599664478,0.14217605069092487,0.13115727687897216,0.14217605069092487,0.0021738843157907972,0.002369927685781148,0.0,0.0,0.0,-0.10337057030441721
2022-03-01 00:00:00+00:00,0.0046014298595900005,-0.001317587785928942,0.012965343257682393,0.01186361294768945,0.0,0.0,0.0,0.007661371017198659,0.0,0.007455208568898808,0.012248682808887024,0.023592287413491064,0.012248682808887024,0.0077405508102457166,0.0009408745023486986,0.0,0.0,0.0,-0.006006325657468281
2022-03-02 00:00:00+00:00,-0.004068235047376967,-0.007735010273655751,-0.010775100521675962,-0.008668735348037915,0.0,0.0,0.0,0.0,0.0,-0.007036089832909487,-0.0002317512448116732,-0.010693519778686933,-0.0002317512448116732,-0.004026310638270858,0.00013185923160574653,0.0,0.0,0.0,-0.0030194233602833798
2022-03-03 00:00:00+00:00,-0.01115797985229905,0.00593903182383837,0.006009673121461168,0.0010355496627960648,0.0,0.0,0.0,0.0,0.0,-0.010804416156029228,-0.04107581936823279,-0.036086295599826235,-0.031006864526174627,0.002034305343056486,0.0010258580643787152,0.0,0.0,0.0,0.028026904815236175
2022-03-04 00:00:00+00:00,-0.01748024247283586,0.01948336597325606,-0.0006499772997590192,-0.007144765444034862,0.0,0.0,0.0,0.0,0.0,0.0,-0.07685030583297803,-0.07697284752523359,-0.03862515291648905,-0.009313352521276852,-0.00010064829393652275,0.0,0.0,0.0,0.05172012559873718
2022-03-05 00:00:00+00:00,0.0007723216649699882,-0.005943793617792181,-0.0029004495546820497,-0.0034703914053493268,0.0,0.0,0.0,0.0,0.0,0.0,0.012445423538145928,0.011265575670309502,0.002915362551203282,0.0027164624978799345,0.0021762060604204603,0.0,0.0,0.0,-0.00696962996119721
2022-03-06 00:00:00+00:00,-0.0026466988159602467,0.019611760035744163,0.010596067471197124,-0.0017725266678809692,0.0,0.0,0.0,0.0,0.0,0.0,-0.0006946199999999791,-0.0006762000000000157,-0.00017365499999999479,0.0,0.0,0.0,0.0,0.0,0.027119459640509325
2022-03-07 00:00:00+00:00,-0.0026628836600387507,0.007762460710225794,0.007727253392827427,0.002924728857088388,0.0,0.0,0.0,0.0,0.0,0.0,0.0,0.0,0.0,0.0,0.0,0.0,0.0,0.0,0.015241839203095076
2022-03-08 00:00:00+00:00,0.001454334191170803,-0.010894404029524019,0.0039359340631546225,0.004202095366059311,0.0,0.0,0.0,0.0,0.0,0.0,0.0,0.0,0.0,0.0,0.0,0.0,-0.0005772478563523809,0.0,-0.009011958199085512
2022-03-09 00:00:00+00:00,0.004102669765814193,-0.035764511469720484,0.0042653854268990266,0.010617811758728113,0.0,0.0,0.0,0.0,0.0,0.0,0.0,0.0,0.0,0.000178571081342227,0.005109602728271767,0.0,0.019379484124858237,0.0,-0.05117667697705097
2022-03-10 00:00:00+00:00,-0.009232153891132189,0.0177402776381268,-0.0003155226542279621,-0.005313491292341599,0.0,0.0,0.0,0.0,0.0,0.0,0.0,0.0,0.0,-0.005349771087342359,0.0,0.0,-0.014902986310166622,0.0,0.040001695506773904
2022-03-11 00:00:00+00:00,-0.0030835184257695936,0.006798885214216455,0.0029545382581910307,0.0008868747443768754,0.0,0.0,0.0,0.0,0.0,-0.010030323932568863,0.0,0.0,0.0,0.001608381618880328,0.001339435330308003,0.0,-0.006164138105967276,0.0,0.014606751348184233
2022-03-12 00:00:00+00:00,-0.0002119650412826246,-0.0030529895838448118,-0.0022387526099370003,-0.001551986563295471,0.0,0.0,0.0,0.0,0.0,0.0007004199362883323,0.0,0.0,0.0,0.0,0.0,0.0,0.0014736864603097644,0.0,-0.0036142136334492703
2022-03-13 00:00:00+00:00,-0.001281529706574358,0.013290121931113896,0.00211422738503253,-0.0003588734980860542,0.0,0.0,0.0,0.0,0.0,0.00026149371627481877,0.0,0.0,0.0,0.0,0.0,0.0,-0.007016680575582135,0.0,0.02008048388447703
2022-03-14 00:00:00+00:00,0.00224792355995751,-0.018499545910638626,0.006404680585784472,0.00839820187558149,0.0,0.0,0.0,0.0,0.0,0.006340173822840578,0.0,0.0,0.0,0.0,0.0,0.0,0.009970186517906932,0.0,-0.02738753095012947
2022-03-15 00:00:00+00:00,-0.002062322172233899,-0.006866425006461951,-0.009939653019266914,-0.00875472336966665,0.0,0.0,0.0,0.0,0.0,-0.0031418724398649678,0.0,0.0,0.0,0.0,0.0,0.0,0.003833382868402513,0.0,-0.003410482482088084
2022-03-16 00:00:00+00:00,0.0055158428451571595,-0.022324038456144835,-0.004129769675419226,-0.000661633161812003,0.0,0.0,0.0,0.0,0.0,0.013137205743926073,0.0,0.0,0.0,0.0,-0.002747287940664256,0.004762393627920858,0.02426247083854083,0.004762393627920858,-0.035108437093464895
2022-03-17 00:00:00+00:00,0.0004706618276917318,-0.001336517070996024,-0.0020658430192002086,-0.002018980077948429,0.0,0.0,0.0,0.0,0.0,0.0,0.0,0.0,0.0,0.001812118095522619,0.0,-0.0017820694457730824,0.0026789804058642286,-0.0017820694457730824,0.0015059357278897068
2022-03-18 00:00:00+00:00,0.004670916132346381,-0.011840149991229731,-0.0003777695101560008,0.008573440043770697,0.0,0.0,0.0,-0.0032642598007637247,-0.0032642598007637247,0.0,0.0,0.0,0.0,0.005378954409664738,0.001913528938241038,0.006954606005756814,0.02482365899067207,-0.0035056701689840652,-2.223048984406617e-05
2022-03-19 00:00:00+00:00,0.00280556262505538,-0.0035258471084415044,-0.005982947325527621,-0.005147036719684084,0.0,0.0,0.0,-0.005055929617478028,-0.005055929617478028,0.0,0.0,0.0,0.0,0.0003341344005289848,0.0,0.0033812887710018558,0.0033812887710018558,0.0,0.00598294732552751
2022-03-20 00:00:00+00:00,-0.011149843664755466,0.004690673516288157,0.006177851919249688,0.004070769250124284,0.0,0.0,0.0,-0.023882779354253092,-0.023882779354253092,0.0,0.0,0.0,0.0,-0.0005825437808951728,0.0,-0.007465693415160346,-0.007465693415160346,0.0,-0.006177851919249688
2022-03-21 00:00:00+00:00,-0.0005381725506273805,-0.0014565776351433968,0.0029404529882517405,-0.002130626131547686,0.0,0.0,0.0,0.0031457807650072667,0.0031457807650072667,0.0,0.0,0.0,0.0,0.0,0.0,-0.0022673431905507746,-0.0022673431905507746,0.0,0.002102392101959616
2022-03-22 00:00:00+00:00,0.0078039226594586175,-0.004786085506913729,0.002047493407448142,0.0028184460146671864,0.0,0.0,0.0,0.01622186952192206,0.01622186952192206,0.0,0.0,0.0,0.0,0.0,0.0,0.01105927329932399,0.01105927329932399,-0.005137066029924697,-0.004011398300831748
2022-03-23 00:00:00+00:00,0.007654033094404378,-0.005337082658248282,-0.008599667558901292,-0.005386418845167329,0.0,0.0,0.0,0.02371624445196785,0.02371624445196785,0.0,0.0,0.0,0.0,0.0,-0.0019738526308633597,0.0010038925615438732,0.0010038925615438732,0.0010038925615438732,0.019374334133905213
2022-03-24 00:00:00+00:00,0.019732135718846022,3.48454161613887e-05,-0.018124047718580227,-0.013761872208078785,0.0,0.0,0.0,0.03381628381360868,0.03381628381360868,0.0,0.0,0.0,0.0,0.0008948180666021877,0.0013499221191388688,0.03454875921990075,0.03454875921990075,0.024179122516504892,0.042466236481517594
2022-03-25 00:00:00+00:00,-0.004218364302639777,0.002153636289762284,0.011368514938661978,-0.0036870866546838688,-0.02275781717885028,0.0,0.0007105242688427715,-0.011065392127674212,-0.011065392127674212,0.0,0.0,0.0,0.0,0.0005269243209649055,0.0009942791403152462,-0.01399132673038761,-0.009988596614690204,-0.0023624213004727057,-0.011040365164674215
2022-03-26 00:00:00+00:00,0.008021555502288447,-0.0003744090446691217,-0.006045223869138638,-0.004331820616406912,-0.0007013049999999854,0.0,0.003926980439871608,0.016413897242358644,0.016413897242358644,0.0,0.0,0.0,0.0,0.004657273222797853,-0.00012911451896069348,0.016413897242358644,0.011952050985046148,0.0018998671178784843,0.016381794316701725
2022-03-27 00:00:00+00:00,0.03329539608468712,0.016071460830477058,-0.0011011027809386675,-0.0013566482941436142,-0.0010749082914398578,0.0,0.0,0.05071426920238009,0.05071426920238009,0.0,0.0,0.0,0.012496496653758182,0.0,0.004578876664309339,0.05071426920238009,0.034573525398349014,0.0,0.05065490994836619
2022-03-28 00:00:00+00:00,0.0020911291219685157,0.002250814334701312,0.0012766504792562916,0.0018760704879619006,-0.00884011155550457,0.0,0.0,0.0021171015057119824,0.0021171015057119824,0.0,0.0013765266153533684,0.008172167891984605,0.0008433591410099694,-0.0019320208295268149,0.0029584444732915216,0.0056665432318894204,0.0018431206691535973,0.0018894290668605151,0.0019969099486867314
2022-03-29 00:00:00+00:00,0.020490590198327663,0.011741298560647984,0.004443038187876391,0.0045575300513469585,-0.0007000000000000339,0.0,0.02317541531218148,0.026671650299068927,0.026671650299068927,0.0,0.026723528071144864,0.012665066059238006,0.01989264605335883,0.007534655965402592,0.0025465759684220046,0.014641414906733319,0.0020302689058047108,0.001827214693892243,0.026723528071144864
2022-03-30 00:00:00+00:00,0.016747300509629914,0.006100050829338288,0.001204491029652477,0.02527743845833652,0.04483453291088302,0.0,0.0,0.023779984604352267,0.023779984604352267,0.0,0.02355499310281961,-0.00619911665627626,0.023404993102819516,-0.0020025381728154823,-0.0038997930010197246,-0.0079022845135992,-0.0079022845135992,-0.005240468123360653,0.02355499310281961
2022-03-31 00:00:00+00:00,0.0016707690359083482,-0.00791893971812696,0.0007531584014590642,0.015148655893231666,0.02467366553100403,0.0,-0.0007523921602557992,0.00937697576688934,0.00937697576688934,0.0,-0.01597973051769963,-0.03205226167097275,-0.01597973051769963,0.0068030432987804534,-0.00039366397434670297,0.020070155197108086,0.020070155197108086,0.031594677131299376,-0.01597973051769963
2022-04-01 00:00:00+00:00,0.022947808872065822,0.019796086435244886,0.011983636424106603,0.018849898868790183,0.0391678807307172,0.0,-0.01049462627310993,0.010263790057847721,0.010263790057847721,0.0,0.054535090525112295,0.03441498825002087,0.054535090525112295,2.7280781055294412e-05,0.000333269797966107,0.0056233056205816645,0.0056233056205816645,0.0,0.054535090525112295
2022-04-02 00:00:00+00:00,-0.004689681111118116,-0.004184837575878286,0.002326775600359543,-0.0002832971631819836,-0.0025348354917347216,0.0,0.0,-0.0011705889166968575,-0.0011705889166968575,0.0,-0.009906013431052796,-0.007052735303049951,-0.009906013431052796,0.0002774555651663402,0.0024828146534223716,-0.003510323106879043,-0.003510323106879043,0.0,-0.009906013431052796
2022-04-03 00:00:00+00:00,0.019996684691067523,0.014063062640420343,0.003144182398901796,0.0037931868001659375,0.010056214017867049,0.0,0.0,0.018455780315920656,0.018455780315920656,0.0,0.022650964604212565,0.017518913125085245,0.016788223453159334,0.0028814035457926934,-0.0037702945555714296,0.011515658805028695,0.011515658805028695,0.012575217606004996,0.022650964604212565
2022-04-04 00:00:00+00:00,-0.007723722122780385,-0.0031125698396283763,-0.013414285308853802,-0.009383570955396991,-0.019421427963280724,0.0,0.0,-0.011819998706743662,-0.011819998706743662,0.0,-0.010672780307862006,0.001529592598044749,-0.005536390153931037,-0.004378054683980115,0.0,0.00130533028367541,0.00130533028367541,0.0,-0.010672780307862006
2022-04-05 00:00:00+00:00,-0.02889300625955571,-0.021213641889539003,-0.005401059793277763,-0.0010888173139859125,-0.0081015896899167,0.0,0.0,-0.024266280239705007,-0.024266280239705007,0.0,-0.0322791177089522,-0.02832317660127548,-0.008269779427238055,-0.0008710329955747831,0.0,-0.007993438498623107,-0.007993438498623107,0.0,-0.0322791177089522
2022-04-06 00:00:00+00:00,-0.06597549676565195,-0.04758515014153086,-0.01975165120751854,-0.008401053054567287,-0.029627476811277753,0.0,0.0,-0.03494327882787107,-0.03494327882787107,0.0,-0.0007978933333333549,-0.0007968400000000209,-0.00019947333333336648,-0.001138998899889998,-0.001708498349834997,-0.010047632499561865,0.007347525659912257,0.0,-0.07725448736757756
2022-04-07 00:00:00+00:00,0.018745194652942,0.010758156577285849,0.014419534713880466,0.0086319546227287,0.0216293020708207,0.0,0.0,0.0,0.0,0.0,0.0,0.0,0.0,0.004469177673340319,0.004410666424744081,0.0,-0.006162011478232365,0.0,0.024362065781520226
2022-04-08 00:00:00+00:00,-0.029443078808561562,-0.019058598986361308,-0.01503391259549447,-0.0062384144496255844,-0.02255086889324176,0.0,0.0,0.0,0.0,-0.007831676130618526,0.0,0.0,0.0,-0.001688571959494345,-0.0005486625328143813,0.0,0.0033495130266070205,0.0,-0.03691332804894232
2022-04-09 00:00:00+00:00,0.015682557718672774,0.010214290407878579,0.0055363243610642154,0.001341192118728074,0.008304486541596434,0.0,0.0,0.0,0.0,0.016195645677204773,0.0,0.0,0.0,-0.0005894925013590901,-0.0008848825027865104,0.0,-0.006760684782525117,0.0,0.02003606820159365
2022-04-10 00:00:00+00:00,-0.014094690648198682,-0.011790737780786542,-0.0008402818213449903,0.0017977712046364225,-0.00126042273201743,0.0,0.0,0.0,0.0,-0.006398640439640002,0.0,0.0,0.0,0.0,0.0,0.0,0.005816794584892593,0.0,-0.016083102209625944
2022-04-11 00:00:00+00:00,-0.0540836817736815,-0.028797798005301023,-0.0134727518043124,0.0031017780796644967,-0.020209127706468544,0.0,-0.022131091013387616,0.02022559562948456,0.0,-0.03504184066561156,0.0,0.0,0.0,0.0,0.0,0.0,0.023823741926685127,0.0,-0.07844775194043363
2022-04-12 00:00:00+00:00,0.010887398994307684,0.00011145922563304822,0.007136239859022675,0.0015018673190052567,0.010704359788534124,0.0,-0.00045976000000003125,-0.010641851981289197,0.0,0.012226432942303411,0.0,0.0,0.0,-0.0013457428710533792,0.0015738232051274448,0.0,-0.005599099397701313,0.0,0.022069392709459068
2022-04-13 00:00:00+00:00,0.010188285153051257,-0.0012342339121176327,-0.003286159919838605,-0.005973705986208722,-0.004929239879757907,0.0,0.0,-0.019102859631999203,0.0,0.018952247267951305,0.0,0.0,0.0,0.0012209356127057536,-5.6923333333291914e-05,0.0,-0.010012823505140322,0.0,0.024511682768787235
2022-04-14 00:00:00+00:00,-0.01759119347047,-0.004317514525658983,-0.0034698974074760525,0.003175534526794088,-0.005204846111214079,0.0,0.0,0.020377804125609522,0.0,-0.020250034552842244,0.0,0.0,0.0,0.0,0.0,0.0,0.010419405431371098,0.0,-0.03357722012372466
2022-04-15 00:00:00+00:00,0.003286496330754174,-0.0018393627502644172,-0.0030774117404146484,-0.004110778374346036,-0.004616117610621973,0.0,0.0,-0.007340757017786359,0.0,0.007353230770339003,0.0,0.0,0.0,0.0,0.0,0.0,-0.0022049909718858673,0.0,0.009448052323116629
2022-04-16 00:00:00+00:00,0.0018349359644709295,0.0009643797632585827,0.0035823255949314348,0.002482460248292462,0.005373488392397041,0.0,0.0,-0.0007672327783868615,0.0,0.0007033210305136262,0.0,0.0,0.0,0.0,0.0,0.0,-0.0021593296672612894,0.0,0.002840488416458564
2022-04-17 00:00:00+00:00,-0.010501767792479466,-0.001838933219523553,-0.0004163179594504074,0.0028287295660864853,-0.0006244769391755556,0.0,0.0,0.013750951709733839,0.0,-0.008156939555317155,0.0,0.0,0.0,0.0,0.0,0.0,-0.008328634580480165,0.0,-0.02015324157324161
2022-04-18 00:00:00+00:00,-0.0010881940757964115,-0.01836559355456624,-0.0008640834501756345,-0.00598008437994102,-0.0031733892289725896,0.0,0.0,-0.03829673172666559,0.0,0.00860161700152351,0.0,0.0,0.0,0.0,0.0,0.0,-0.00835390781336487,0.0,0.024834867577751663
2022-04-19 00:00:00+00:00,0.009999788122831754,-0.0047095464885291705,-0.014792482270457152,0.004271587181606584,0.021344974134323236,0.0,0.0,-0.025383614855515102,0.0,0.0106202309118959,0.0,0.0,0.0,0.0001550427305714308,0.0,0.0,-0.005091023782122561,0.0,0.03040429592114835
2022-04-20 00:00:00+00:00,-0.006661098341044114,-0.001800940061004619,0.00623561383442417,-0.0032484213020814723,-0.011820062445710877,0.0,0.0,0.0,0.0,-0.004053184036496793,0.0,0.0,0.0,0.0005695583287668171,0.0,0.0,0.0026587829579129973,0.0,-0.013293611478393808
2022-04-21 00:00:00+00:00,-0.012656041484466418,-0.0007551205826014096,0.002168428737217676,-0.0038417930144621915,-0.0076014213720372314,0.0,0.0,0.0,0.0,-0.0136283930286768,0.0,0.0,0.0,0.0,0.0,0.0,0.015799431913558593,-0.010017390693614736,-0.029174278311317137
2022-04-22 00:00:00+00:00,-0.003855128340759739,0.0012574971039025495,0.0017161778812102568,7.5450135614829605e-06,0.0035886919231287173,0.0,0.0,0.0,0.0,-0.002177100506937091,0.0,0.0,0.0,0.0,0.0,0.0,0.008290310775990406,0.0,-0.01252465659654911
2022-04-23 00:00:00+00:00,-0.0018077759880552602,0.0007645346796028019,-0.003573829575019394,-0.0027325981473341754,0.003490462438363595,0.0,0.0,0.0,0.0,-0.0037240034668321043,0.0,0.0,0.0,0.0,0.0,0.0,0.005403572096564835,0.0,-0.005201163013832888
2022-04-24 00:00:00+00:00,-0.001445024690368113,0.0016902555418969456,0.0035732940384831657,0.002642765432298688,-0.00765073331934274,0.0,0.0,0.0,0.0,-0.0009223485668895526,0.0,0.0,0.0,0.0,0.0,0.0,0.0008374648528424178,0.0,-0.005758365968634771
2022-04-25 00:00:00+00:00,-7.7457778192902e-05,-0.02336416033509703,-0.0030884817432740297,0.005303455146347558,-0.003325327614911111,0.0,0.0,-0.03293450872514725,0.0,0.018588017118385203,0.0,0.0,0.0,0.0,0.0,0.0,-0.019314689133942853,0.0,0.02443592744897627
2022-04-26 00:00:00+00:00,-0.009158436739467146,0.03206449129111877,0.0017335894401013796,-0.01039238491715766,0.0026003841601520694,0.0,0.0,0.042138404941388874,0.0,-0.04144173031390652,0.0,0.0,-0.014848465133763589,0.0,0.0,0.0,0.042138404941388874,0.0,-0.05875929386838774
2022-04-27 00:00:00+00:00,0.0018164069853612297,-0.01923166656968789,-0.0006348516961781625,0.005216571768808409,-0.0009522775442671882,0.0,0.0,-0.01928338821510822,0.0,0.019397697735877406,0.027791503037374765,0.02828831855459879,0.01410085651868731,0.0,0.0,0.0,-0.01928338821510822,0.0,0.008566278309733777
2022-04-28 00:00:00+00:00,0.0004490002999082421,-0.00831372084620019,-0.004798313077605254,0.00524754023736862,-0.007197469616407881,0.0,0.0,-0.010133205312445326,0.0,0.007892474952740258,0.009622820376245844,0.014949636963148105,0.0070300677821844015,0.0,0.0,0.0,-0.010133205312445326,0.0,0.0007134027527411213
2022-04-29 00:00:00+00:00,-0.0029996110234091766,0.023686410547347103,-0.0046407904142977685,-0.002647544855436723,-0.006961185621446653,0.0,0.0,0.019404642299486463,0.0,-0.037946578213678306,-0.03797004448836572,-0.03527934426972523,-0.03812435948836579,0.0,0.0,0.0,0.026229718227793075,0.0,-0.018350662033196796
2022-04-30 00:00:00+00:00,-0.001422379439750876,0.03225367996869899,-0.025226679369765193,0.010574601880257717,-0.037840019054647844,0.0,0.0,0.05364621175784956,0.0,-0.04192596199894705,-0.05241098259794963,-0.028355322229903,-0.05241098259794963,-0.0005663150492264402,0.0,0.0,0.008310328063645844,0.0,-0.0358494724481182
2022-05-01 00:00:00+00:00,-0.0006952106447698503,-0.02805722392642096,0.01301721330614769,-0.003341457483251098,-0.0005209499999999645,0.0,0.0,-0.03968756234866633,0.0,0.03241128556765327,0.03968436909963091,0.02908604473748322,0.03968436909963091,0.004015453166770877,0.0,0.0,-0.007378545732728559,0.0,0.02513145049597565
2022-05-02 00:00:00+00:00,-0.0009245433864638608,-0.0002719133982213018,0.010917535919791721,0.005037207338646876,0.0,0.0,0.0,0.003141481050027428,0.0,-0.004234597231455028,-0.0036112519181518143,0.00660585078084619,-0.0036112519181518143,0.0020991678948099057,0.0,0.0,-0.0006819327710727574,0.0,-0.004897272663795027
2022-05-03 00:00:00+00:00,0.0,0.01770615338924242,-0.0025501547037639627,-0.003727474672139408,0.0,0.0,0.0,0.02207932807750579,0.0,-0.014916318664894512,-0.022071797144617933,-0.023813945748948795,-0.016746588691796793,0.0,0.0,0.0,0.006979291594806369,0.0,-0.007811845510851567
2022-05-04 00:00:00+00:00,-0.0007551227444858588,-0.04688820478512534,-0.0077851682324741045,0.002464093205578166,0.0,0.0,0.0,-0.06285919449311095,0.0,0.036992171424211184,0.0630158061176962,0.05443316764892847,0.031317863058848205,0.0,0.0,0.0,0.01355558277113933,0.0,0.028321968157664967
2022-05-05 00:00:00+00:00,-0.00225325783144259,0.055363817240722035,0.007606483558477262,-0.009783159813251396,0.0,0.0,0.0,0.02671499439421754,0.0,0.0054786947356799676,-0.0782272586256082,-0.07288732092654604,-0.019749482989735334,-0.00790410233282135,0.0,0.0,-0.04588879687432901,0.0,-0.02510261962241378
2022-05-06 00:00:00+00:00,0.0,0.01570656994458508,0.0044901231356684335,0.0018848766781220938,0.0,0.0,0.0,0.0024263634806509504,0.0,0.0016644201438897888,-0.0005719033333333456,-0.000607539999999962,-0.0001429758333333364,-0.0006523870687343836,0.0,0.0,-0.006606201962169322,0.0,-0.01285346755731731
2022-05-07 00:00:00+00:00,0.0,0.01634289997127847,0.0044629166188216995,0.0024030108272459216,0.0,0.0,0.0,0.012023026731272202,0.0,-0.011532375510530879,0.0,0.0,0.0,0.0034751817018394693,0.0,0.0,-0.007110141506125767,0.0,-0.013781578427698893
2022-05-08 00:00:00+00:00,0.0,0.03245329059387947,-9.80688570527688e-05,-0.004078709524658719,0.0,0.0,0.0,0.042898901922653554,0.0,-0.01466032647232407,0.0,0.0,0.0,-0.0026216077937166737,0.002394398027149469,0.0,-0.0002662233333333708,0.0,-0.015857555116760347
2022-05-09 00:00:00+00:00,0.0,0.11485745446352258,0.01994716583300349,0.00028575128648311576,0.0,0.0,0.0,0.15261899409709345,0.0,-0.016264433466436357,0.0,0.0,0.0,-0.04662254545439748,-0.0378451952161305,0.0,0.0,0.0,-0.05821946012114254
2022-05-10 00:00:00+00:00,0.0,-0.04001851960856739,-0.008755782304753046,-0.006672296114123011,0.0,0.0,0.0,-0.053904248106391606,0.0,0.026026586998691092,0.0,0.0,0.0,0.00966191076655698,0.02262761180839834,0.0,0.0,0.0,0.006281425314180078
2022-05-11 00:00:00+00:00,0.0,0.10322571078857501,0.04235815884030858,0.01751108539725732,0.0,0.0,0.0,0.14565577507728578,0.0,-0.08241755485675784,0.0,0.0,0.0,-0.041883908339681364,-0.01823021935145408,0.0,0.0,0.0,-0.01593639351420517
2022-05-12 00:00:00+00:00,0.0,0.03613596647762796,0.01996545712671427,0.019363556321317255,0.0,0.0,0.0,0.058557376608351364,0.0,-0.030876121671270074,0.0,0.0,0.0,0.03017902603864986,-0.027157088296027254,0.0,0.0,0.0,0.00023175021263566187
2022-05-13 00:00:00+00:00,0.0,-0.032817469651476916,-0.023911393402594516,-0.013265486511580105,0.0,0.0,0.0,-0.052524995144386244,0.0,0.04391156409544039,0.0,0.0,0.0,0.07348383478438514,0.050582607852595274,0.0,0.0,0.0,-0.0029161794402176033
2022-05-14 00:00:00+00:00,0.0,-0.027827958441625777,-0.016602149395243293,-0.0025100723758715304,0.0,0.0,0.0,-0.044475960952018445,0.0,0.0415338848664597,0.0,0.0,0.0,0.02892815552859984,0.01927056923213777,0.0,0.0,0.0,-0.009069621486952117
2022-05-15 00:00:00+00:00,0.0,-0.043013881785660235,-0.02641379932351129,-0.005548254211837245,0.0,0.0,0.0,-0.04696871701082139,0.0,0.058583731776931325,0.0,0.0,0.0,0.002462893888052875,0.011429731755392192,0.0,0.0,0.0,-0.013703412205599563
2022-05-16 00:00:00+00:00,0.0,0.04306626647469303,0.012268259418422467,-0.0025385886664318624,0.0,0.0,0.0,-0.00039999999999995595,0.0,-0.039470854151445245,0.0,0.0,0.0,0.0010809072263129327,0.006613456911198412,0.0,0.0,0.0,0.015593457134865485
2022-05-17 00:00:00+00:00,0.0,-0.023929057393287545,-0.013810553459371988,-0.003019054691021039,0.0,0.0,0.0,0.0,0.0,0.02002205515952138,0.0,0.0,0.0,-0.0004907996856272634,-0.004153737235225385,0.0,0.0,0.0,-0.006321710431789529
2022-05-18 00:00:00+00:00,0.0,0.06076572894326904,0.02246984267771346,0.00012119459547998979,0.0,0.0,0.0,0.0,0.0,-0.04235956921763018,0.0,0.0,0.0,-0.0038477445929492315,-0.0029494029610794836,0.0,0.006507816948596368,0.0,0.018983608810329455
2022-05-19 00:00:00+00:00,0.0,-0.03611141948725871,0.003572688635054222,0.01186367205919403,0.0,0.0,0.0,0.0,0.0,0.015285554699975723,0.0,0.0,0.0,0.024210469426930947,0.02071497131118427,0.0,-0.018932641457933275,0.0,-0.01876431442213755
2022-05-20 00:00:00+00:00,0.0,0.025248238447055815,0.0052094312743957705,-0.0041289751323674295,0.0,0.0,0.0,0.0,0.0,-0.01735970259519981,0.0,0.0,0.0,0.0014943972840741893,0.000964269454570621,0.0,-0.002587670206768311,0.0,0.0125340779488059
2022-05-21 00:00:00+00:00,0.0,-0.006848950003731535,-0.0031952572488263,-9.620476088922914e-05,0.0,0.0,0.0,0.0,0.0,0.005234151868580783,0.0,0.0,0.0,0.0022951322613202763,0.002043053883110435,0.0,0.0001551865150335452,0.0,-0.0027229680953033686
2022-05-22 00:00:00+00:00,0.0,-0.022781184259116127,-0.004699871017222246,0.002833445519415889,0.0,0.0,0.0,0.0,0.0,0.0,0.0,0.0,0.0,0.0,0.0,0.0,-0.0018760931696093497,0.0,-0.009671818565033519
2022-05-23 00:00:00+00:00,0.0,0.028488706671754294,0.00795502255167091,-0.0030658045610595375,0.0,0.0,0.0,0.0,0.0,0.0,0.0,0.0,0.0,0.0,0.0,0.0,-0.0016865179468663616,0.0,0.013156399418835063
2022-05-24 00:00:00+00:00,0.0,-0.008095438971579494,0.002622299085364155,0.004519964264061205,0.0,0.0,0.0,0.0,0.0,0.003578537736296239,0.0,0.0,0.0,-0.0005972792940360794,0.006286583154528458,0.0,0.005132628142605622,0.0,-0.006279457239241504
2022-05-25 00:00:00+00:00,0.0,0.009876444500078518,0.010175906976594762,0.004255864994574976,0.0,0.0,0.0,0.0,0.0,-0.017588572654142265,0.0,0.0,0.0,0.0007789230132557723,-0.00769672758392792,0.0,0.004947070244361029,0.0,0.0012742656048083667
2022-05-26 00:00:00+00:00,0.0,0.03539310255433192,0.027554708512639303,0.011166496046596919,0.0,0.0,0.0,0.0,0.0,-0.057634507116343436,0.0,0.0,0.0,-0.004959787210669253,-0.01163616438728754,0.0,0.009469733604623443,0.0,0.003928294945824584
2022-05-27 00:00:00+00:00,0.0,0.022125120479628446,0.010687829852094266,0.0013951317585352285,0.0,0.0,0.0,0.0,0.0,-0.022065254564028858,0.0,0.0,-0.009161267057422595,-0.01389821998379459,-0.006234221854833244,0.0,-0.006644164440751665,0.0,0.006616179123564159
2022-05-28 00:00:00+00:00,0.0,-0.022797061938530816,-0.020366756265558728,-0.006910411251373816,0.0,0.0,0.0,0.0,0.0,0.02454106118814514,0.04127881569693259,0.02494919190505862,0.02079711618179969,0.014484606087754592,0.016340667414243892,0.0,-0.0002666666666666373,0.0,-0.004510098161334741
2022-05-29 00:00:00+00:00,0.0,-0.009815285023215048,-0.0005883958650809706,0.002418406405777951,0.0,0.0,0.0,0.0,0.0,0.00029238853791691,0.014161879691774626,0.013035760910343974,0.010462868935497749,0.006820421227714313,0.0,0.0,0.0,0.0,-0.00488297655313108
2022-05-30 00:00:00+00:00,0.0012299821665846533,-0.04983245386062629,0.008971903749482202,0.018141688572679504,0.0,0.0,0.0,0.0,0.0,0.0,0.07633713159561184,0.08951084901188278,0.07618324076227845,0.0,-0.0007203432929926423,0.0,0.0,0.0,-0.025635136003838932
2022-05-31 00:00:00+00:00,-0.0008361163712119479,0.008686274601417798,0.011058711985237002,0.005643981622359018,0.0,0.0,0.0,0.0004902550254364257,0.0004902550254364257,0.0,-0.019225909936473995,-0.013226039232184017,-0.019225909936473995,0.0,0.0,0.0,0.0,0.0,-0.000650161536885574
2022-06-01 00:00:00+00:00,-0.004591548177297455,0.043175805151844715,0.02026238767494637,-0.0010727103990388898,0.0,0.0,0.0,-0.021383354132262555,-0.021383354132262555,0.0,-0.08389152089644514,-0.06382935784740007,-0.08389152089644514,0.0,-0.0017794874267750282,0.0,0.0,0.0,0.02107622798989861
2022-06-02 00:00:00+00:00,0.0004474174368533923,-0.00940468322606447,0.0008649397773334844,0.00409618539672385,0.0,0.0,0.0,-0.017652014897438395,-0.00022849333333330168,0.0032302985320797895,0.01641366235935049,0.015189774934635691,0.01641366235935049,-0.00463709471235263,0.0016597695385516253,0.0,0.0,0.0,-0.007152085513593698
2022-06-03 00:00:00+00:00,-0.0013397022532443126,0.019853912198576573,0.0128950338561713,0.0020365780048310356,0.0,0.0,0.0,0.0213741540878849,0.0,-0.021269351814038773,-0.04025579367375742,-0.028639496793691932,-0.030373467755318018,0.0,0.0,0.0,0.0,0.0,0.00826776195512502
2022-06-04 00:00:00+00:00,-1.9519444444449086e-05,-0.008213152466483908,-0.0046645092564064905,-0.0013063584976987785,0.0,0.0,0.0,-0.007674987669248345,0.0,0.007093798295216391,0.01378898523633132,0.010948390240117956,0.006705440118165651,-0.0012829452089032634,0.0,0.0,0.0,0.0,-0.001825549153179562
2022-06-05 00:00:00+00:00,-0.00022637998067953635,0.0003481496051644939,0.004760560000198755,0.0025334430678136677,0.0,0.0,0.0,0.0037694950513835757,0.0,-0.003942315020076137,-0.003200774280277985,0.001369171057141294,-0.0009744244034027849,0.0,0.0,0.0,0.0,0.0,-0.0006470050151599072
2022-06-06 00:00:00+00:00,0.0022971380153422594,-0.028851498710519174,-0.017282456752132358,0.0007393012568150947,0.0,0.0,0.0,-0.03811781287609195,0.0,0.03331857533818372,-0.0007571766666666369,-0.0007801800000000192,-0.00018929416666668697,-0.006629587245825297,0.0006841785373035147,0.0,0.0,0.0,-0.016087323334447734
2022-06-07 00:00:00+00:00,-0.002086975306323735,0.012275558306243717,0.021577672268314085,0.008509034092786916,0.0,0.0,0.0,0.0,0.0,-0.02383073387265988,0.0,0.0,0.0,0.0007876397727315521,0.0,0.0,0.0,0.0,0.0025718051002725506
2022-06-08 00:00:00+00:00,-0.0016456559343238641,0.008855279045676623,-0.005953645331408408,-0.008186504199548583,0.0,0.0,0.0,0.0,0.0,-0.010057636655664615,0.0,0.0,0.0,-0.0015582358431101007,0.0,0.0,0.0,0.0,0.010012805021745175
2022-06-09 00:00:00+00:00,-0.0003515041962697252,-0.003365379607446095,-0.010895843483090473,-0.0051528153253999065,0.0,0.0,0.0,0.0,0.0,0.009911878531708052,0.0,0.0,0.0,-0.0001818367930095377,0.0,0.0,0.0,0.0,0.0011922110953896947
2022-06-10 00:00:00+00:00,-0.0012640349646713123,0.032880828256163896,0.012140138857763993,-0.0017703109110869253,0.0,0.0,0.0,0.0009059944632667793,0.0,-0.023057443466459104,0.0,0.0,0.0,0.00039972391148901387,0.0,0.0,0.003822853636882284,0.0,0.011326502242219316
2022-06-11 00:00:00+00:00,0.0,0.035213662544646196,0.02104049235429617,0.005758201460058343,0.0,0.0,0.0,0.04016267731483669,0.0,-0.04148060264699327,0.0,0.0,0.0,-0.0020976316104134307,-0.00032920182384477137,0.0,0.0075783529570414565,0.0,0.007607701966558578
2022-06-12 00:00:00+00:00,0.0,0.046481201823881824,0.010978329805541476,-0.0059148184285416905,0.0,0.0,0.0,0.06473982629836605,0.0,-0.053892054754986374,0.0,0.0,0.0,-0.0173041906011816,-0.004626592579723532,0.0,0.022052784313016716,0.0,0.021759891452320046
2022-06-13 00:00:00+00:00,0.0,0.10012636450795598,-0.03004356928625973,-0.04032040475012355,0.0,0.0,0.0,0.13614097539652903,0.0,-0.07487897089446804,0.0,0.0,0.0,-0.07988701825956157,-0.07809801732625432,0.0,0.022387244041939702,0.0,0.0513688279250033
2022-06-14 00:00:00+00:00,0.0,-0.005561039682995705,-0.01686802012162203,-0.013186845913136569,0.0,0.0,0.0,-0.01660898413175127,0.0,0.013174332948576062,0.0,0.0,0.0,0.05759401221741145,0.016300425591479595,0.0,0.0,0.0,0.005135384082433747
2022-06-15 00:00:00+00:00,0.0,-0.036758987583207725,-0.0513885593738137,-0.034715801804433455,0.0,0.0,0.0,-0.07612793378027516,0.0,0.082214294169348,0.0,0.0,0.0,-0.01506580520639611,0.01547241032293023,0.0,0.0,0.0,-0.006735291640727947
2022-06-16 00:00:00+00:00,0.0,0.08141165349153257,0.012204997265724549,0.006153647000114004,0.0,0.0,0.0,0.134843230791591,0.0,-0.12218056510622965,0.0,0.0,0.0,-0.01727080466404174,0.0,0.0,0.0,0.0,0.03218478758834609
2022-06-17 00:00:00+00:00,0.0,-0.008377408085729843,-0.005879241288218262,-0.003683972640715072,0.0,0.0,0.0,-0.015464612420097223,0.0,0.014088668927489278,0.0,0.0,0.0,-0.0028814677832248448,0.0008443440012815273,0.0,0.0,0.0,-0.0011649160818937299
2022-06-18 00:00:00+00:00,0.0,0.027672164623793627,-0.03832776639753421,0.03873071473030709,0.0,0.0,0.0,0.023982402252334056,0.0,-0.03933114488468392,0.0,0.0,0.0,0.013245500877098637,0.002113733104539106,0.0,0.0,0.0,0.024459240524311587
2022-06-19 00:00:00+00:00,0.0,-0.05683251590932281,0.005293393538766011,-0.026672971107379095,-0.008797570308149205,0.0,0.0,-0.0991436347194331,0.0,0.08789211332467683,0.0,0.0,0.0,0.04567945960198938,0.016132568728158603,0.0,0.0,0.0,-0.02818763693463855
2022-06-20 00:00:00+00:00,-0.000852566540914812,-0.007769448187819994,0.009445313639340425,0.009041438055025441,0.015307872192849459,0.0,0.0,-0.029142576153115995,0.0,0.011748044005218672,0.0,0.0,0.0,0.04216546487704309,0.0045781566516867045,0.0,0.0,0.0,-7.101646122975591e-05
2022-06-21 00:00:00+00:00,-0.00031063590069024816,-0.006562720068130967,0.011772356314728505,0.010339179853992242,0.013143095002259741,0.0,0.0,-0.019334652044910472,0.0,0.010562510055831087,0.0,0.0,0.0,0.001618071678332056,0.0,0.0,0.0,0.0,-0.002262261035488544
2022-06-22 00:00:00+00:00,-0.0019351756871703873,0.029254770685742004,0.001683459920043484,0.0045349211790590704,-0.013449879219222804,0.0,0.0,0.0,0.0,-0.038128966307253154,0.0,0.0,0.0,-0.006667613203728662,-0.002006995592015448,0.0,0.0,0.0,0.011823105664788613
2022-06-23 00:00:00+00:00,0.0023199424566973104,-0.04354203269664525,0.009362614778958056,0.0043088191594273795,0.03104467032240632,0.0,0.0,0.0,0.0,0.06854752739456993,0.0,0.0,0.0,0.009285160563863304,0.001964219189268368,0.0,0.0,0.0,-0.018689690090935684
2022-06-24 00:00:00+00:00,0.004759684076639514,-0.023180353024221834,0.009327934497403323,0.0050773459045458935,0.04610589333938453,0.0,0.0,0.0,0.0,0.055835703342860254,0.0,0.0,0.0,-0.009013151044978351,0.0,0.0,0.0,0.0,-0.0020400383348343487
2022-06-25 00:00:00+00:00,-0.0006135538288836173,-0.006039082110740668,-0.002242039633092885,-0.0025560863791141974,-0.002137784770090412,0.0,0.0,0.0,0.0,0.0042023987902573,0.0,0.0,0.0,0.00849718752407913,0.00040238520250945875,0.0,0.0,0.0,-0.003860627916274173
2022-06-26 00:00:00+00:00,-0.0062648918542463905,0.013519500080898306,-0.010559726306900608,-0.007925781355440753,-0.023098869085537488,0.0,0.0,0.0,0.0,-0.0026930685395188947,0.0,0.0,-0.01053091645878168,0.0,-0.000474461178332386,0.0,0.0,0.0,0.007094966675992298
2022-06-27 00:00:00+00:00,-0.003470017181477103,0.0032581745071897927,-0.005800251449307625,-0.004915946796520965,-0.003628297786171797,0.0,0.0,0.0,0.0,-0.006187372410413339,-0.014171696855846183,-0.010037778535801789,-0.006901718427923087,0.0,0.0,0.0,0.0,0.0,0.004799232641197193
2022-06-28 00:00:00+00:00,-0.00463510339371298,0.017324967792601287,-0.013998619573926008,-0.010783195585979954,-0.030219944549652045,0.0,0.0,0.0,0.0,-0.04121592360457027,-0.04848977358344886,-0.03141714894660186,-0.03654387185425334,0.0,5.983645301577134e-05,0.0,0.0,0.0,0.007398377919279664
2022-06-29 00:00:00+00:00,-0.0015764202368862001,0.010468580473930844,0.0007184765376153646,0.0023305743054218286,-0.014263654816750071,0.0,0.0,0.0,0.0,-0.02517360752714981,-0.027749843224494475,-0.02335452988771891,-0.02792190655782789,-0.0007771385618927651,0.0018177985600362767,0.0,0.0,0.0,0.0026710534215153015
2022-06-30 00:00:00+00:00,-1.6928333333332546e-05,0.005253755939794713,0.005728239652622147,0.006204155913936749,0.00032264720835395444,0.0,0.0,0.0,0.0,0.02852809470667239,-0.014369915204811345,-0.017341584100573737,-0.014369915204811345,-0.007850010518668182,0.001377008164292537,0.0,0.0,0.0,0.0030239572766648237
2022-07-01 00:00:00+00:00,0.0,0.012299488444054596,-0.005220252295527472,-0.003710372768894743,0.003055919526904871,0.0,0.0,0.0,0.0,-0.023167335477188855,-0.023258145894856974,-0.021666659589394954,-0.023258145894856974,0.004850272074865769,0.001981993530527193,0.0,0.0,0.0,0.010850985853197104
2022-07-02 00:00:00+00:00,0.0002370169676655376,-0.0026344132256111985,0.0029879890470467796,0.002241666357584826,0.008833831377788481,0.0,0.0,0.0,0.0,0.007166423924543253,0.007137651523919208,0.0026990465411329545,0.007137651523919208,0.005131688056511985,0.0,0.0,0.0,0.0,0.0005509337553617488
2022-07-03 00:00:00+00:00,4.0092901004928905e-05,-0.002205090767637974,-0.0020845288095039383,-0.001430892168307274,-0.0012821263230937685,0.0,0.0,0.0,0.0,0.006472238210735393,0.003597229841491467,0.0050668696872746555,0.002514271547785274,0.0,0.0,0.0,0.0,0.0,-0.0010740675987040982
2022-07-04 00:00:00+00:00,0.004877726652994685,-0.030775007856586933,0.009723017741812612,0.006239254522594662,0.026354021349997758,0.0,0.0,0.0,0.0,0.04017916078745687,0.07293809580030253,0.05929191314606341,0.03628063123348446,0.0,0.0007620690657359486,0.0,0.0,0.0,-0.015840806136261598
2022-07-05 00:00:00+00:00,-0.006100682699570759,0.0016099514348200117,-0.00675439565957614,-0.006983912344035503,-0.01670667742921217,0.0,0.0,0.0,0.0,-0.016921277567642168,-0.018453844832998723,-0.009507754526806633,-0.004790396208249614,0.0,-0.003048981130693851,0.0,-0.0038751236950115286,0.0,0.0009775568623195952
2022-07-06 00:00:00+00:00,0.00542035809873509,-0.011577708366065531,-0.00046264414112318075,0.003898014270087957,0.013903082092276975,0.0,0.0,0.0,0.0,0.021317257714820403,-0.0007687433333333216,-0.0008000000000000229,-0.00019218583333335815,-0.0016454956693684464,0.0,0.0,0.006264352520158445,0.0,-0.006253102984566272
2022-07-07 00:00:00+00:00,0.007708389045817832,-0.015225742859931168,-0.0013319071630398804,-0.008719694697769675,-0.006494064752250561,0.0,0.0,0.0,0.0,0.012791262230656297,0.0,0.0,0.0,0.0018616241289330926,0.0,0.0,0.01708107936413028,0.0,-0.017110941340326202
2022-07-08 00:00:00+00:00,-0.002668395100842935,0.000637353135919394,0.0034300359845700346,-0.0015549663301673844,-0.0037147406514054238,0.0,0.0,-0.0082966535256207,-0.0082966535256207,0.0012274679291173207,0.0,0.0,0.0,0.0018120420568392692,-0.0025378076941622307,0.0,-0.0003365130301865582,0.0,0.00047913395698873096
2022-07-09 00:00:00+00:00,-0.00015300627384373655,-0.00010818354874131408,-0.0015471008710645773,-0.0003206195785152577,-0.0008447411727633414,0.0,0.0,-0.00019288873372058646,-0.00019288873372058646,0.0,0.0,0.0,0.0,0.00011232343466671679,0.0,0.0,-0.00019288873372058646,0.0,0.00020758172909385308
2022-07-10 00:00:00+00:00,-0.009018027672771822,0.008086095056124565,0.0016622269735866446,0.0009857353848603534,-0.0006452097219307174,0.0,0.0,-0.011382494126033427,-0.011382494126033427,0.0,0.0,0.0,0.0,0.0,0.0,0.0,-0.011382494126033427,0.0,0.011317049731232709
2022-07-11 00:00:00+00:00,-0.010541121294821654,0.018942046277864444,-0.009590311285373687,-0.006913992816929504,-0.023570155999463993,0.0,0.0,-0.005263175169941348,-0.005263175169941348,0.0,0.0,0.0,0.0,0.0,0.0,0.0,-0.014546658744751584,0.0,0.014445471842094326
2022-07-12 00:00:00+00:00,-0.001815882229012522,0.0158051662333214,0.010340703309428712,-0.01176322625263826,0.00498585489879555,0.0,0.0,0.0,0.0,0.0,0.0,0.0,0.0,0.0,0.0,0.0,-0.010630277569163682,0.0,0.01060444422052731
2022-07-13 00:00:00+00:00,0.0012833636161129203,-0.026538907944719803,-0.001394001538687073,-0.0016068449021836573,0.011693362099059579,0.0,0.0,0.0,0.0,0.03222612102352462,0.0,0.0,0.0,0.004914342248062198,0.0,0.0,0.01542743396318813,0.0,-0.015483334598585086
2022-07-14 00:00:00+00:00,0.0018616579504120434,-0.02033264289926251,-0.0027731958307817273,0.009176344976591144,0.022501966995386313,0.0,0.0,0.0,0.0,0.04458846165546948,0.0,0.0,0.0,0.002732696818330327,0.0009906832381261221,0.0,0.005995089143187471,0.0,-0.005864934213843376
2022-07-15 00:00:00+00:00,0.001366590834654513,-0.007050034161570906,-0.008372875190387208,0.00813740925925166,-0.002759647611748517,0.0,0.0,0.0,0.0,0.012725457360371895,0.0,0.0,0.0,-0.0028704202739483486,0.0011316890771579935,-0.012773056772309554,0.003981046706996505,-0.012773056772309554,-0.0039195615740947876
2022-07-16 00:00:00+00:00,0.014213153249244659,-0.016832680728695926,-0.01401104377942508,0.014527865277030871,0.02102401355104977,0.0,0.0,0.004639968309815279,0.004639968309815279,0.0275057240117369,0.0,0.0,0.0,0.021290903903585567,0.012493742246689976,0.02442678046661939,0.010411283113252567,0.02442678046661939,-0.005721331300638899
2022-07-17 00:00:00+00:00,-0.0063854581596153315,0.0034203673244852517,-0.004202958576273397,0.0041822152681010305,-0.0033393901703848705,0.0,0.0,-0.004235950305738978,-0.004235950305738978,-0.0009403594173179597,0.0,0.0,0.0,0.005730152849910519,0.005831913672389888,-0.012656702418686883,-0.010438437588710103,-0.012656702418686883,-0.019702815062979773
2022-07-18 00:00:00+00:00,0.04848851632681894,-0.01812168455916685,0.03321087323928218,0.01778102849593144,0.02500602668207197,0.0,0.0,0.06494993839994234,0.06494993839994234,0.0,0.0,0.0,0.0,0.012708603178006816,0.0130884834215379,0.10183715795691217,0.08492933301018324,0.060127318999860346,0.12892145214737516
2022-07-19 00:00:00+00:00,0.00791979478942606,-0.001587756681068364,-0.022455382276128644,-0.01942140160580541,-0.00629767213580168,0.0,0.0,0.016160589485691323,0.016160589485691323,0.0,0.0,0.0,0.0,0.0076421214452062625,0.0023306230623552082,0.005716839385620398,0.006089507641867664,0.0036431292718130948,0.01596542844663551
2022-07-20 00:00:00+00:00,-0.019826764064539648,-0.009414901195080483,-0.0019320922930272655,1.9781090357495756e-05,-0.028044081321902836,0.0,0.0,-0.0279988202281366,-0.0279988202281366,0.0,0.0,0.0,0.0,0.0011582515537091886,0.003136527199338879,-0.0279988202281366,-0.006421530134243181,-0.002295162954988217,-0.02793920348478207
2022-07-21 00:00:00+00:00,0.011405726834656127,0.0035203550778015735,0.012963888438084714,0.007701942346690416,0.0146279605786801,0.0,0.0,0.019268957473766113,0.019268957473766113,0.0,0.0,0.0,0.0,-0.012167000705013642,0.0029157201681200284,0.019268957473766113,0.010666670086556973,-0.004503496489341008,0.019099969557674124
2022-07-22 00:00:00+00:00,-0.023991867107123865,-0.008629410438242946,-0.0018953682462319321,0.0020241135833947155,-0.02026872261302559,0.0,0.0,-0.03591331937641251,-0.03591331937641251,0.0,0.0,0.0,0.0,0.004694782685632948,0.0,-0.029695394713259105,-0.009209249946180775,0.0,-0.03594516699833783
2022-07-23 00:00:00+00:00,-0.002532626247617187,-0.0005909773034921129,0.006374825113304672,0.005111771230986939,-0.001504284823060531,0.0,0.0,-0.008398389936125294,-0.008398389936125294,0.0,0.0,0.0,0.0,-0.005040493656006895,0.0,-0.001378894599437741,0.0031173807714053314,0.0,-0.005188098116769568
2022-07-24 00:00:00+00:00,0.012469954615479395,0.004136565633571898,0.008749881028301543,0.0039653528889140865,0.009145512720619475,0.0,0.0,0.012506947853160533,0.012506947853160533,0.0,0.0,0.0,0.0,0.0017370375710421548,0.0,0.01862891685921797,0.010641967883856518,0.0,0.02044174161440937
2022-07-25 00:00:00+00:00,-0.05318586249275126,-0.01736038696377884,-0.014075494593916105,0.0003769239086850451,-0.02413663788320264,0.0,0.003275460352509363,-0.04409667898137681,-0.04409667898137681,0.0,0.0,0.0,0.0,-0.006409005265280765,0.0,-0.06834127299482495,-0.03348360284841467,0.0,-0.08659662808526059
2022-07-26 00:00:00+00:00,-0.00437458432270732,-0.004027323344018563,0.0027417918780863193,0.004912430033440218,-0.004172374070684048,0.0,-0.005996148697672177,-0.00768331879377715,-0.00768331879377715,0.0,0.0,0.0,0.0,-0.0010698511980042902,0.0,0.0020011497433749525,0.0029943051047411906,0.0,-0.003032873887346188
2022-07-27 00:00:00+00:00,0.0456934460507199,-0.003051090277236157,0.01640264316075002,0.0067021947896612755,0.01495571369014681,0.0,0.0,0.0,0.0,0.0,0.0,0.0,0.02640140921824652,0.005120466640247567,0.009007346086755907,0.04209205978281472,0.017808670113679037,0.0,0.10628545353965269
2022-07-28 00:00:00+00:00,0.028934654728246967,0.004772392744596399,0.005002902656364494,-0.0045346548082633165,0.014193957889252484,0.0,0.0,-0.001101504932646935,-0.001101504932646935,0.0,0.05258799079407761,0.04562551852942476,0.02644463789703866,-0.005773212174840725,-0.0028876907376500505,0.018612362099198698,0.018612362099198698,0.0,0.05319056079407747
2022-07-29 00:00:00+00:00,-0.006415895129127547,-0.0015753897863846067,0.0005289100631391541,0.00015462657746478925,-0.010401150792088032,0.0,0.0,-0.00036975238152558987,-0.00036975238152558987,0.0,-0.009440525795215482,-0.002241970235587143,-0.007230394346411595,0.0067278024558010685,0.0011175512586176772,0.0,0.0,0.0,-0.009440525795215482
2022-07-30 00:00:00+00:00,0.004652120232262025,-0.0009097712341451514,-0.0028789635863285534,-0.020774176245934695,0.026116156657462364,0.0,0.0,-0.017290865042901227,-0.017290865042901227,0.0,0.008300210194175373,-0.010550042703963869,0.008150210194175278,-0.007812898294363935,-0.010384325040356801,0.0,0.0,0.0,0.008300210194175373
2022-07-31 00:00:00+00:00,-0.01407457331059292,-0.007759880478506176,0.001073222565134202,0.0020816663729399387,-0.010276283868226987,0.0,0.0,-0.00862972663901218,-0.00862972663901218,0.0,-0.02042470064705948,-0.01303723345234098,-0.02042470064705948,0.0004722348605532556,-0.00019035117928845047,0.0,0.0,0.0,-0.02042470064705948
2022-08-01 00:00:00+00:00,-0.011200368363094904,-0.005272444871131321,-0.009106744384809407,-0.005014001450318162,-0.00743023433600265,0.0,0.0,-0.010181609570224737,-0.010181609570224737,0.0,-0.015720166640973643,-0.015320049276043246,-0.015720166640973643,-0.0014382123979457262,0.0,0.0,0.0,0.0,-0.015720166640973643
2022-08-02 00:00:00+00:00,-0.01292675558384182,-0.005962718145113399,0.0041986367564126326,0.004169410114072569,-0.016543556509869828,0.0,0.0,-0.003915280843778679,-0.003915280843778679,0.0,-0.019233148060477268,-0.006104792009024362,-0.019233148060477268,0.0,-0.001368746491825168,0.0,0.0,0.0,-0.019233148060477268
2022-08-03 00:00:00+00:00,-0.009749759128279578,-0.005809859108019233,-7.162498592405697e-05,0.0010353110073684224,-0.0007180350000000058,0.0,0.015077387624316652,-0.004486660258501862,-0.004486660258501862,-0.013127435321520609,-0.015190584220014736,-0.007670943763951166,-0.01157723066501104,-0.0003828861369108427,0.0,0.0,0.0,0.0,-0.015190584220014736
2022-08-04 00:00:00+00:00,-0.0029145564220378617,-0.0023630531071882066,0.0006763388860870911,-0.005203124757057975,0.0,0.0,0.0,-0.0058055110617304395,-0.0058055110617304395,0.0026515035180669777,-0.0024347707223806303,-0.007462534380559549,-0.0013901361945236612,0.002288022761695263,0.0,0.0,0.0,0.0,-0.0024347707223806303
2022-08-05 00:00:00+00:00,0.031758984250924494,0.011666148865220327,0.016728803113825963,0.011368424357991014,0.0,0.0,0.0,0.0,0.0,0.014929649466476125,0.051847736748764195,0.055466542263058916,0.012776704187191124,0.00291117138526098,-0.0017087687952783703,-0.0015330863996448896,0.0,0.0028981681639004275,0.051847736748764195
2022-08-06 00:00:00+00:00,-0.012952166625837647,-0.005350653928334226,-0.004011306128510084,-0.004437372699479192,0.0,0.0,0.0,0.0,0.0,0.0016472094475508126,-0.0007896266666667096,-0.0007844399999999974,-0.0001974066666666774,0.0,0.0,-0.005170683692213296,0.0,-0.014361459605389704,-0.01870822762192592
2022-08-07 00:00:00+00:00,0.005654909401429764,0.002192567023848513,-0.0014045889953016033,-0.0029340952812958454,0.0,0.0,0.0,0.0,0.0,0.0,0.0,0.0,0.0,0.0,0.0,0.003219869410842735,0.0,-0.0013444979632981635,0.00971057219157534
2022-08-08 00:00:00+00:00,0.023296237022010002,0.008588717752844088,0.0059527246040596005,0.0018223724682240316,0.0,0.0,0.0,-0.002615298131557031,-0.002615298131557031,0.0,0.0,0.0,0.0,1.6353527759083164e-05,-0.003414986094982364,0.010657884884700097,0.0,0.008621521787131492,0.03665716357598603
2022-08-09 00:00:00+00:00,-0.025980990787697444,-0.01060472729411921,-0.004472939856361435,0.0013765557431255626,0.0,0.0,0.0,-0.01382195278754872,-0.01382195278754872,0.0,0.0,0.0,0.0,0.0,0.0,-0.02403801941416317,-0.00017783667200788056,-0.027807070441832504,-0.03791541347148353
2022-08-10 00:00:00+00:00,0.037993906192134386,0.015566382833722914,0.01811757892025878,0.010777089991222066,0.0,0.0,0.0,0.029545819916690474,0.029545819916690474,0.03601686705619023,0.0,0.0,0.0,0.004616511388205069,0.0035747588337886604,0.0026942807185021955,-0.029452012195963162,0.0,0.058829663245374864
2022-08-11 00:00:00+00:00,0.0042399254192062585,0.002016920900408836,0.0050442402148684895,0.002016372801870503,0.0,0.0,0.0,0.004679219383392663,0.004679219383392663,0.004679219383392663,0.0,0.0,0.0,0.00258885209509252,0.004685694327607681,-0.008796768502720154,-0.008617720968689069,-0.01411734976419543,0.006492550426774768
2022-08-12 00:00:00+00:00,0.030251490778110623,0.014895140562570797,0.007260082205598373,-0.007930210843119845,0.020939382510431148,0.0,0.0,0.01372283822403042,0.01372283822403042,0.007893727697062536,0.0,0.0,0.0,0.0042995615232488404,0.0011787966415874873,0.02736788147864644,0.020805311656824976,0.017568197510072547,0.04127197359519874
2022-08-13 00:00:00+00:00,0.008810494416156667,0.004174552094017514,0.003731842334522284,0.0011759241278836985,0.011465647404169,0.0,0.0,-0.0017925156027854827,-0.0017925156027854827,0.0,0.0,0.0,0.0,-0.0033438292131376945,-0.006007198426099425,0.00885614585991501,0.008347643852691933,-0.0060695311856161505,0.013006798710921919
2022-08-14 00:00:00+00:00,-0.01989741646208676,-0.011503113313794278,-0.006295238450229168,-0.002490239221128676,-0.015922144131933935,0.0,0.0,-0.0205643654134271,-0.0205643654134271,0.0,0.0,0.0,0.0,-0.0019526328306650464,-0.0006917711984887331,-0.014316303381221362,-0.012447082988907732,-0.011068422830646685,-0.022465146547682058
2022-08-15 00:00:00+00:00,-0.014824104607349509,-0.007973689805386375,-0.003326445393900479,-0.0004175676357168756,-0.008802737744518563,0.0,-0.0010306763952544484,-0.014483763926785298,-0.014483763926785298,0.0,0.0,0.0,0.0,0.00033480862894164076,-0.005407323984712331,-0.011193900863266992,-0.009680810947471863,0.0,-0.017753452815924886
2022-08-16 00:00:00+00:00,-0.010270203336390171,-0.005884062487965802,-0.0006239127327754002,0.0011729878749850986,-0.0023769115202461055,0.0,0.0,-0.008925912609051512,-0.008925912609051512,0.0,0.0,0.0,0.0,4.126877441557042e-06,0.0,-0.008295053194088964,0.002442910492924444,0.0,-0.012327178393275906
2022-08-17 00:00:00+00:00,-0.027185378368597357,-0.014662721302331372,-0.0003992435129694938,0.0030362178596310407,-0.018687545870867628,0.0,0.0,-0.01085462522425551,-0.01085462522425551,0.0,0.0,0.0,0.0,0.0,0.0,-0.026864370715338537,-0.005090929046453141,0.0,-0.02048959798064276
2022-08-18 00:00:00+00:00,-0.004434927333937133,-0.000514993505607686,0.00438810611344409,0.009520881633644951,-0.0005888950000000337,0.0,0.0,0.0,0.0,-0.010701112201504714,0.0,0.0,0.0,0.0,0.0,-0.01063140729696399,-0.008414474901452751,0.0,-0.0040965430902414335
2022-08-19 00:00:00+00:00,-0.058015612696751595,-0.013697769504032231,-0.009009255008391115,-0.014590317993227186,0.0,0.0,-0.0025876351819953403,0.023294775548922564,0.0,-0.03145654716849089,0.0,0.0,0.0,-0.0031921430849006782,-0.001580737474883187,-0.006625227767784736,0.08258186246197718,0.0,-0.009244658341724499
2022-08-20 00:00:00+00:00,-0.006720364380757848,-0.004862882060060469,-0.011801466575907638,-0.0017509843783563017,0.0,0.0,0.013602956272535716,-0.0037860486331794396,0.0,-0.0044796435790013245,0.0,0.0,0.0,-0.004614846000917439,0.005361361914917984,0.0,0.003577576306641461,0.0,-0.011801466575907638
2022-08-21 00:00:00+00:00,0.004893604525512352,-0.0098683670306986,0.0029686793798466837,-0.002853856463474802,0.0,0.0,0.005400020784746884,-0.02623104514590724,0.0,0.011443458132569306,0.0,0.0,0.0,0.0019207533396135013,0.0,0.0,-0.005970260204612998,0.0,0.0029686793798466837
2022-08-22 00:00:00+00:00,-0.0009311945062904226,0.004623052069370859,0.010540305804508376,0.01085754554033147,0.0,0.0,0.0,0.0085460413961993,0.0,-0.009436232793875288,0.0,0.0,0.0,0.001960485635963627,0.0,0.0,0.0016299882568808766,0.0,0.0031967190915083155
2022-08-23 00:00:00+00:00,0.0036022594543947406,-0.002668296553626992,0.00573850441717072,0.0053790704996756755,0.0,0.0,0.0,-0.012992140701145294,0.0,0.0025829198708131607,0.0,0.0,0.0,-7.169368968262813e-05,0.0,0.0,-0.002084796095787378,0.0,0.006193536443204195
2022-08-24 00:00:00+00:00,-0.002545320398586459,0.0026985434629525074,0.005904264686539706,0.005979577508061551,0.0,0.0,0.0,0.01045045892830232,0.0,0.0009424946371308085,0.0,0.0,0.0,0.0,0.0,0.0,0.002405572549666113,0.0,0.002306415831776487
2022-08-25 00:00:00+00:00,0.004633771640841999,-0.0023348823092201876,0.004051784118453972,0.0036447402514407923,0.0,0.0,0.0,-0.017824758491064685,0.0,0.01601003723897043,0.0,0.0,0.0,0.0,0.0,0.0,-0.0030327125619971085,0.0,-0.0029967281073909335
2022-08-26 00:00:00+00:00,-0.016730405817597327,0.0347585611503094,-0.003415261853832674,-0.0014102924591444799,0.0,0.0,0.0,0.05689970550750756,0.0,-0.06101001255339422,0.0,0.0,0.0,0.0,0.0,0.0,0.02107941429327931,0.0,0.02042671989309275
2022-08-27 00:00:00+00:00,-0.0014063963822796843,0.003704614196244904,-0.001992404294155481,-0.0027879298310068412,0.0,0.0,0.0,0.00804277301593359,0.0,-0.004872319359268462,0.0,0.0,-0.0023772048618672104,0.005326629874219169,0.0002604425672085853,0.0,0.00331524714596676,0.0,0.0048743035708216365
2022-08-28 00:00:00+00:00,-0.0010975142666611593,0.020775950828221923,-0.0026462712580962444,-0.0019315110785204093,0.0,0.0,0.0,0.033364746451093996,0.0,-0.025515112110730764,-0.03433679300536041,-0.03379647676431241,-0.016937639836013485,0.0007744451349067649,-7.668507839009298e-05,0.0,0.007915148077779266,0.0,0.019328826584778636
2022-08-29 00:00:00+00:00,0.0017700997534817464,-0.03869167460196099,0.006813271013384581,-0.0029538950701617495,0.0,0.0,0.0,-0.06198334381603832,0.0,0.058354844744201495,0.06415605744443642,0.06261232987962351,0.04786872058332725,0.0,0.0,0.0,-0.012408154684241168,0.0,-0.03492828223969768
2022-08-30 00:00:00+00:00,-0.0013519127169887568,0.012959125084681444,0.0038829580730392887,0.0040753656942984495,0.0,0.0,0.0,0.00851251907691064,0.0,-0.02310494000986385,-0.023155266862796675,-0.020257422454688978,-0.023333832696129986,0.0,0.0,0.0,0.007581469112164951,0.0,0.017387906376165274
2022-08-31 00:00:00+00:00,-0.0013407936815407195,-0.010206930758811628,0.00639589689930653,0.005539155059716583,0.0,0.0,0.0,-0.004848965987781839,0.0,0.010608534490399224,0.010542732553152412,0.015689461852614883,0.010542732553152412,0.0012782046149386606,0.0,0.0,-0.004193716009613047,0.0,-0.004063744335769948
2022-09-01 00:00:00+00:00,0.001350971591051131,-0.004731553429651036,0.005671629146448032,0.004763010138399304,0.0,0.0,0.0,-0.0030401241721402794,0.0,0.006609851656785182,0.009574677124088549,0.01240941799309181,0.009574677124088549,-0.00016471561176523153,0.0,0.0,-0.0014113902395198608,0.0,-0.002601316182279767
2022-09-02 00:00:00+00:00,-0.0018362483642503369,0.0034606022123939706,0.0018742449741753209,0.002205178195819002,0.0,0.0,0.0,0.006591432831373423,0.0,-0.005227868861499285,-0.009555787273871741,-0.008046941404634689,-0.009555787273871741,0.0,0.0,0.0,-0.01070047336238944,0.0,0.007238872577265187
2022-09-03 00:00:00+00:00,-0.0009171022233558368,0.0034543846261101407,-0.002760474647686584,-0.0018594279268655534,0.0,0.0,0.0,0.002966050568333989,0.0,0.0028064765711122153,-0.006721599034576475,-0.008645649449300685,-0.005193325942599025,0.0,0.0,0.0,-0.002041545172657644,0.0,0.0030032916518472064
2022-09-04 00:00:00+00:00,0.0014077396642453444,-0.01006412192768913,-0.006404414125396052,-0.004898807935755922,0.0,0.0,0.0,-0.013990328141539554,0.0,0.015788311951022482,0.018652327669283153,0.01133495926919803,0.009150153001308281,0.0,0.0,0.0,0.0028860651234365875,0.0,-0.013961053638194665
2022-09-05 00:00:00+00:00,0.000947257972969906,-0.00021625880525399932,0.008204456528242421,-0.003532632739790542,0.0,0.0,0.0,0.0031969185541069756,0.0,0.00834074414120245,0.004772561128598252,0.007103647308952299,0.0010030719488163253,0.0,0.0,0.0,-0.0034929389225274443,0.0,0.003468691655607481
2022-09-06 00:00:00+00:00,-0.005140071690056702,0.021061692133164556,0.0013743199289015795,0.0022316929258867635,0.0,0.0,0.0,0.010698405855865012,0.0,-0.0011811226031758215,-0.000674236666666661,-0.0006159350000000119,-0.00016855916666669302,0.0,0.0,0.0,-0.030825276195845408,0.0,0.030286807923993964
2022-09-07 00:00:00+00:00,0.0027433795508244874,-0.022035195350031178,-0.004312986463669177,-0.006192347574635382,0.0,0.0,0.0,-0.008928525480816019,0.0,0.02317164784404535,0.0,0.0,0.0,0.0,0.0,0.0,-0.015665718169678544,0.0,-0.028742335662096163
2022-09-08 00:00:00+00:00,0.0007631002369312689,-0.0048474425179435565,-0.008060603845294279,-0.008169141800163593,0.0,0.0,0.0,-0.0003786344376438544,0.0,0.010122014649932343,0.0,0.0,0.0,-0.0015787867628694885,0.0,0.0,-0.001132840003525315,0.0,-0.009430478123165553
2022-09-09 00:00:00+00:00,0.007848103385547534,-0.03224170861204079,0.006546224125841604,-0.02494904550253596,-0.03766684190668246,0.0,0.0,-0.011045057754487941,0.0,0.027553334534813567,0.0,0.0,0.0,-0.0011261450237124437,0.006120906641009949,0.0,-0.014355661836284894,0.0024031691144457135,-0.04571000038196793
2022-09-10 00:00:00+00:00,0.008253556367619819,0.0009881120525001563,0.007557932690085645,0.0062271995385578816,-0.0007000000000000339,0.0,0.0,0.0,0.0,0.010926798699875562,0.0,0.0,0.0,-4.080264404482392e-05,0.0,0.0,0.0,0.010906513737487966,-0.007751251208980459
2022-09-11 00:00:00+00:00,-0.0002927247525177368,-0.0009304897034270176,-0.0007534030332979613,-0.0006517098087310824,0.0,0.0,0.0,0.0,0.0,-0.0013040854170587313,0.0,0.0,0.0,0.0,-0.00270446919923073,0.0,0.0,-0.0001948133333333768,-0.0021470086051883497
2022-09-12 00:00:00+00:00,0.0010288224841823457,-0.011681487624907727,-0.03235759584500464,-0.03135888007120313,0.0,0.0,0.0,-0.002702631563343605,-0.002702631563343605,-0.008991178274913803,0.0,0.0,0.0,-0.001491370064530484,-0.002414958250153254,-0.002702631563343605,-0.002702631563343605,-0.002702631563343605,-0.0318272137383776
2022-09-13 00:00:00+00:00,-0.049994025826684885,-0.0102795263012323,0.012341749601722185,-0.0011838752097882432,0.0,0.0,0.0,-0.040080663435668296,-0.040080663435668296,-0.0273935817775266,0.0,0.0,0.0,-0.003974551103095969,-0.0041593365118980374,-0.02376692839051442,-0.02376692839051442,-0.040080663435668296,0.07297681480428087
2022-09-14 00:00:00+00:00,0.008289951008912944,-0.004367013462237668,0.003433994184913969,0.0022281930698264674,0.0,0.0,0.0,-0.0001933100000000021,-0.0001933100000000021,0.02358538400052934,0.0,0.0,0.0,0.01631656670685966,0.003255580361271271,0.0,0.0,0.0060754441455803665,-0.012488825105413048
2022-09-15 00:00:00+00:00,-0.01828171870860229,0.005332735756985452,-0.021484201086771848,-0.01811125398790092,0.0,0.0,0.0,0.0,0.0,-0.041867660539404494,0.0,0.0,0.0,0.003324439582103267,0.0,0.0,0.0,0.0,0.0187814265259707
2022-09-16 00:00:00+00:00,-0.0040336002905122514,0.002670439708024608,-0.0003780856971999924,-0.001050890300591134,0.0,0.0,0.0,0.0,0.0,-0.017036966249107444,0.0,0.0,0.0,-0.006575087623584941,0.0,0.0,0.0,0.0,0.006669979244966706
2022-09-17 00:00:00+00:00,0.00418272876393444,-0.011077759372585594,-0.006820349773020262,0.007513606565032305,0.0,0.0,0.0,0.0,0.0,0.018105938329742166,0.0,0.0,0.0,0.007362459875501992,0.0,0.0,0.0,0.0,-0.028121501959274875
2022-09-18 00:00:00+00:00,-0.013085132084823536,0.024773331374065677,-0.00474653163401717,0.002381879977849888,0.0,0.0,0.0,0.010920052904301203,0.0,-0.00813290762456409,0.0,0.0,0.0,0.0,0.0,0.0,0.0,0.0,0.06796422311274197
2022-09-19 00:00:00+00:00,0.0014337818068379526,-0.018407637289436507,-0.009132207068332732,0.006644440370707105,0.0,0.0,0.0,-0.02958871393083684,0.0,0.0030939770540450162,0.0,0.0,0.0,-0.0005621138266170833,0.0,0.0,0.0,0.0,-0.029223929943803517
2022-09-20 00:00:00+00:00,-0.00288788123312822,0.021573451909580932,0.0014137347902620778,2.304964104227203e-05,0.0,0.0,0.0,0.024438012820804156,0.0,-0.012789934959516303,0.0,0.0,0.0,0.0,0.0,0.0,0.0,0.0,0.03653171309792991
2022-09-21 00:00:00+00:00,-0.002971756458253094,0.0194533255785323,0.012154467591665608,0.010681529700698356,0.0,0.0,0.0,0.026654359553575313,0.0,-0.019525011558975458,0.0,0.0,0.0,0.0,0.0,0.0,0.0,0.0,0.03540456084364729
2022-09-22 00:00:00+00:00,0.001882512802348968,-0.037574915077402404,-0.0049331022345772135,-0.0014313418587824644,0.0,0.0,0.0,-0.038486296659329344,0.0,0.03976812883663072,0.0,0.0,0.0,0.004560748917664226,0.0,0.0,0.0,0.0,-0.05871748914743746
2022-09-23 00:00:00+00:00,0.001153379581847025,-0.004125552454052883,-0.0022003778763329818,0.012574618614689337,0.0,0.0,0.0,0.0008250482208449483,0.0,0.01112082275624271,0.0,0.0,0.0,0.003634634929447156,0.0,0.0,0.0,0.0,-0.011145548657888305
2022-09-24 00:00:00+00:00,-0.0019047156632233664,0.006859103448477288,-0.003810472669541265,-0.00046562776571212883,0.004517222062062176,0.0,0.0,0.008964768578135107,0.0,-0.008877088643479691,0.0,0.0,0.0,0.0009506957165392738,0.0,0.0,0.0,0.0,0.012014370852305056
2022-09-25 00:00:00+00:00,-0.0018399130379475048,0.0083838321394194,0.003625709074303929,-0.0052789405712349025,-0.013056200891207403,0.0,0.0,0.007533143154678346,0.0,-0.0018006425639331969,0.0,0.0,0.0,0.0,0.0,0.0,0.0,0.0,0.01828249965508122
2022-09-26 00:00:00+00:00,0.0013258249959160473,-0.019931177286422352,0.004872822319737846,0.005599930505207684,0.012847287883121172,0.0,0.0,-0.017760832533490367,0.0,0.0,0.0,0.0,0.008300075735429013,0.0,0.0,0.0,0.0017281829870765542,0.0,-0.0338890596083824
2022-09-27 00:00:00+00:00,-0.005305291666345857,0.0007351160688577885,-0.009884537900542334,-0.009924835229252471,-0.013959621450316706,0.0,0.0,-0.028013938064491373,0.0,0.0,-0.017196108385976294,-0.0076265689522662106,-0.0084350858596548,0.0,7.682028529343299e-05,0.0,-0.002163213619713167,0.0,0.01654423505264302
2022-09-28 00:00:00+00:00,-0.0008776689804440574,-0.011813053185691369,0.0034408385807476183,0.003450704902848045,-0.0001234790385045148,0.0,0.0,0.0,0.0,-0.003708658524476216,0.014027877177520631,0.01234861756664829,0.010334553716473849,0.007341377717368314,0.0,0.0,0.0059794742317362815,0.0,-0.014027877177520631
2022-09-29 00:00:00+00:00,-0.00022162412479176385,-0.006376882726178645,0.007426520303614348,0.007211346969206112,0.006028050950143582,0.0,0.0,0.0,0.0,0.006987059203604318,0.009433142651156468,0.0037105321826347293,0.009267320151156389,3.633842733186121e-05,0.0,0.0,0.00296620238319667,0.0,-0.009433142651156468
2022-09-30 00:00:00+00:00,-0.0033230405667035168,0.002699239740193704,-0.005127645863060026,-0.0020406381335073,-0.005899216286417652,0.0,0.0,0.0,0.0,-0.006823906803475777,-0.011765155732158417,-0.007234927371822519,-0.011765155732158417,0.0,0.0,0.0,-0.0029408134226872606,0.0,0.011765155732158306
2022-10-01 00:00:00+00:00,-0.0014385550698406968,0.006702486395248064,-0.0038156654714499583,-0.004024085317000603,-0.009150055525656287,0.0,0.0,0.0,0.0,-0.0018574961659926226,-0.014129515897959966,-0.009171664653682798,-0.014129515897959966,0.0,0.0,0.0,-0.0019131942338297403,0.0,0.014129515897959966
2022-10-02 00:00:00+00:00,-0.0004366235717926381,0.011370410119682983,0.005155677167135497,0.00533857825521733,0.0009042384367781153,0.0,0.0,0.0,0.0,-0.005100463806550604,-0.017298802569569283,-0.020178053965396403,-0.017298802569569283,0.0,0.0,0.0,-0.004448704333884446,0.0,0.017298802569569283
2022-10-03 00:00:00+00:00,0.001041953317337363,-0.020024216879864776,-0.0034994302365096708,-0.0038836566706151876,-0.0018893544211529,0.0,0.0,0.0,0.0,0.008636663243097864,0.030816018315031224,0.03319551824033695,0.022927208736273297,0.0,0.0,0.0,0.009868051346208162,0.0,-0.030816018315031224
2022-10-04 00:00:00+00:00,0.004287422823512577,-0.01692239519367522,0.0024904126966347473,0.0020919114562925056,8.35104999954428e-05,0.0,0.0,0.0,0.0,0.011959672643647945,0.03355595774862352,0.0322829145669743,0.016584162207645026,0.0,-1.6620167777703365e-05,-0.0011115534738485033,0.010766773441469368,-0.0011115534738485033,-0.03355595774862352
2022-10-05 00:00:00+00:00,-0.001205001694533303,0.0026098082339185424,0.001611061223453003,0.0016265826166994568,0.003716135839110235,0.0,0.0,0.0,0.0,-0.00032447651324707394,-0.005956405245339025,-0.008000647803435568,-0.0016722821446680802,0.0,-0.0006871350115853492,-0.0005808396948582262,-0.0036900992389188314,-0.0005808396948582262,-0.0006437226262385742
2022-10-06 00:00:00+00:00,-0.0040896036363951005,0.0001515806178236101,-0.006661867663383059,-0.006426521955574804,-0.005051008380305588,0.0,0.0,0.0,0.0,0.0,-0.0007492900000000136,-0.0007620900000000486,-0.00018732249999997563,0.0,0.0,-0.006714982108307788,-0.010041798771677657,-0.006714982108307788,0.0034135210490386925
2022-10-07 00:00:00+00:00,-0.004527424076988806,0.005040025175384155,0.0015392047219060512,-0.00360338150385886,0.005471115604011256,0.0,0.0,0.0,0.0,0.0,0.0,0.0,0.0,0.0,0.0,-0.003655588542821442,-0.010985138361445435,-0.004796164736725617,0.001571067689568828
2022-10-08 00:00:00+00:00,-0.0010218028589663586,0.0055203200656626095,-0.00011284229521701938,-0.0005121989214510458,-0.003155525682668081,0.0,0.0,0.0,0.0,0.0,0.0,0.0,0.0,0.0,0.0,-0.0019133812559622987,-0.006122507988906123,0.0,0.00610254893659401
2022-10-09 00:00:00+00:00,0.0005330824412557167,-0.003011317922586798,0.0015252511919785494,0.001437682046573574,0.0046946937750791395,0.0,0.0,0.0,0.0,0.0,0.0,0.0,0.0,0.0,0.0,0.0,0.003899319662368006,0.0,-0.00511818147216081
2022-10-10 00:00:00+00:00,-0.0023229520648488933,0.01359847091075217,0.0025560005520361972,-0.0011005214492915139,-0.00690824367912557,0.0,0.0,0.0,0.0,0.0,0.0,0.0,0.0,0.0,0.0,0.0,-0.015289997158531188,0.0,0.012962958110293465
2022-10-11 00:00:00+00:00,-0.0018465855785400054,0.00748706977732172,0.0013048785556146747,4.254511886836454e-05,-0.01631397939342727,0.0,0.0,0.0,0.0,0.0,0.0,0.0,0.0,0.0,0.0,0.0,-0.0012597094900490546,0.0,0.013485278794679312
2022-10-12 00:00:00+00:00,0.0004039179130941317,-0.006005617793874207,-0.0021827572782200377,-0.0011102103248521455,-0.0006660400000000344,0.0,0.0,0.0,0.0,0.0,0.0,0.0,0.0,0.0,0.0,0.0,-0.0025710303264985246,0.0,-0.006276481030792924
2022-10-13 00:00:00+00:00,0.0005725027012981609,0.00020120190550976247,0.005612198762819265,0.004217003590421431,0.0,0.0,0.0,-0.02268361980134681,0.0,-0.001290808488080497,0.0,0.0,0.0,0.0,0.0,0.0,-0.0009533820726345121,0.0,0.012941816371166093
2022-10-14 00:00:00+00:00,-0.0028110518173813936,0.0011152519296162566,-0.005782863688239659,-0.0008084880067115163,0.0,0.0,0.0,-0.0002326666666666588,0.0,-0.003084525864764598,0.0,0.0,0.0,-0.0017055493403859145,0.0,0.0,0.0017526234584495093,0.0,-0.0002856035372218457
2022-10-15 00:00:00+00:00,-0.0001547557565199087,0.01009983479174048,0.003621393790642413,0.000756166063375252,0.0,0.0,0.0,0.0,0.0,-0.009785868227524142,0.0,0.0,0.0,-0.000691973533060275,0.0,0.0,0.0024514542094740133,0.0,0.007919489282409264
2022-10-16 00:00:00+00:00,8.940817730440642e-05,-0.015780536435589076,-0.004890866170888297,-0.000552489304103343,0.0,0.0,0.0,0.0,0.0,0.008574917026939355,0.0,0.0,0.0,0.0009325399059194606,0.0,0.0,-0.0031370581794128993,0.0,-0.011371310684471836
2022-10-17 00:00:00+00:00,0.0007652130030659787,-0.019440478865666466,-0.006977877110693642,-0.0019513756987818986,0.0,0.0,0.0,0.0,0.0,0.011445079268458391,0.0,0.0,0.0,0.0,0.0,0.0,-0.006453965170986065,0.0,-0.012928455616729506
2022-10-18 00:00:00+00:00,-0.0021017481372725966,0.01491577015171286,0.007446608451948888,0.003010756199746112,0.0,0.0,0.0,0.0,0.0,-0.011373757653435956,0.0,0.0,0.0,0.0,0.0,0.0,0.007607944263702482,0.0,-0.01035049935962018
2022-10-19 00:00:00+00:00,-0.0001034402641203469,0.022898447885376427,0.010731919681789215,0.005464727409713488,0.0,0.0,0.0,0.0,0.0,-0.004632335395547527,0.0,0.0,0.0,0.0,0.0,0.0,0.010888979523107523,0.0,-0.011412140380298141
2022-10-20 00:00:00+00:00,0.0,0.010794586437659515,0.008316850001242937,0.004859913632431212,0.0,0.0,0.0,0.0,0.0,0.0,0.0,0.0,0.0,0.0,0.0,0.0,0.008286666199637915,0.0,-0.010697279740043864
2022-10-21 00:00:00+00:00,0.0,-0.007206325433817828,0.00098525756238943,0.0013721349988382592,0.0,0.0,0.0,0.0,0.0,0.0,0.0,0.0,0.0,0.0,0.0,0.0,0.0031225761805215857,0.0,-0.001313336863345671
2022-10-22 00:00:00+00:00,-2.6258989986094328e-05,-0.003044472389644892,0.0019438987168631794,0.0014564968177055437,0.0,0.0,0.0,0.0,0.0,0.0019249400479617318,0.0,0.0,0.0,0.0,0.0,0.0,0.0007296488862580386,0.0,-0.0041116025144145585
2022-10-23 00:00:00+00:00,0.0016685712905959438,-0.02826542159572054,-0.00889416475982474,0.0023020006544536287,0.0,0.0,0.0,0.0,0.0,0.015161230011664584,0.0,0.0,0.0,0.0,0.0,0.0,0.006303509198404722,0.0,0.00880769034707729
2022-10-24 00:00:00+00:00,-0.002692318720640463,0.013210292742333873,0.0056350951262684745,0.00267864328046441,0.0,0.0,0.0,-0.00529553419882367,-0.00529553419882367,-0.011177660737139994,0.0,0.0,0.0,0.0,0.0,0.0,-0.004205860880377887,-0.00529553419882367,-0.010311065200874325
2022-10-25 00:00:00+00:00,0.010641550784092013,-0.042588074870545944,-0.0013500602992516653,0.008079077951955949,0.0,0.0,0.0,0.025174237110549447,0.025174237110549447,0.0017764494136638387,0.0,0.0,0.0,-0.004796579509180554,-0.006030723578734021,0.0,0.012885453361449528,0.012268854409998253,0.014250809241435514
2022-10-26 00:00:00+00:00,0.01750617162633583,0.000914309690551951,0.019746803390794154,0.02082174565683559,0.0,0.0,0.0,0.035334638302197297,0.035334638302197297,0.0,0.0,0.0,0.0,0.006868429537087328,0.008859689989057395,0.0,0.008456418260323062,0.011332128023529231,-0.008331047903948341
2022-10-27 00:00:00+00:00,-0.014262119189974554,-0.004633104394028864,-0.0035060647020175306,-0.0045004219931154,0.0,0.0,0.0,-0.01863735519542209,-0.01863735519542209,0.0,0.0,0.0,-0.006709561859909563,4.038881418533258e-05,0.0,0.0,0.0,-0.0025613053556611254,-0.004083085922821916
2022-10-28 00:00:00+00:00,0.010296727302666397,-0.0067598918720317425,-0.007311356174819705,-0.005961482519929562,0.0,0.0,0.0,0.01371591313077003,0.01371591313077003,0.0,0.02912465772196171,0.019834497950296237,0.014731344694314252,-0.0005594139224758266,0.0,0.0,0.0,0.0003918620402210138,0.012194361894739325
2022-10-29 00:00:00+00:00,0.015630889905830392,0.007893139004878647,0.005646899653328319,0.0065553908905429115,0.0,0.0,0.0,0.01722381087206215,0.01722381087206215,0.0,0.025515112294549835,0.025942169221855993,0.01897691005424562,0.0,0.0,0.0,0.0,0.008257388343201999,-0.002219352638731964
2022-10-30 00:00:00+00:00,-0.007277113625053344,-0.007011029679237724,-0.006669402410120817,-0.006619521824813512,0.0,0.0,0.0,-0.008966049519459895,-0.008966049519459895,0.0,-0.008352697329226388,-0.013459385004494062,-0.00851749566255966,0.0006672314874587304,0.0,0.0,0.0,-0.0021479457182638217,0.003745655476809162
2022-10-31 00:00:00+00:00,-0.008189647887331564,-0.0073257848272894055,0.00023242659868527582,-6.729923721249254e-05,0.0,0.0,0.0029169883305799615,-0.020888483932362423,-0.020888483932362423,0.0,-0.010009974222669915,-0.008963155544211454,-0.010009974222669915,0.0002692495417802032,0.0,0.0,0.0,0.0,-0.002405753033649316
2022-11-01 00:00:00+00:00,-0.0009213931169866907,0.0003680728982082826,0.004785785707927426,0.004551957038129162,0.0,0.0,0.001536705698710339,-0.002420251192354672,-0.002420251192354672,-0.00044037267080754283,-0.002434110760159869,0.0016393584140177442,-0.002434110760159869,0.00039177853481286995,0.0,0.0,0.0,0.0,-0.004951649437004768
2022-11-02 00:00:00+00:00,-0.019085061120851066,-0.008050969898360405,0.0016480050395364376,0.0003463799840026649,0.0,0.0,0.0012657933778712493,-0.027733626744249174,-0.027733626744249174,-0.014650060369818974,-0.032814012969632045,-0.027457673062278976,-0.032814012969632045,-0.00014238496452423366,0.0,0.0,0.0,0.0,-0.007092227859146205
2022-11-03 00:00:00+00:00,0.003103959814948265,0.0021456107453585727,0.002424777444507642,0.002465899405754257,0.0,0.0,0.005469526216329346,0.0024491591840711813,0.0024491591840711813,-0.002485242909110452,0.004353679423342749,0.005798506555416916,0.0031169387341736243,0.0,0.0,0.0,0.0,0.0,-0.001471892238468775
2022-11-04 00:00:00+00:00,0.044222152494982625,0.02341000841835772,-0.006714633983147533,-0.004461306895901296,0.0,0.0,0.0,0.024345297781487307,0.024345297781487307,0.05564579198936381,0.07159217230092407,0.060233514298238866,0.03562313865046196,0.0,-0.0024563066917691057,0.0,0.0,0.013632079505552008,0.02214844806302274
2022-11-05 00:00:00+00:00,0.018731881093001723,0.009969508929533077,-0.034826723936124626,-0.00493909981689844,0.0,0.0,0.0,0.01708079618514513,0.01708079618514513,0.026830287992814394,0.029767020242324138,-0.002042043013329664,0.007247089227247816,0.0021244689246950887,-0.00046517233544485226,0.0,0.0,0.030607074442441595,0.037163703612152155
2022-11-06 00:00:00+00:00,-0.04454171994582723,-0.033448070217451664,0.026669310836142213,-0.000456696087749342,-0.04957269225088168,0.0,0.0,-0.05178634922374936,-0.05178634922374936,-0.009704061278858922,-0.0007816833333332829,-0.0007725250000000239,-0.00019542083333334848,-0.0270583582581293,-0.01355974569815721,0.0,0.0,-0.0002666666666666373,0.005657513997778807
2022-11-07 00:00:00+00:00,-0.027259599699552717,-0.018306659174757267,0.031050017486010217,0.021298041685926306,-0.0007109349999999681,0.0,0.0,-0.0043690062829006004,-0.0043690062829006004,0.0,0.0,0.0,0.0,-0.004173497235604562,0.0018854472964755509,0.0,0.0,0.0,-0.005200494742993889
2022-11-08 00:00:00+00:00,-0.07263308514035749,-0.02158489300444455,0.014424276774907208,-0.008090558702915529,0.0,0.0,0.011514921601272876,0.013553722587126504,0.0,-0.02901951471860098,0.0,0.0,0.0,-0.008785846702368816,0.018949941880662013,0.0,0.026729471687023665,0.0,0.01658508396458802
2022-11-09 00:00:00+00:00,-0.023364664802120738,0.14215877124784315,0.09546520029278094,0.05089055142469112,0.0,0.0,0.0,0.3503592701018696,0.0,-0.2457101560381948,0.0,0.0,0.0,-0.20384358225165045,-0.15763567585758642,0.0,0.013131624077274084,0.0,0.01046436664242445
2022-11-10 00:00:00+00:00,0.005964424809877356,-0.1416282920822729,-0.1661052369744952,-0.030931611719330565,0.0,0.0,0.0,-0.27645644740361563,0.0,0.3312296836586932,0.0,0.0,0.0,0.21559910748763333,0.25121747064908306,0.0,0.0,0.0,-0.09577146887489985
2022-11-11 00:00:00+00:00,-1.4781111111084044e-05,0.012696850719592367,0.008117052573090255,0.0017127605982742988,0.0,0.0,0.0,0.016748858057080263,0.0,-0.02215852047851452,0.0,0.0,0.0,0.04436677611891615,-0.008939388559805472,0.0,0.0,0.0,0.012309343864013611
2022-11-12 00:00:00+00:00,-0.000684675283307068,0.020387775549319143,0.023673608093982335,0.004151578380709342,0.0,0.0,0.0,0.047330083343215534,0.0,-0.04605196606893969,0.0,0.0,0.0,-0.03172913814527456,-0.02692918319827209,0.0,0.0,0.0,0.013259354643803345
2022-11-13 00:00:00+00:00,0.0,0.025982388868172945,0.020404921618135896,0.0020924470357435165,0.0,0.0,0.0,0.050502503666900234,0.0,-0.04929631834038306,0.0,0.0,0.0,-0.030055034538091774,-0.014815596803481101,0.0,0.0,0.0,0.019146098711442017
2022-11-14 00:00:00+00:00,0.0,-0.020808395193852247,-0.020965037603959735,-0.00445780004944063,0.0,0.0,0.0,-0.04429538491576046,0.0,0.015806814552522086,0.0,0.0,0.0,0.025967920052747395,0.035740868955326244,0.0,0.0,0.0,-0.011847662537176396
2022-11-15 00:00:00+00:00,0.0,-0.010459055894050717,-0.006293644391469511,-0.0007853601783563979,0.0,0.0,0.0,-0.020999901756962203,0.0,0.010471397166633922,0.0,0.0,0.0,0.0024833452529435807,0.009493321804751709,0.0,-0.0019846253844462147,0.0,-0.008450011329512064
2022-11-16 00:00:00+00:00,0.0,0.010074595616726523,-0.01136472933168764,-0.010416042583229146,0.0,0.0,0.0,0.004002659614348758,0.0,-0.002930708884732347,0.0,0.0,0.0,0.004456295241932029,-0.0005795191812073552,0.0,-0.004594118749512877,0.0,0.014447917587596892
2022-11-17 00:00:00+00:00,0.0,0.006015147205858717,0.007972974001366762,0.0033830195901605187,0.0,0.0,0.0,-0.0007022685931308281,0.0,-0.012433626336629477,0.0,0.0,0.0,-0.016059000940063295,-0.003938677405843749,0.0,0.000686187412764161,0.0,0.003663636588944419
2022-11-18 00:00:00+00:00,0.0,6.054118890896909e-05,0.01137763640971512,0.002197688818281973,0.0,0.0,0.0,-0.003510994631604203,0.0,-0.0043102314520415685,0.0,0.0,0.0,-0.008781190325001798,-0.009113698455667452,0.0,0.00016770769080909353,0.0,-0.003650676120456886
2022-11-19 00:00:00+00:00,0.0,0.0022880347364400144,0.01107679427048991,0.0025724688701249665,0.0,0.0,0.0,0.0,0.0,-0.01021435333933296,0.0,0.0,0.0,-0.005167066375883489,0.0002309960426292168,0.0,3.221385086238371e-05,0.0,-0.0013025106096307137
2022-11-20 00:00:00+00:00,0.0,0.026358251955387102,-0.00615300915981376,-0.00462690689287637,0.0,0.0,0.0,0.0,0.0,-0.03501941115674556,0.0,0.0,0.0,-0.006542095582490415,-0.006564418405550887,0.0,-0.008414546618106922,0.0,0.02905773849017912
2022-11-21 00:00:00+00:00,0.0,0.01982612313225962,0.0001130520708867433,-0.00746319193768108,0.0,0.0,0.0,0.0,0.0,-0.02047148527095899,0.0,0.0,0.0,-0.0025318988271575416,-0.0002627310570842978,0.0,-0.011771078024385595,0.0,0.020308548500267642
2022-11-22 00:00:00+00:00,0.0,-0.022521350989018862,-0.008059548243589676,0.0048581559046985134,0.0,0.0,0.0,0.0,0.0,0.02825628407092795,0.0,0.0,0.0,0.018585428931134684,0.003438382780378335,0.0,0.0,0.0,-0.01914878544580423
2022-11-23 00:00:00+00:00,0.0,-0.031898768625151286,-0.0438625926720273,-0.005921853010650735,0.0,0.0,0.0,0.0,0.0,0.06357287278397061,0.0,0.0,0.0,0.02303888830401557,0.025346183313906145,0.0,0.0,0.0,-0.020762925394484766
2022-11-24 00:00:00+00:00,0.0,-0.005931891103185372,-0.007678187934359482,-0.0020860773661405263,0.0,0.0,0.0,0.0,0.0,0.01233498485540574,0.0,0.0,0.0,0.00572379846753357,0.005879976005751741,0.0,0.0,0.0,-0.005254464813348014
2022-11-25 00:00:00+00:00,0.0,0.006418758616545617,0.011138750597557312,0.0017245196750217406,0.0,0.0,0.0,0.0,0.0,-0.01273652467422004,0.0,0.0,0.0,0.0021829566699038683,0.000801838653937903,0.0,0.0,0.0,0.002786007595022788
2022-11-26 00:00:00+00:00,0.0,-0.0010465374173863617,-0.004599255371378175,-0.0021907224855860497,0.0,0.0,0.0,0.0,0.0,0.0026742662538032924,0.0,0.0,0.0007395685312312494,0.000951462051733909,-0.006627531068644887,0.0,0.0,0.0,-0.00048084315161234237
2022-11-27 00:00:00+00:00,0.0,0.0025651235821708696,-0.0003970656737743994,-0.0005095594048932783,0.0,0.0,0.0,0.0,0.0,-0.003330998443381472,-0.005110592936197977,-0.006352483293578959,-0.0022541914680990205,0.0,0.0,0.0,0.0,0.0,0.0037562421957193504
2022-11-28 00:00:00+00:00,0.0,0.013932715812625895,0.011311889331542258,-0.0004481529998910938,0.0,0.0,0.0,0.0,0.0,-0.022708685427887843,-0.027405148346736574,-0.017491397626155925,-0.02074008792671911,0.0028177802151885256,0.0026029635548476815,0.0,0.0,0.0,0.011660931750770542
2022-11-29 00:00:00+00:00,0.00013140186954418986,-0.013628421294375026,0.003631547278073244,0.004411958562044571,0.0,0.0,0.0,0.0,0.0,0.014394731831954832,0.019529493951086385,0.02772765360521423,0.01934413311775307,0.004679339346589595,0.004559674595759455,0.0,0.0,0.0,-0.018485102403476228
2022-11-30 00:00:00+00:00,0.004328472813381445,-0.0248064511861954,-0.0068902619934596565,0.013054457738937097,0.0,0.0,0.0,0.001751487708879118,0.001751487708879118,0.021284987101926944,0.057372086315223614,0.053897720732583476,0.057372086315223614,0.0005655597774067989,0.00014400103995693136,0.0,0.0,0.0,-0.03593181382172228
2022-12-01 00:00:00+00:00,-0.0022726576811512578,0.007827477659954951,0.011894389508064096,-0.0012090391983826665,0.0,0.0,0.0,-0.0047779528406310945,-0.0047779528406310945,-0.015656799196270388,-0.023818754995726832,-0.012525103650477987,-0.023818754995726832,0.0,0.0,0.0,0.0,0.0,0.008350069100318658
2022-12-02 00:00:00+00:00,0.0015219468275495807,-0.003981127786499505,-0.00403905420122852,0.0023107947730471867,0.0,0.0,0.0,0.004996460959466376,0.004996460959466376,0.006233819805077978,0.013401604584065696,0.010765625281836666,0.013401604584065696,0.0,0.0,0.0,0.0,0.0,-0.007177083521224481
2022-12-03 00:00:00+00:00,-0.004880511298823387,0.008391509227909655,0.005910213352883886,-0.010499307320464002,0.0,0.0,0.0,-0.014341836418092502,-0.014341836418092502,-0.009999837782500354,-0.028172621054053937,-0.027345272771974072,-0.02131460495720716,0.0,0.0,0.0,0.0,0.0,0.01823018184798264
2022-12-04 00:00:00+00:00,0.003920510602642979,-0.007480248872278827,-0.006060887311749474,0.0011487811441717177,0.0,0.0,0.0,0.010444980399363812,0.010444980399363812,0.010285329534060361,0.02514250424366926,0.022191604687550548,0.012414169621834725,0.0,0.0,0.0,0.0,0.0,-0.014794403125033662
2022-12-05 00:00:00+00:00,-0.0016767337076122324,0.0021019289231754,-0.008361233433430537,-0.0034264467747181504,0.0,0.0,0.0,-0.005227633027381162,-0.005227633027381162,0.0026950728363024368,-0.005405365218104419,-0.012055676367302648,-0.0015393579711927563,0.0,0.0,0.0,0.0,0.0,0.008037117578201691
2022-12-06 00:00:00+00:00,0.0021178475894272353,-0.004743671582787767,-0.008102596790841132,-0.000544172209005489,0.0,0.0,0.0,0.003182462943439379,0.003182462943439379,0.011254557890657768,-0.0007546233333333152,-0.0007319350000000169,-0.00018865583333338432,0.0,0.0,0.0,0.002726130727228604,0.0,-0.0054978915003888185
2022-12-07 00:00:00+00:00,-0.006492431579491864,0.008748350859999476,0.008025923101426802,-0.004108215361959933,0.0,0.0,0.0,-0.012635829678515842,-0.012635829678515842,-0.005919519066767354,0.0,0.0,0.0,0.0,0.0,0.0,-0.018736690714603488,0.0,0.015421514319535312
2022-12-08 00:00:00+00:00,0.003953301724807012,-0.010278087591188756,0.008630128320388009,0.011521996759094266,0.0,0.0,0.0,0.0,0.0,0.004283983271136993,0.0,0.0,0.0,0.0,0.0,0.0,0.004623723604932906,0.0,-0.020922680716224273
2022-12-09 00:00:00+00:00,-0.0019724642219163258,0.0030070911123067923,-0.0023815483143151406,-0.003858006832025418,0.0,0.0,0.0,0.0,0.0,-0.0021748913560348804,0.0,0.0,0.0,0.0,-0.0009023749478223042,0.0,-0.0021748913560348804,0.0,0.006455318555838918
2022-12-10 00:00:00+00:00,0.00015330441359395763,-6.498743938099238e-05,0.0013204529728654268,0.001065325469578049,0.0,0.0,0.0,0.0,0.0,-0.00041235184716026385,0.0,0.0,0.0,0.0,0.0,0.0,-0.00041235184716026385,0.0,-0.0008666560218305586
2022-12-11 00:00:00+00:00,-0.001078576704275136,0.0022947563271953353,0.0027760392021742852,-0.0010665411190955432,0.0,0.0,0.0,0.0,0.0,-0.0036342631110397594,0.0,0.0,0.0,0.0,0.0,0.0,-0.0036342631110397594,0.0,0.001750864678194075
2022-12-12 00:00:00+00:00,0.0012566883574476329,-0.0015159616376660967,0.005557202150840768,-0.0005904123133382289,0.0,0.0,0.0,0.0,0.0,-0.002097734555873476,0.0,0.0,0.0,0.0,0.0,0.0,-0.004355818603234307,0.0,-0.005677723572649063
2022-12-13 00:00:00+00:00,0.007802901250484107,-0.014682274001302953,-0.0026774828826044983,-0.003919755774938749,0.0,0.0,0.0,0.005250897430080004,0.005250897430080004,0.014682799605576058,0.0,0.0,0.0,-0.00016593573779422055,0.0,-0.000972368882927066,-0.00013006751044364329,-0.000972368882927066,-0.023106713631702802
2022-12-14 00:00:00+00:00,-0.0023279087463926595,-0.005336309821403762,-0.008775397836518817,-0.00247657938157797,0.0,0.0,0.0,-0.011562298903530777,-0.011562298903530777,0.005470446569153076,0.0,0.0,0.0,-0.0013705156541513608,0.0,-0.0033951490830628206,0.009121579189920404,-0.0033951490830628206,0.00304899890421928
2022-12-15 00:00:00+00:00,-0.009038434499528125,0.0011578206712339334,-0.008760131214715194,-0.009854269041608799,0.0,0.0,0.0,-0.019232412843591673,-0.019232412843591673,-0.0006372544388909551,0.0,0.0,0.0,0.001108578918057157,0.0,-0.010736742555908618,-0.010736742555908618,-0.005580406573765684,0.01922620716955148
2022-12-16 00:00:00+00:00,-0.012918453170186917,0.03921910076263502,0.01647768516448389,0.003043646790613197,0.0,0.0,0.0,-0.0009553932397984299,-0.013280411348184362,0.0,0.0,0.0,0.0,0.0,0.0,-0.014460525353044096,-0.014460525353044096,0.0,0.04040644909622637
2022-12-17 00:00:00+00:00,0.0006257527561517318,-0.00996728429365279,-0.0013308526816773192,-0.0004788269921834898,0.0,0.0,0.0,-0.016174454798623117,0.0,0.005183246501733185,0.0,0.0,0.0,0.0015927073893431398,0.0,0.0,0.0,0.0,-0.00859141681690656
2022-12-18 00:00:00+00:00,-0.00021474715371039288,0.0028542808864409075,0.0016311443523553404,0.000304677697994693,0.0,0.0,0.0,0.0047030849844929,0.0,-0.0028010027426760287,0.0,0.0,0.0,-0.0005908000659275991,0.0,0.0,0.0,0.0,0.0019718228886698164
2022-12-19 00:00:00+00:00,-0.001051858928476812,0.014069529441351758,0.005034863770537745,-0.001540833943915354,0.0,0.0,0.0,0.0221868510240828,0.0,-0.011613837734948063,0.0,0.0,0.0,0.0,0.0,0.0,0.0,0.0,0.010333986719934352
2022-12-20 00:00:00+00:00,0.0023939069313299033,-0.020923405846014265,0.00013259020902478547,0.005640250159747007,0.0,0.0,0.0,-0.03181800007371882,0.0,0.009131024688299405,0.0,0.0,0.0,0.0,0.0,0.0,0.0,0.0,-0.02318602584374463
2022-12-21 00:00:00+00:00,-0.00039913332241203747,0.002834426125149392,0.0016401985891303372,-0.00017765170201133884,0.0,0.0,0.0,0.005122642759918916,0.0,-0.0029818835659009,0.0,0.0,0.0,0.0,0.0,0.0,0.0,0.0,0.002288856455667121
2022-12-22 00:00:00+00:00,-0.00038008395548794205,0.003970243633225623,0.00821278927582858,0.003069431307412218,0.0,0.0,0.0,0.007665498499209722,0.0,-0.008327227645328117,0.0,0.0,0.0,0.0,0.0,0.0,0.0,0.0,-5.941093713524026e-05
2022-12-23 00:00:00+00:00,-0.00024525226334448647,0.0012838070225660303,0.0003167796160490344,-0.0004275528311621368,0.0,0.0,0.0,0.001092544024598796,0.0,-0.0011419692708393159,0.0,0.0,0.0,0.0,0.0,0.0,0.0,0.0,0.0008734041799729475
2022-12-24 00:00:00+00:00,-6.650792894546953e-05,0.006145943017699551,0.00993639512868194,0.005005566526051108,0.0,0.0,0.0,0.008728788370677698,0.0,-0.008861491361920049,0.0,0.0,0.0,0.0,0.0,0.0,0.0,0.0,-0.000977212096628377
2022-12-25 00:00:00+00:00,-0.00019076389676742078,0.0009076283563813625,0.0008410503208775566,0.00032179182847169585,0.0,0.0,0.0,0.0009318235552817633,0.0,-0.0009405962582819116,0.0,0.0,0.0,0.0,0.0,0.0,0.0,0.0,0.00010725185572524332
2022-12-26 00:00:00+00:00,0.0004138860066749128,-0.002023943424642849,0.002829892251649868,0.002240991046405183,0.0,0.0,0.0,0.000970432828194312,0.0,-0.001028236021755724,0.0,0.0,0.0,0.0,0.0,0.0,0.0,0.0,-0.0017456795373810285
2022-12-27 00:00:00+00:00,-0.0011947388022235383,0.010358474438427967,0.0026342193327215657,-0.0011009588359227607,0.0,0.0,0.0,0.006570698149195753,0.0,-0.006739705984024513,0.0,0.0,-0.004085978326645812,0.0,0.0,0.0,0.0,0.0,0.004268564846822143
2022-12-28 00:00:00+00:00,-0.0004617994571489703,0.046091825926358077,0.03665313308836193,0.01522588719838458,0.0,0.0,0.0,0.04230443812825624,0.0,-0.041098558845338085,-0.049661389003462175,-0.01436177366574165,-0.024675904501731072,0.007629310408111101,0.0,0.0,0.012368204839684482,0.0,0.0032337401379389785
2022-12-29 00:00:00+00:00,0.0,-0.002467813376660133,0.00611477974171204,0.0034888344431591722,0.0,0.0,0.0,0.001395294148096804,0.0,-0.0029172630955260903,0.00021214834744021083,0.006869794576242816,-4.051540608651649e-05,-0.004463648745296367,0.03420021319034894,0.0,0.009949080562712487,0.0,-0.0017470650383237807
2022-12-30 00:00:00+00:00,0.00019135091748578859,-0.008914288486199351,-0.012172409134013296,-0.0052876888592519045,0.0,0.0,0.0,-0.012463417644740793,0.0,0.012022033796542653,0.010533374548034713,-0.0014479828274176487,0.01014357204803451,0.007563169057940744,0.011320064239956684,0.0,0.0,0.0,0.0006737127010336685
2022-12-31 00:00:00+00:00,-0.00022164006246305767,-0.0025645381190275707,-0.0063838211792924815,-0.003253323456583246,0.0,0.0,0.0,-0.0007074366083127392,0.0,0.005155827387171463,0.0025338337166835867,-0.0037064451844682766,0.0025338337166835867,0.0009522739762990451,0.0,0.0,0.0,0.0,0.0013790240062967474
2023-01-01 00:00:00+00:00,0.00019808324580172787,-0.0025372712594502467,0.0003340346732401134,0.0010083708176351625,0.0,0.0,0.0,0.0,0.0,0.0011375617055717768,0.003442519143683098,0.0035642040927317264,0.003442519143683098,-0.0010160488410928536,0.0,0.0,0.0,0.0,-0.0014004177551020236
2023-01-02 00:00:00+00:00,0.00029347412609581625,-0.03651116915841757,-0.04242642985985967,-0.014949626025059115,0.0,0.0,0.0,0.0,0.0,0.04319615745739047,0.048276315157027794,0.0070883178648391,0.048276315157027794,0.000663241476459131,0.00012421211943847155,0.0,0.0,0.0,-0.001124340053942019
2023-01-03 00:00:00+00:00,0.0042990960948479096,-0.035220175064587855,-0.06550704343260871,-0.02073379814960674,0.0,0.0,0.0,0.012903120989378847,0.012903120989378847,0.06365964462985052,0.06565341748961018,0.0002890541534135149,0.04917047895054094,-0.024024505032456567,-0.0008807092914493442,0.0,0.0,0.0,4.6328711940768486e-05
2023-01-04 00:00:00+00:00,0.003466223365618637,-0.010776967720663722,-0.0032449826758153,-0.010276037528780924,0.002385504013722839,0.0,0.0,0.008571168237147209,0.008571168237147209,0.007247616142108226,0.02162667177332156,0.02239977302468299,0.010918175053327372,-0.0037252294765673932,-0.00041302216284844206,0.0,-0.0005312326348538843,0.0,-0.0034485070810509333
2023-01-05 00:00:00+00:00,-0.00014322629464880166,0.00021557787279924412,-0.0015817711993607597,-0.0009061306354551935,0.002372656799041195,0.0,0.0,-0.0003147347680112489,-0.0003147347680112489,0.001195816901447655,-0.0007694695939355345,-0.0028950292625834484,-0.00021556989848392494,0.0005679598861418889,0.0,0.0,-0.0004204660769190349,0.0,0.0004212212849072916
2023-01-06 00:00:00+00:00,0.003490681668190332,-0.0012913180988705086,-0.0006508294610175769,0.003311370525347579,0.0009762441915264208,0.0,0.0,0.007607085017033333,0.007607085017033333,0.003066768111956053,0.00020387666666676907,-0.0007779350000000074,5.0969166666581245e-05,0.0,0.0,0.0,0.002314129299564094,0.0,-0.002310112123539265
2023-01-07 00:00:00+00:00,-0.004046697841763702,0.0011535773832058727,0.009247189537666456,-0.003069967179566757,-0.013870784306499684,0.0,0.0,-0.010824536499993709,-0.010824536499993709,-0.009485694183203996,0.0,0.0,0.0,0.0,0.0,0.0,-0.00018902661984121494,0.0,0.00018950844809451084
2023-01-08 00:00:00+00:00,0.01720748783755277,-0.003835311026080146,-0.031800018961366305,0.0004396937250052968,0.04770002844204946,0.0,0.0,0.04185216689783,0.04185216689783,0.03500807246792226,0.0,0.0,0.0,0.0,0.0,0.0,0.0036314326055622015,0.014679819252521709,-0.0036250335904702835
2023-01-09 00:00:00+00:00,0.026917250263175152,0.005675014007308299,0.039258508399931724,0.00870479792645118,0.06057322259989739,0.0,0.0,0.04999629471403,0.04999629471403,0.0414833050231298,0.0,0.0,0.0,0.01982961178761622,0.029448491933797616,0.007631687314413771,0.008616357615154335,0.049148330317089206,0.000427789535171641
2023-01-10 00:00:00+00:00,0.00444736748348129,0.0023106361670679476,-0.006268449968473755,-0.005272707842862268,-0.009402674952710632,0.0,0.0,0.007414690076806396,0.007414690076806396,-0.0012014918678089348,0.0,0.0,0.0,0.0012090206833117456,0.0,0.003672877154286658,0.003672877154286658,0.0024691644011658465,0.0049813798462399195
2023-01-11 00:00:00+00:00,0.018294594752247706,0.011396281092202143,-0.006264845272791364,-0.008900286505065358,-0.009397267909187046,0.0,0.0,0.026610351456310966,0.026610351456310966,0.003799076195503792,0.0,0.0,0.0,0.004592828952465933,0.0,0.013387926600044509,0.013387926600044509,0.0,0.009676012389914002
2023-01-12 00:00:00+00:00,0.019456669839838403,0.012574715337696718,-0.011910623735039372,-0.015529063820455713,-0.017865935602559002,0.0,0.0,0.02767079483114432,0.02767079483114432,0.00492885619301453,0.0,0.0,0.0,-0.0005646215133245924,-0.0023952320444710073,-0.0002666666666666373,-0.0002666666666666373,0.006155183556183053,0.005823843924779526
2023-01-13 00:00:00+00:00,0.045212019404736514,0.023626418703280416,0.015346981511193292,-0.009947841859463735,0.023020472266789938,0.0,0.0,0.06159398251086956,0.06159398251086956,0.03393863160501809,0.0,0.0,0.0,0.003516055450747624,0.0008617327161464239,0.027405397965663214,0.0,0.02838481516824376,0.027092968162869324
2023-01-14 00:00:00+00:00,0.10726618544246969,0.04478297793335462,0.09194642980514978,0.015633360317447886,0.13791964470772466,0.002045158763297028,0.0,0.14512375353969031,0.14512375353969031,0.1045179324974086,0.0,0.0,0.0,0.03338047192726967,0.058181930154162176,0.0666796427739198,0.0,0.1045179324974086,0.039584038965504886
2023-01-15 00:00:00+00:00,-0.015430456525685976,-0.005583038030931076,-0.017771725235219638,-0.0033604453805482493,-0.026657587852829456,0.0,0.0,-0.020167058609136923,-0.020167058609136923,-0.019045646319931442,0.0,0.0,0.0,0.022287275527316908,-0.006114147423996741,0.0,0.0,-0.0003132599999999819,-0.0009426624612490775
2023-01-16 00:00:00+00:00,0.016664412870505352,0.011343120786475147,0.0051291100258243905,-0.0024656121475391535,0.007693665038736697,0.00201504633866767,0.0,0.019980822270753817,0.019980822270753817,0.009497810393882755,0.0,0.0,0.0,0.00388977231747889,0.0014085931500658067,0.0,0.0,-0.003321691792294801,0.009762878231582173
2023-01-17 00:00:00+00:00,-0.011158784015650958,-0.005674855059127015,-0.009584850975344006,-0.0014773247304233905,-0.01437727646301612,0.0,0.0,-0.014070640387552014,-0.014070640387552014,0.0,0.0,0.0,0.0,0.0,0.0,0.0,0.0,-0.0024708279802927446,-0.003516501730216115
2023-01-18 00:00:00+00:00,-0.039141925749102136,-0.022319334435690785,-0.022843358354879606,0.00020419699679719017,-0.034265037532319464,-0.005300240338365181,-0.006807727880753456,-0.049169300880590794,-0.049169300880590794,0.0,0.0,0.0,0.0,0.0,0.0,0.0,0.0,0.0018439625252892888,-0.01885414817955189
2023-01-19 00:00:00+00:00,0.020078965618813394,0.014288531002769833,0.0034204029699975713,-0.003964970865391937,0.005130604454996579,0.0038482134515813726,0.003442869127472381,0.024444324346491575,0.024444324346491575,0.0,0.0,0.0,0.0,0.0,0.0,0.0,0.0,0.0,0.014769845514422508
2023-01-20 00:00:00+00:00,0.09607820961808944,0.06320745026635,0.03871792014722919,-0.010699879260965384,0.05807688022084356,0.0002862214029868415,0.0,0.04207643328854216,0.04207643328854216,0.0,0.0,0.0,0.0,0.0005375459277741079,0.009774606605437164,0.0,0.0,0.0,0.04818669134068121
2023-01-21 00:00:00+00:00,-0.014591371145158738,-0.008377105363130966,-0.014243382563317253,-0.004877724750968815,-0.021365073844975768,9.631611813754049e-05,0.0,-0.01742266546569271,-0.01742266546569271,0.0,0.0,0.0,0.0,0.0030469918129936158,-0.00350723020481869,0.0,0.0,0.0,-0.01329980107971096
2023-01-22 00:00:00+00:00,-0.005366795751854614,-0.002740511770641607,-0.0038656643246193223,-0.0018193214990513962,-0.005798496486928872,0.00025909795293377336,0.0,-0.0062079652744216895,-0.0062079652744216895,0.0,0.0,0.0,0.0,0.0035037479153041673,0.0,0.0,0.0,0.0,-0.005093757802746568
2023-01-23 00:00:00+00:00,0.004201421307981512,0.0028261825961430898,0.001851613242152217,0.0008728644191622337,-0.0014940766264440741,0.001470641078770596,0.0,0.00462033248981375,0.00462033248981375,0.0,0.0,0.0,0.0,0.003989832498366486,0.0,0.0,0.0,0.0,0.0019664572656636903
2023-01-24 00:00:00+00:00,-0.03444045265966278,-0.021953252190308636,-0.007061467354888218,0.008850304760881444,-0.026145555647872243,-0.0010475863780460282,-0.0013967818373947782,-0.040501948552301714,-0.040501948552301714,0.0,0.0,0.0,0.0,0.0,0.0,0.0,0.0,0.0,-0.021688072145184756
2023-01-25 00:00:00+00:00,0.037339727578967974,0.02292716889040447,0.013990687705011107,-0.0044296303646323976,0.02923072834711693,0.003199616107172343,-0.0023163472598859425,0.005734016354742355,0.005734016354742355,0.0,0.0,0.0,0.0,0.0,-0.0019276774437030353,0.0,0.0,0.0,-0.026300627722149028
2023-01-26 00:00:00+00:00,-0.005575104434734968,-0.004445609908425907,-0.00035766238314061116,0.0015456750963975807,-0.0025992859836693194,-0.000535219766597983,0.0,-0.0009380698958340039,-0.0009380698958340039,0.0,0.0,0.0,0.0,0.0013049723568547833,0.00028939013622664156,0.0,0.0,-0.0011376901287478702,0.002681346375925653
2023-01-27 00:00:00+00:00,0.0011017349788189357,0.0005312835063824295,0.002066197420220517,0.001201741261795064,0.0005303508646079536,0.0,0.0,0.0009221591578478794,0.0009221591578478794,0.0,0.0,0.0,0.0001558875464382492,0.001789183586237142,0.0,0.0,0.0,-0.0013575704699094748,-0.0012144382830150402
2023-01-28 00:00:00+00:00,-0.011437120235258336,-0.0077846172377648015,-0.0006626247286283249,0.0035966853402640275,-0.00786677584343054,0.0,0.0,-0.0008492514447607791,-0.0008492514447607791,0.0,-0.012984939907317083,-0.010031368928526074,-0.006342469953658503,0.0,0.0,0.0,0.0,0.0,0.006097360621633019
2023-01-29 00:00:00+00:00,0.05115557783262892,0.033236528538517884,0.013269710732153328,-0.006774371273353008,0.02776384141259003,0.0,0.0,0.010331399462354618,0.010331399462354618,0.0,0.05491381226356973,0.03902434309329639,0.04103535919767731,-0.001022022937003375,2.112562510037108e-06,0.00798624319220198,0.0006538332895349441,0.00798624319220198,-0.028897583534705507
2023-01-30 00:00:00+00:00,-0.05333603963830735,-0.036404123728964066,-0.011234594322520164,0.007606250296575245,-0.02169637116083334,-0.0019747321096971193,0.0,-0.013090252188287854,-0.013090252188287854,0.0,-0.056759370099706885,-0.04390994921816893,-0.056875807599706896,-0.00862588880721693,-0.003990580009891387,-0.05953249318003606,-0.04607015569190098,-0.056729206682778366,0.02748607062092745
2023-01-31 00:00:00+00:00,0.007231819282827567,0.007297679659267642,-0.004689734691877612,-0.004206626638428412,-0.007503628646451821,0.0034095291276923234,0.0,0.004278241469398036,0.004278241469398036,0.0,0.007513788384828857,0.01235986527958488,0.007513788384828857,0.0042668918961876745,0.0,0.0,0.0005896081347314119,-0.0025715007663658085,0.0007261218015610638
2023-02-01 00:00:00+00:00,0.03206399817961536,0.02397433978218544,0.00341881549344647,-0.006806788431815369,0.009837520804004019,0.0008600659267659072,0.0,0.008688286663058209,0.008688286663058209,0.0,0.03580848467758768,0.030819903329529774,0.03580848467758768,0.0,0.003370903142164927,0.0,-0.01609976885770248,0.0,-0.015261882457901277
2023-02-02 00:00:00+00:00,-0.011754231968285844,-0.005905736906245074,-0.00971036056443808,-0.0035244527446066654,-0.008957646677870246,0.0,0.0,-0.0034176524953796195,-0.0034176524953796195,0.0,-0.012524698084312003,-0.004683635576136158,-0.012524698084312003,-0.0006243336808660072,0.003032719001099471,-0.009532126703245991,-0.009729493086854335,-0.015438678668134198,0.009402274366887786
2023-02-03 00:00:00+00:00,0.0070290120651519405,0.0042482533895351615,0.0009674995585464696,-0.0021744428877347177,0.00894872290494142,0.0,0.0,-0.0010463004161479494,-0.0010463004161479494,0.0,0.00775688201359781,0.004290224599344139,0.0056176615101983796,6.043898325036601e-05,0.0,0.004960786842877596,0.004960786842877596,0.008409337099413383,-0.004896732280701754
2023-02-04 00:00:00+00:00,-0.00574855267458152,-0.0026513833517979313,-0.005480152581071929,-0.0022354456693316482,-0.005214429250758101,0.0,0.0,-0.0015501038573002557,-0.0015501038573002557,0.0,-0.006131066822391618,-0.0016528474482695454,-0.0032655334111958423,0.0,0.0,-0.005018206078743259,-0.005018206078743259,0.0,0.005029168523545291
2023-02-05 00:00:00+00:00,-0.023347989183453044,-0.016039820110070435,-0.004039410206475247,-0.0027781379019089503,-0.008866908144301022,0.0009335421742806549,0.0,-0.003593015215637374,-0.003593015215637374,0.0014657443102317202,-0.024946605468522454,-0.019971264317184434,-0.006436651367130564,0.0,0.0,-0.011687521780465504,-0.011687521780465504,0.0,0.011632429257066201
2023-02-06 00:00:00+00:00,-0.014636678550844162,-0.009169478617574778,-0.008627483859327767,0.0010315880405395994,-0.013833201973702858,-0.0010542275578262483,0.0,0.0,0.0,-0.011837178244118673,-0.0007531066666666142,-0.0008000000000000229,-0.00018827666666665355,0.0,0.0,-0.011837178244118673,-0.011837178244118673,0.0,0.011815305686483368
2023-02-07 00:00:00+00:00,0.03119944676401043,0.022571027367845664,0.005777519528916697,0.001524512771921005,0.015740105294127282,0.004705613281363874,0.0,0.0,0.0,0.01722128510707477,0.0,0.0,0.0,0.0,0.0,0.019142327907630152,0.019142327907630152,0.0019035946594125885,-0.01736976621239561
2023-02-08 00:00:00+00:00,-0.015160155483305737,-0.010358982491975532,-0.004433847106204647,-0.0014001222488581044,-0.00672194714732377,0.00028487039867197694,0.0,0.0,0.0,-0.0015622774852915855,0.0,0.0,0.0,0.0,0.0,-0.01267208322404867,-0.01267208322404867,-0.004086355758711746,0.00857255807098567
2023-02-09 00:00:00+00:00,-0.06316716868970473,-0.046037263594489675,-0.017741525141210857,0.005905607912279898,-0.03328175013658807,-0.009594761198043034,0.003196118296799444,0.023212932209799142,0.0,0.0,0.0,0.0,0.0,0.0,0.0,-0.01960031355825742,-0.01960031355825742,-0.004310420322973907,0.0391694775042728
2023-02-10 00:00:00+00:00,-0.010675231431829357,-0.006620887370886841,0.000724561885437458,-0.001200677727161703,-0.005383335441011106,-0.0024712656964932522,0.009113838071698632,0.010335872401023183,0.0,-0.012800801635208026,0.0,0.0,0.0,-0.006242747887296507,0.0,0.0,0.0,0.0,0.006360965350714398
2023-02-11 00:00:00+00:00,0.010620545206113663,0.003748491356839523,0.006169804552951241,-0.00043774405694596563,0.012325721022613534,0.001892769839154651,0.0,-0.02068850396530808,0.0,0.011700198453092892,0.0,0.0,0.0,0.003865295334156249,0.0011434473212774687,0.0,0.0,0.0,-0.017568912547661242
2023-02-12 00:00:00+00:00,0.0011287589197710446,-0.002129950872941655,0.016700394526652174,-0.005026527118529245,0.019359409713369136,0.00035168501809845765,0.0,-0.013929562042423127,0.0,0.011723911883291471,0.0,0.0,0.0,0.00010913562810643818,0.0,0.0,0.0,0.0,-0.006547879105964216
2023-02-13 00:00:00+00:00,-0.006956553823163403,-0.0019091291474225836,0.0016535717219439139,0.003307567093541186,-0.016759231228439253,0.001240619055540071,0.0,0.002045251816241711,0.0,-0.011183131240380284,0.0,0.0,0.0,0.0,0.0,0.0,0.0,0.0,0.01348833590577736
2023-02-14 00:00:00+00:00,0.01642895489625218,0.0033524867547036763,-0.004706435334754788,-0.00031785626701252845,0.01689512603525367,-3.373115696203577e-05,0.0,-0.017278063190659942,0.0,0.017445424829980016,0.0,0.0,0.0,0.0,0.0,0.0,0.0,-0.00037449482207640994,-0.028681130831848534
2023-02-15 00:00:00+00:00,0.05314220475505538,0.02880647820494242,0.006486010637054118,0.00971215499859146,-0.001938491171086354,0.0,0.0,-0.007773916226452404,0.0,0.030332299053033696,0.0,0.0,0.0,0.0,0.0,0.0,0.0,0.044108672550442485,-0.05658781741606422
2023-02-16 00:00:00+00:00,-0.035074033264829385,-0.028299966982309743,-0.003908764624930061,-0.0013644470497158334,-0.017000892794566402,-0.0039498360366041485,-0.011178142120830237,-0.028060694265610753,-0.028060694265610753,-0.022637435596804423,0.0,0.0,0.0,0.0015304402164895148,-0.0018560748452937093,0.0,0.0,-0.019597207137527772,0.029798476906544025
2023-02-17 00:00:00+00:00,0.03169052230315317,0.02618300985514832,0.0037352469907563357,0.003649897414716996,-0.0024213437548111783,0.003806040798663979,0.012019953250788085,0.0258697043537901,0.0258697043537901,0.006022029314073585,0.0,0.0,0.0,0.00319815971150339,0.001811487176065496,0.0,0.0,0.004779437991662139,-0.024337261971242974
2023-02-18 00:00:00+00:00,0.003061195174935749,0.0014208038017888835,0.0012346698289105174,-0.0020026046631823613,-0.0007000000000000339,0.0,0.0,7.754623991829135e-05,7.754623991829135e-05,0.0,0.0,0.0,0.0,0.0,0.0,0.0,0.0,0.0,-0.003882961218612979
2023-02-19 00:00:00+00:00,0.00506512855836827,-0.0024578282746662294,-0.0028132904673479064,-0.013340890034260422,0.0,0.0,0.0,-0.013532818439149219,-0.013532818439149219,0.0,0.0,0.0,0.0,0.0,0.0,0.0,0.0,0.0,-0.01728351246462634
2023-02-20 00:00:00+00:00,0.02698572230326457,0.021062204860575084,0.014183362352996776,-0.0024113834490291364,0.016159445033759212,0.0,0.0,0.03171889118588522,0.03171889118588522,0.0,0.0,0.0,0.0,0.0033800663691163635,0.0024836655069393476,0.0,0.0,0.0,-0.023649970635213013
2023-02-21 00:00:00+00:00,-0.028311917390589914,-0.02361536194323477,-0.007883140731190563,-0.0015165530438666641,-0.016706260771884196,0.0008243819014746023,0.0,-0.031091749651775635,-0.031091749651775635,0.0,0.0,0.0,0.0,0.001628027506855867,0.0012787633200621595,0.0,0.0,0.0,0.025500032886154322
2023-02-22 00:00:00+00:00,-0.01670745246954164,-0.01417343634179391,-0.0077408072236790915,0.0012783509551572703,-0.01122752130918081,-0.00015747593662784887,0.0,-0.03277816431346814,-0.03277816431346814,0.0,0.0,0.0,0.0,-0.00807001458291412,0.0,0.0,0.0,0.0,0.014847750328790044
2023-02-23 00:00:00+00:00,-0.005945089624808775,-0.005849771679512172,-0.004830540460516897,-0.001699560813059664,8.739967420345884e-05,0.003581989393707019,0.0,-0.0033243711106292206,-0.0033243711106292206,0.0,0.0,0.0,0.0,-0.0014067058475869532,0.0,0.0,0.0,0.0,0.0018583042490036839
2023-02-24 00:00:00+00:00,-0.027471532760711126,-0.023210250533992394,-0.0033007688740966934,-0.004286329889820473,-0.002131387716595823,-0.0018035317150659758,0.002548108185856046,-0.008531277000686122,-0.008531277000686122,0.0,0.0,0.0,-0.00795224763602087,0.0,0.0,0.0,0.0,0.0,0.020628091945399385
2023-02-25 00:00:00+00:00,-0.008679402247039003,-0.0036941860769453827,-0.007267435067201178,0.005133398824799906,-0.0006779900000000172,-0.0016606047193297169,-0.0026137766365320614,0.0,0.0,0.0,-0.014133053172428967,-0.005613835114702148,-0.006896430752881155,0.0010992455216440877,0.0,0.0,0.0,0.0,0.013215393172429035
2023-02-26 00:00:00+00:00,0.018588571912706353,0.01156599918959822,0.003346443807382249,-0.0014764999704237614,0.0,0.0014711173742913974,0.0,0.0,0.0,0.0,0.028614161387067627,0.02321856837756031,0.021289366040300628,-0.00021298617701071,0.0,0.0,0.0,0.0,-0.028614161387067627
2023-02-27 00:00:00+00:00,-0.009030602323266357,-0.007452206632491909,-0.00661245743266814,0.0035287310231024716,0.0,0.0,0.0,0.0,0.0,0.0,-0.01096416183070148,-0.003996478774970336,-0.011119602664034778,0.0,0.0,0.0,0.0,0.0,0.01096416183070148
2023-02-28 00:00:00+00:00,-0.015465614667570793,-0.011129579348114649,-0.0059246472980438725,0.0013136037948733303,0.0,0.0,0.0,0.0,0.0,0.0,-0.022425110923802727,-0.016133490236354908,-0.022425110923802727,0.0,0.0,0.0,0.0,0.0,0.022425110923802727
2023-03-01 00:00:00+00:00,0.019610853684871588,0.012945766179618179,-0.00290465993211686,0.0017250992406359078,0.0,0.0,0.0,0.0,0.0,0.0,0.0287738099591357,0.029005691656032173,0.0287738099591357,0.0,0.0,0.0,0.0,0.0,-0.0287738099591357
2023-03-02 00:00:00+00:00,-0.009217580671661452,-0.006664597918493165,-0.004076339550400987,0.0019276445234464035,0.0,0.0,0.0,0.0,0.0,0.0,-0.013524178346069116,-0.008872226256549154,-0.013524178346069116,0.0,0.0,0.0,0.0,-0.0037040074228739117,0.013524178346069116
2023-03-03 00:00:00+00:00,-0.036147320840647645,-0.03362849734670681,0.006959829151181207,-0.0008432026116678148,0.0,0.0,0.0,-0.00975912720276595,0.0,0.0,-0.04067394930182,-0.047615196557659445,-0.030693806976365035,0.0007345554239450713,0.0,0.0,-0.010901086011552485,-0.016989343119055644,0.04067394930182
2023-03-04 00:00:00+00:00,-0.003355628852321879,-0.0007315125505439335,-0.006118613153942243,-0.004679627809980325,0.0,0.0,0.0,0.006825301207307843,0.0,0.0,-0.007505951024646906,-0.0011349434115323076,-0.003940718845656832,-0.0016527673140525057,0.0,0.0,0.007431636351553639,0.0,0.007505951024646906
2023-03-05 00:00:00+00:00,0.00022168440553338442,4.775925643518697e-05,0.00011520547790544455,0.0006651853572230415,0.0,0.0,0.0,-0.0009671622105466016,0.0,0.0,0.000401994542106765,0.0011343800664020964,-8.88730311399133e-05,0.0004995715339068951,0.0,0.0,-0.0005026290912466536,0.0,-0.000401994542106876
2023-03-06 00:00:00+00:00,-0.0017487264307300965,0.0005168005202598192,0.004078238624227515,0.003014594016243155,0.0,0.0,0.0,0.005680141755868728,0.0,0.0,-0.0007621233333333644,-0.0007431850000000351,-0.00019053083333331333,0.0,0.0,0.0,0.0054163436684042665,0.0,0.005623580309176646
2023-03-07 00:00:00+00:00,-0.00377805296079059,0.0003793956548234778,0.0030218288154608697,0.0028780037823334936,0.0,0.0,0.0,0.00916355349490705,0.0,-0.0012637886831166067,0.0,0.0,0.0,0.0,0.0,0.0,0.009957536442671167,0.0,0.005729393443738573
2023-03-08 00:00:00+00:00,-0.014019218238737863,0.007292502461023753,0.022433243103475276,0.01169386270179884,0.0,0.0,0.0,0.038774812880773224,0.0,-0.03050974774396442,0.0,0.0,0.0,0.0,0.0005038125979683894,0.0,0.04531607009994865,0.0,0.029877697575413142
2023-03-09 00:00:00+00:00,-0.016876101860521464,0.021106216887161855,-0.0010036591518509663,-0.009439947726174513,0.0,0.0,0.0,0.05321852366858559,0.0,-0.01998518593858034,0.0,0.0,0.0,-0.005849844109965585,-0.006513753781597464,0.0,0.04679069866327068,0.0,0.019790531141284706
2023-03-10 00:00:00+00:00,0.0017829421625017439,-0.004040806686515075,-0.019527271726349715,-0.012267482942664998,0.0,0.0,0.0,-0.011615126477353743,0.0,0.0163726598646321,0.0,0.0,0.0,0.012574366255442948,0.00951874451819723,0.0,0.0021989655984218093,0.0,-0.013922612036802784
2023-03-11 00:00:00+00:00,0.0026109790277821787,-0.009509740337238504,0.006473257042362457,0.011387236336544149,0.0,0.0,0.0,-0.01677135127568119,0.0,-0.0006503539122457713,0.0,0.0,0.0,-0.0031011698020380063,0.0,0.0,-0.010754387422528988,0.0,-0.009183833489589621
2023-03-12 00:00:00+00:00,0.012667403074548389,-0.04663039588571383,-0.014407178622138805,-0.0003011471962702794,0.0,0.0,0.0,-0.07278314069135905,0.0,0.03922924295837138,0.0,0.0,0.0,0.0031060711167436583,0.0014414650131076012,0.0,-0.02414311873322439,0.0,-0.06399015488330662
2023-03-13 00:00:00+00:00,0.014765953568388612,-0.020149167314526317,0.016044496599607383,0.017775992515932426,0.0,0.0,0.0,-0.00039999999999995595,0.0,0.0042112010273058775,0.0,0.0,0.0,0.01790000841006867,-0.008131426965564237,0.0,-0.0198468839441317,0.0,-0.023244258893471592
2023-03-14 00:00:00+00:00,-0.002764931322171482,-0.016303541952298328,-0.002431778205636892,8.582395092782136e-05,0.0,0.0002802401399095711,0.001118833702030253,-0.02961377835644252,-0.02961377835644252,0.00858505972023682,0.0,0.0,0.0,-0.0016362417703444931,-0.0018966935168994725,0.0,-0.01922009327689078,0.0,-0.012594740770330626
2023-03-15 00:00:00+00:00,-0.021446429732323913,-0.008910260123356495,0.01613609922329995,0.007352381700022059,0.0,-0.00011476545222111056,0.0008340784924327771,-0.015508526864248973,-0.015508526864248973,0.002724594749060616,0.0,0.0,0.0,-0.010397605447615033,0.0008691172063510777,0.0,0.0,0.0,0.03618851547345914
2023-03-16 00:00:00+00:00,0.013907122444460907,0.009388365521153519,-0.002891262218458701,0.0037155432325608473,0.0,-6.763835750422942e-05,0.0,0.014004248711726897,0.014004248711726897,-0.001886504723346838,0.0,0.0,0.0,0.0012482310893513482,0.0,0.0,0.0,0.0,-0.01188418427460225
2023-03-17 00:00:00+00:00,0.05840109184112796,0.041042833170434,-0.009678966913095777,0.007535544964691665,0.0,0.0,0.0,0.05458288351496421,0.05458288351496421,0.03246894902201447,0.0,0.0,0.0,0.0,0.001949447320490627,0.0,0.0,0.0,-0.05602426129698801
2023-03-18 00:00:00+00:00,-0.016467226464424778,-0.013916720603567412,0.0002983378503842449,-0.0014222458629951085,0.0,0.0,0.0,-0.033531498353347455,-0.033531498353347455,-0.005593030371576324,0.0,0.0,0.0,-0.004376179980403072,0.0025415561868131764,0.0,0.0,0.0,0.005915945062505701
2023-03-19 00:00:00+00:00,0.020045056556409646,0.01442424195134806,-0.006177958231315062,0.005309310927588573,0.0,0.0,0.0,0.027026562456816894,0.027026562456816894,0.014865111766411365,0.0,0.0,0.0,0.005923697840886755,0.0,0.0,0.0,0.0,-0.010145772832987676
2023-03-20 00:00:00+00:00,-0.012766899163346501,-0.014250815795580962,-0.007382930211172756,-0.005948791587103708,0.0,0.0,0.0,-0.008107715066636323,-0.008107715066636323,0.0,0.0,0.0,0.0,-0.00493883231096659,-0.0015088004934792343,0.0,-0.00015800717105063367,0.0,-0.0038181607513111393
2023-03-21 00:00:00+00:00,0.018791786373435482,0.01812350573548005,-0.001333455162333519,0.00016322893021891716,0.0,0.0,0.0,0.023767737470318018,0.023767737470318018,0.0,0.0,0.0,0.0,0.008072783630692859,-0.0013263614571009663,0.0,-0.0063287783135417275,0.0,-0.005957592333077133
2023-03-22 00:00:00+00:00,-0.03757677872436238,-0.03043804107715331,0.00647113098997365,0.0025486389475071203,0.0,0.01021326694720126,0.01021326694720126,-0.039160554354264576,-0.039160554354264576,0.0,0.0,0.0,0.0,-0.0028974886673699407,0.0,0.0,0.01606530614334356,0.0,0.016662678596249814
2023-03-23 00:00:00+00:00,0.037080938436114375,0.030703895165327566,0.001074922005975587,0.0036048339593102163,0.0,0.011166883795132643,0.007359935023566244,0.039875978968115566,0.039875978968115566,0.0,0.0,0.0,0.0,0.00024530036293968216,-0.0022638397396866905,-0.0037062286385535215,-0.01181781265244275,-0.008331537878873307,-0.01174867622607434
2023-03-24 00:00:00+00:00,-0.03854069393487558,-0.029437736580781526,0.012742088743384006,0.008072944999743648,0.0,0.00016922762428195348,0.0,-0.0448312960752586,-0.0448312960752586,0.0,0.0,0.0,0.0,0.0,0.0,-0.02194143948480931,0.023592800653037482,-0.0349267397400056,0.022800604747720943
2023-03-25 00:00:00+00:00,-0.004479332432773098,-0.0021256726808193127,0.004141950841017872,0.0032608340549891146,0.0,0.0015127837118795728,0.0,-0.0015318417930296757,-0.0015318417930296757,0.004121259686072021,0.0,0.0,0.0,-0.00028378975125376016,0.0,0.0,0.003730997686059112,-0.0017150190186909775,0.004043692604323024
2023-03-26 00:00:00+00:00,0.0163934040118614,0.012065208388678306,-0.002626511684917565,-0.0007009462324216731,0.0,0.0016567273202034993,0.0,0.012184160839712188,0.012184160839712188,0.008735724254492094,0.0,0.0,0.0,0.0,0.0,0.0,-0.008686980869493266,0.0,-0.008783772654245348
2023-03-27 00:00:00+00:00,-0.029089157482184214,-0.02099230192395407,0.006588628296483101,0.002733353275742978,0.0,0.00025359145552306117,0.0,-0.021975516093357683,-0.021975516093357683,-0.01668865589473012,0.0,0.0,-0.00958130172296423,0.0,0.0,0.0,0.013660322051927576,0.0,0.016648795455906473
2023-03-28 00:00:00+00:00,0.013771416395220726,0.010420368160349192,-0.00763755277805811,-0.005519987325378506,0.0,-0.00013609129029612532,0.0,-0.0022571664566326533,-0.0022571664566326533,0.009330757179454974,0.02141179052365194,0.01859499069924042,0.010897811928492596,0.0,0.0,-0.002718276185248669,-0.022177503717912606,-0.002718276185248669,-0.00930644339082487
2023-03-29 00:00:00+00:00,0.01944773062105898,0.01273182859474753,0.0026988175342270715,0.005060229183568188,0.0,0.0,0.0,0.0,0.0,0.0031974764793976096,0.027415409544477187,0.025307169140590613,0.020385983825024656,0.0,-0.00031357573502666103,0.003652060506056376,0.003877171822304959,0.003652060506056376,-0.010543963450750149
2023-03-30 00:00:00+00:00,-0.005916174892776405,-0.0013510136277149476,0.004782514555153883,0.0029009785278104605,0.0,0.0004962573543403348,0.0,0.0,0.0,0.0,-0.012361920176942487,-0.005590841497689514,-0.012522707676942524,0.0,0.0,0.00015383859339745953,-0.008530463150188461,0.0019924579831194222,0.008634692511816144
2023-03-31 00:00:00+00:00,0.012436163688776869,0.006902997035262093,-0.0048987772287116815,-0.002722382426061043,0.0,0.0005822378016149266,0.0,0.0,0.0,0.013607090944168121,0.020408431140681804,0.015483344457104087,0.020408431140681804,0.0,0.0,0.005163272533147634,0.01524622318670854,0.0,-0.010086201502612524
2023-04-01 00:00:00+00:00,-0.0010136142581487206,-0.0001154206366853483,0.0011498283195627845,0.0008498944218775506,0.0,0.0,0.0,0.0,0.0,-0.001366197157933624,-0.00186925055759668,-0.0007398871785501138,-0.00186925055759668,0.0,0.0,-0.00026355042855685795,-0.0016309116152619652,0.0,0.0013759924385632338
2023-04-02 00:00:00+00:00,-0.01033840596253821,-0.00573612978311544,0.005719838712998637,0.003755118942111668,0.0,-9.659089288793776e-05,0.0,0.0,0.0,-0.009082650322090768,-0.01730031838119861,-0.012326857080076192,-0.01730031838119861,0.0,0.0,-0.004849611032769374,-0.01393387217715436,0.0,0.009082413661147815
2023-04-03 00:00:00+00:00,-0.002163763710468447,-0.0012308910248376437,-0.0034371291211238164,-0.003696996271027042,0.0,0.0013424226950862206,0.0,0.0,0.0,-0.008032778473402336,-0.002470740847887898,-0.0021691456677068732,-0.0020148364692492704,0.0,-0.001279365205178018,0.0030539531238389372,0.00215892751264235,0.0,0.0010246437360832417
2023-04-04 00:00:00+00:00,0.014881544537727498,0.009923952858868157,-0.0029603518611993618,-0.0011863854267741836,0.0,0.0,0.0,0.0006150961152042722,0.0006150961152042722,0.0,0.022752672771986004,0.0230052607133715,0.011194448052659567,0.0,0.0,0.010858591649381744,0.013586477585256995,0.0006150961152042722,-0.007415832296404967
2023-04-05 00:00:00+00:00,0.00615747912717679,0.005670633732567376,-0.0008132964072464777,-0.0006332915399380745,0.0,0.0007647858015458198,0.0,0.00677971481170192,0.00677971481170192,0.0,0.007432072528338773,0.010030408830778326,0.0016666739654180862,0.0,0.0,-0.0010389299546456066,-0.0019778672125845276,-0.0010389299546456066,-0.0007451333078198896
2023-04-06 00:00:00+00:00,-0.008602018142983558,-0.005629879229176349,0.004039549411670729,0.0026903744790200967,0.0,0.000517806732576398,0.0,-0.006376061000493927,-0.006376061000493927,0.0,-0.0007548433333333104,-0.0007322650000000097,-0.00018871083333338312,0.0,0.0,-0.013518316425632615,-0.013518316425632615,-0.00820457991875645,0.0055986100555105445
2023-04-07 00:00:00+00:00,-0.0032924554585284094,-0.001969254478515814,0.0012328018358667148,0.0005535362668069865,0.0,0.0,0.0,-0.0015225847836796147,-0.0015225847836796147,0.0,0.0,0.0,0.0,0.0,0.0,-0.011562311324656238,-0.008184097269346435,0.0,0.002807278593494722
2023-04-08 00:00:00+00:00,-0.0024923412269876044,0.0005776862029507335,0.007159971136221577,0.001987235288516409,0.0,0.0,0.0,-0.0019733015074256954,-0.0019733015074256954,0.0,0.0,0.0,0.0,0.0,0.0,0.00040015441566265686,0.00040015441566265686,0.0,0.006764319406218355
2023-04-09 00:00:00+00:00,0.005846334203540859,0.0028621448899883717,0.00040890509501911865,-0.0012540711987372166,0.0,0.0,0.0,0.0,0.0,0.0,0.0,0.0,0.0,0.0,0.0,0.004589122600157536,0.004589122600157536,0.0,-0.004183476064722358
2023-04-10 00:00:00+00:00,0.024714758451841456,0.01704895331843148,0.0053582135115815,0.0018478733296947158,0.0,0.0,0.0,0.0,0.0,0.0,0.0,0.0,0.0,0.0,0.00015230566998658546,0.015251060538737038,0.015251060538737038,0.005003555301063889,-0.010022923487695401
2023-04-11 00:00:00+00:00,0.007947696626948497,-0.0062630070711355845,-0.02729343996055611,-0.027781505093492198,0.0,0.0,0.0,0.01389568988291745,0.01389568988291745,0.0,0.0,0.0,0.0,0.0029129017880056285,0.0015846752418544607,0.006216532231855254,0.006216532231855254,0.014097420603463195,-0.03351733358861442
2023-04-12 00:00:00+00:00,0.010116221625441124,0.006606849567239559,-0.014970824772012392,-0.012763222402260688,0.0,0.0006210355204991913,0.0,0.008136323511055643,0.008136323511055643,0.0,0.0,0.0,0.0,0.0024503331176459753,0.0,-0.0034883414185623574,-0.0034883414185623574,0.009339902465244743,-0.011480213632476755
2023-04-13 00:00:00+00:00,0.027831757015597702,0.024348775454869687,-0.003315891008235261,-0.00046425073020006646,0.0,0.0,0.0,0.01829973066815005,0.01829973066815005,0.0,0.0,0.0,0.0,-0.0050500392527410565,0.001936102831665787,0.009575941919224507,0.009575941919224507,0.003953875954698649,-0.008688280384065883
2023-04-14 00:00:00+00:00,0.018323131207744092,0.01772359640904031,-0.0030065648040813464,0.012927737538299233,0.0,0.0029615910748559404,0.011885541624495843,0.019487828160348553,0.019487828160348553,0.0,0.0,0.0,0.0,0.00592496311372237,0.0009060922919883474,0.015526406192218012,0.01783751783962262,0.01463082911396052,-0.003953556074192344
2023-04-15 00:00:00+00:00,-0.011688344550137009,-0.009224982183974051,0.007105946015256048,0.0005106515082728968,0.0,-0.0016008591320021415,-0.006394453424518609,-0.012441701884981615,-0.012441701884981615,0.0,0.0,0.0,0.0,0.0019563246948537394,0.0,-0.0033905982963934322,-0.0019357528318498796,-0.0001535973887943909,0.009040129449838119
2023-04-16 00:00:00+00:00,0.02002990443944408,0.015563777430466219,-0.017813807673259574,0.0040489652052619896,0.0,0.0,0.0,0.021855324559313605,0.021855324559313605,0.0,0.0,0.0,0.0,0.0016455408649080905,-7.308310699993825e-05,0.0041643665644641725,-1.8462956782983042e-05,0.0,-0.017791578643083783
2023-04-17 00:00:00+00:00,-0.02585856667889297,-0.023300526385912734,0.0017972296894919193,0.0032643559640122,-0.001583848951875133,-0.0012081576624256574,0.0,-0.022365007795797975,-0.022365007795797975,0.0,0.0,0.0,0.0,0.0005540376967718696,-0.0012423803625120078,-0.016633531603098994,-0.009688154202297072,-0.010349137093974115,0.010281323417481891
2023-04-18 00:00:00+00:00,0.017317141489125998,0.01724569229338857,-0.006150769977473658,-0.00881253000581994,-0.011307921032738921,0.0013640256042815047,0.0,0.007771647808583859,0.007771647808583859,0.0,0.0,0.0,0.0,0.001887635243800423,0.0,0.015193865357151948,0.010633768263758059,0.004556098963531152,-0.0031397993764402665
2023-04-19 00:00:00+00:00,-0.07067677796032967,-0.06376774590558387,-0.009781186961167698,4.2270358620921655e-05,-0.017926345172250557,-0.007661565876172949,0.0009040251873375649,-0.04934916379427112,-0.04934916379427112,0.0,0.0,0.0,0.0,-0.0002637133377449974,0.0,-0.04473163465593455,-0.01750176394177083,0.0,0.029247812793373296
2023-04-20 00:00:00+00:00,-0.011525632398254215,-0.010797739095910086,0.008171753701457396,0.007508352758652137,-0.0007071050000000412,-0.0008834355816198514,0.0,-0.0002666666666666373,-0.0002666666666666373,0.0,0.0,0.0,0.0,-0.003847367154829362,0.0,-0.005049670511871551,-0.006609474187468711,0.0,0.007000915217327375
2023-04-21 00:00:00+00:00,-0.034250710986022725,-0.027160262162693627,-0.004601791567375502,-0.0015479874547035255,0.0,-0.008877437115730191,0.0003895121297281534,2.332512026281819e-05,0.0,0.0,0.0,0.0,0.0,0.0007802909059444474,0.0,-0.02923164684036883,-0.011651023894915569,0.0,0.014163381958530508
2023-04-22 00:00:00+00:00,0.011874766270762338,0.006219382664892192,-0.002166432916549721,-0.0030803107104427907,0.0,0.005699329670448172,2.7910781426054854e-06,-0.006660124415488133,0.0,0.0,0.0,0.0,0.0,0.000775600799708398,0.0,0.0,0.0,0.0,-0.00023715666666668245
2023-04-23 00:00:00+00:00,-0.006413908034500926,-0.004101781104869473,0.0006480582348220576,-0.00042400913660645134,0.0,0.0002345149193514473,0.0,0.0027712184174626397,0.0,0.0,0.0,0.0,0.0,0.0,0.0,0.0,0.0,0.0,0.0
2023-04-24 00:00:00+00:00,-0.0036085392883323797,-0.001955526187657153,-0.0027347832945398,0.00015439883642653918,0.0,0.0,0.0,0.0009066438890983353,0.0,0.0,0.0,0.0,0.0,0.0,0.0,0.0,0.0,0.0,0.0
2023-04-25 00:00:00+00:00,0.01166050100204763,0.003421699971311476,-0.004218031716284432,-0.004344501322817496,0.0,0.0,0.0,-0.009494817274372291,0.0,0.0,0.0,0.0,0.0,0.0,0.0,0.0,0.0,0.0,0.0
2023-04-26 00:00:00+00:00,-0.014209314350020152,-0.02022427824545725,0.010086809759044524,-0.008066425700131052,0.0,0.005555062265683697,0.009445237064736656,-0.007893057159818584,0.0,0.0,0.0,0.0,-0.0024324208564139305,-0.002416105871709928,0.0,0.0,-0.009841459937870334,0.001689259466525428,0.0
2023-04-27 00:00:00+00:00,0.020045102601983,0.008242589496433306,-0.009181012498288288,0.0049488196644840166,0.0,0.005702960925398903,0.013646098510515126,0.0,0.0,0.0,0.03607979906034409,0.029360097416259334,0.01822476619683866,0.00396912375978653,0.0,0.0,0.016626710067727535,0.008383109417140266,0.0
2023-04-28 00:00:00+00:00,0.004554660768573582,0.00047413398044438004,-0.01805605114641462,0.013904011129828975,0.0,0.0,0.0,0.0,0.0,0.0,0.009874449766874571,-0.0075467240059031715,0.007254728991822557,0.00020375631873159605,0.0,0.0,0.014897436729849778,0.00021017640242071423,0.0
2023-04-29 00:00:00+00:00,-0.0007808619608279388,-0.0009675765198134956,0.005224059638332168,-0.004568076247208341,-0.002559257036868212,0.0,0.0,0.0,0.0,0.0,-0.0004225519284589696,0.002819715236329845,-0.0005885960951257374,0.0,0.0,0.0,-0.002302394074588876,-0.002302394074588876,0.0
2023-04-30 00:00:00+00:00,-0.010407314788982491,-0.008260755237056827,-0.0002904915131494157,0.002092788090222175,-0.009869461132535728,0.0,0.0,0.0,0.0,0.0,-0.013224296648093103,-0.010079722027155902,-0.013224296648093103,0.0,0.0,-0.006989727899262221,0.006739701682364041,-0.0027875055914985403,0.0
2023-05-01 00:00:00+00:00,-0.022417652492916718,-0.015334918841880651,-0.007331938309652397,-0.0016388926138747317,0.0025108493177044,-0.004194175488646756,0.0,0.0,0.0,0.0,-0.03182045657083499,-0.030265565294478436,-0.03182045657083499,0.0,0.0,-0.006861131547890809,0.0,-0.0002245699999999795,0.0
2023-05-02 00:00:00+00:00,0.011157972061613952,0.00517898326147237,4.493470550004375e-05,-0.004767041180709919,-0.003756773096967425,0.004764828571659274,0.0,0.0,0.0,0.0,0.018822148488013335,0.02130419653324145,0.018822148488013335,0.0,0.0,0.007052548327673547,0.0,0.0,0.0
2023-05-03 00:00:00+00:00,0.003650843044417984,-0.0014064235563441274,-0.002103972993538483,0.000843325075788881,-0.006622639289307286,-0.0010991298543132633,0.0,0.0,0.0,0.0,0.01012427128376081,0.015591350640068224,0.007401173462820543,0.0,0.0,0.0062650372791310804,0.0,0.0,0.0
2023-05-04 00:00:00+00:00,-0.009676926070482539,-0.00580766454557502,0.002813612237216212,0.00010171400282343868,-0.000648865000000054,0.0,0.0,0.0,0.0,0.0,-0.014975130834747219,-0.011093754318661553,-0.007679042917373646,0.0,0.0,-0.005113675363227932,0.0,-0.005312721963442013,0.0
2023-05-05 00:00:00+00:00,0.028794325308457713,0.017429554231189304,-0.01299678058183773,-0.0031492507824580906,0.0,0.0,0.0,0.00012002237361263823,0.00012002237361263823,0.0,0.044840054829969445,0.042360087514677236,0.01102060870749244,0.0,0.0,0.020319953891776654,0.0,0.020319953891776654,0.0
2023-05-06 00:00:00+00:00,-0.030819216128153526,-0.02710647611932049,0.008850475797969048,0.0006366508724513498,-0.009394310388797789,-0.0006050877103688235,0.0,-0.020021619298830062,-0.020021619298830062,0.0,-0.0008000000000000229,-0.0008000000000000229,-0.00019999999999997797,0.0,0.0,-0.016461005674325513,-0.0035006439129389166,-0.016461005674325513,0.0
2023-05-07 00:00:00+00:00,-0.011424265928833277,-0.010446513035294758,-0.0003201600893135703,-0.0016304683977701462,-0.0006966349999999455,0.0005366057009701386,0.0,0.0,0.0,0.0,0.0,0.0,0.0,0.0,0.0,-0.004516667240078487,0.00486318737635183,-0.0007623766784663477,0.0
2023-05-08 00:00:00+00:00,-0.013371613275039995,-0.002062503722613629,0.006658551884086705,0.0006181903122284282,0.0,0.0,0.0,0.0,0.0,0.0,0.0,0.0,0.0,0.0,0.0,-0.004082368607670306,0.008939347501311756,0.0,0.0
2023-05-09 00:00:00+00:00,-0.0005333235973344896,-0.000691664733230346,-0.0012745415447448227,-0.0010292756339245202,0.0,0.0,0.0,0.0,0.0,0.0003120688857620735,0.0,0.0,0.0,0.0,0.0,-0.0002069586880525387,0.0005833020744869799,0.0,-0.0008035828288708302
2023-05-10 00:00:00+00:00,0.0003184244900031885,-0.0013028442347388092,-0.004571637318885102,-0.002936941317603692,0.0,0.0,0.0,0.0,0.0,0.0042343421866213315,0.0,0.0,0.0,0.0,0.0,-0.0010774301134574005,0.00022967899992942797,0.0,-0.004202159594976385
2023-05-11 00:00:00+00:00,-0.010711441045717973,0.001981734007643343,0.004301612953218736,-0.0008054417924535651,0.0,0.0,0.0,0.0,0.0,-0.011980663612604858,0.0,0.0,0.0,0.0,0.0,-0.006258239052637449,0.007673560659719358,0.0,0.011919673232738681
2023-05-12 00:00:00+00:00,0.0002020199440810888,-0.008900944151877699,-0.014251378020409433,-0.009885654662044718,0.0,0.0,0.0,-0.0064164470026620846,0.0,0.0014893368216524205,0.0,0.0,0.0,0.0,0.0,0.0,0.0020472927580839073,0.0,-0.01209984921245777
2023-05-13 00:00:00+00:00,-0.0012571370911951263,0.0006344340352431033,0.0008017347444504441,0.0004834656854917352,-0.0018963271166757556,0.0,0.0,0.0003091932518644036,0.0,0.0,0.0,0.0,0.0,0.0,0.0,0.0,0.0003091932518644036,0.0,0.0011133923188821893
2023-05-14 00:00:00+00:00,8.563272324657589e-05,-0.0029293656165571003,0.00044657599114628077,5.715832641639551e-05,-0.0006698639867195322,0.0,0.0,-0.0017390895751130397,0.0,0.0,0.0,0.0,0.0,0.0,0.0,0.0,-0.0017390895751130397,0.0,-0.0012582916641065145
2023-05-15 00:00:00+00:00,0.0013916664400408507,-0.003684754476480756,0.0018933288859970254,0.00012491866597086343,-0.0033848664932997208,0.0,0.0,-0.004114612184342614,0.0,0.0,0.0,0.0,0.0,0.0,0.0,0.0,-0.0031397516557362115,0.0,-0.0008397280612000291
2023-05-16 00:00:00+00:00,-0.0011438493340997224,0.0016764083880476122,0.00632959714893655,0.0011653796853643428,-0.004889255168030404,0.0,0.0,0.0,0.0,0.0,0.0,0.0,0.0,0.0,0.0,0.0,0.0016094622961557725,0.0,0.004887169751402798
2023-05-17 00:00:00+00:00,0.00079554961578987,-0.007158075887089721,-0.006415602858498071,-0.005882775197987078,-0.0006732950000000182,0.0,0.0,0.0,0.0,0.0,0.0,0.0,0.0,0.0,0.0,0.0,0.002731497101892133,0.0,-0.006036393137226481
2023-05-18 00:00:00+00:00,-0.0053152336077583184,0.008832180265260448,0.007379603375176957,-0.0013045315429165427,-0.007052463203390813,0.0,0.0,0.0,0.0,0.0,0.0,0.0,0.0,0.0,0.0,0.0,0.0,0.0,0.011463171734448219
2023-05-19 00:00:00+00:00,0.0007666348093560149,-0.0012308623193181267,0.0018862705895232867,0.0006484512779521001,-0.0006408100000000472,0.0,0.0,0.0,0.0,0.0,0.0,0.0,0.0,0.0,0.0,0.0,0.0,0.0,-0.00022032378539693642
2023-05-20 00:00:00+00:00,0.0004756417295359583,-0.0017174135241520005,0.0026268177928163716,0.0018523050058649737,0.0,0.0,0.0,0.0,0.0,0.0,0.0,0.0,0.0,0.0,0.0,0.0,0.0,0.0,0.0013285042456865348
2023-05-21 00:00:00+00:00,-0.002818370113124802,0.009899781689778786,0.008256445801865686,0.005717364685438486,0.0,0.0,0.0,0.0,0.0,0.0,0.0,0.0,0.0,0.0,0.0,0.0,0.0,0.0,0.010970867988321364
2023-05-22 00:00:00+00:00,0.0008333792124601835,-0.00031592372294320104,0.003904716580508616,0.003426814993114702,0.0,0.0,0.0,0.0012844242478198264,0.0,0.0,0.0,0.0,0.0,0.0,0.0,0.0,0.0,0.0,0.0015996632721213544
2023-05-23 00:00:00+00:00,0.002233355527241354,-0.013774782485990178,-0.0019468734861659565,0.0004797442529347329,0.0,0.0,0.0,-0.008650491302938046,0.0,0.0,0.0,0.0,0.0,0.0,0.0,0.0,0.0,-0.002361733333397953,-0.00861170416828938
2023-05-24 00:00:00+00:00,-0.005460660301856102,0.020109882926005795,0.003913666444689046,4.4821314108656196e-05,0.0,0.0,0.0,0.013979363300830494,0.0,0.0,0.0,0.0,0.0,0.0,0.0,0.0,0.0,-0.011404552152602276,0.013771029704354731
2023-05-25 00:00:00+00:00,0.0005716787980363236,-0.0020565596457108315,0.00039203236115770146,0.0005770851822015644,0.0,0.0,0.0,-0.0007034746490878208,0.0,0.0,0.0,0.0,0.0,0.0,0.0,0.0,0.0,0.0,-0.0006572473863833972
2023-05-26 00:00:00+00:00,0.0013428205021766004,-0.004805716800304949,0.0022891663346660263,0.0027627473445215323,0.0,0.0,0.0,-0.0017479100419600657,0.0,0.0,0.0,0.0,0.0,0.0,0.0,0.0,0.0,0.0,-0.0017360701170928694
2023-05-27 00:00:00+00:00,0.0015765485854908334,-0.015198025116400449,-0.01789988633102646,-0.0132079117745999,0.0,0.0,0.0,-0.004508684407032892,0.0,0.0,0.0,0.0,0.004947534701935652,0.0,0.0,0.0,0.0,0.0,-0.018246253229974196
2023-05-28 00:00:00+00:00,0.011785151625945955,-0.0076055624294338875,0.008333980960961496,-0.003854129290908226,0.0,0.0,0.0,0.0,0.0,0.0,0.034985975553682325,0.04354860575031294,0.01765152111017443,0.0,0.0,0.0,0.0,0.0,-0.006153571720140416
2023-05-29 00:00:00+00:00,-0.005463999348313875,-0.0014010200519518623,0.0006308712949900652,-0.0005391287427352065,0.0,0.0,0.0,-0.007504917463479921,-0.007504917463479921,0.0,-0.01078196985315627,-0.010661862367002506,-0.008236477389867214,0.0,0.0,0.0,0.0,0.0,-0.0038338466361803603
2023-05-30 00:00:00+00:00,0.0009945794440739952,-0.008723621270313231,-0.009373207465481426,-0.00727162701134243,0.0,0.0,0.0,0.0008405496934908996,0.0008405496934908996,0.0,0.011566158550197825,0.0012173423210439793,0.011412981050197724,0.0,0.0,0.0,0.0,0.0,-0.009943035455472593
2023-05-31 00:00:00+00:00,-0.008852536790889154,-0.002740237260618672,0.0021503077347964084,0.001246439923393794,0.0,0.0,0.0,-0.012155081656607392,-0.012155081656607392,0.0,-0.017517306443133207,-0.015888256675761214,-0.017517306443133207,0.0,0.0,0.0,0.0,0.0,-0.0036670357912150786
2023-06-01 00:00:00+00:00,-0.005898763939400142,-0.001211824979310161,0.003021568275108466,0.003068319568487521,0.0,0.0,0.0,-0.002257485041887941,-0.002257485041887941,0.0,-0.01248080761624093,-0.010786492539210046,-0.01248080761624093,0.0,0.0,0.0,0.0,0.0,-0.001901182436039206
2023-06-02 00:00:00+00:00,0.01117945741659665,0.000622990346536012,-0.004280616591314956,0.0012644307007105837,0.0,0.0,0.0,0.007943689732469394,0.007943689732469394,0.0,0.025425717039708973,0.01973932241107179,0.025425717039708973,0.0,0.0,0.0,0.0,0.0,0.0008933795083867491
2023-06-03 00:00:00+00:00,-0.003881192318223481,-0.0026482161705754237,-0.001559590729992566,7.55022948348838e-05,0.0009937955384500263,0.0,0.0,-0.0026264956925440286,-0.0026264956925440286,0.0,-0.005898384122000611,-0.007238477999813586,-0.004621638091500513,0.0,0.0,0.0,0.0,0.0,-0.0037529198777508377
2023-06-04 00:00:00+00:00,0.004952679318707132,0.0017552007475130083,-0.010281519635116254,-0.0008830312676932905,0.013966118312153775,0.0,0.0,0.0024753965559016766,0.0024753965559016766,0.0,0.009847160805320998,5.102821704494609e-05,0.004733849569327209,0.0,0.0,0.0,0.0,0.0,-0.00977912318259433
2023-06-05 00:00:00+00:00,-0.03044272478678789,-0.010653255190129607,-0.011606111431439081,0.004116196604297739,-0.016057697147158656,-0.003250092961521789,0.0,-0.04301761765091383,-0.04159434899560621,0.0,-0.058915911680602395,-0.046576301737461856,-0.014920889586817254,6.276456027931587e-05,0.0002059334852837491,0.0,0.0,0.0,-0.003185823969346746
2023-06-06 00:00:00+00:00,0.008334183582760613,-0.019159000188355146,-0.013160772500629525,-0.004193648100095371,-0.019741158750944288,0.0002792622568865699,0.0,-0.017642269879524997,0.0,0.0,-0.0006347500000000172,-0.0006397350000000301,-0.00015868750000003207,0.0057352238418919566,0.0,0.0,0.0,0.0,0.02663379015499623
2023-06-07 00:00:00+00:00,-0.011914912079179607,0.01894298249444093,-0.017718932320698655,0.0074228905839262005,-0.0007000000000000339,0.0,0.0,0.0,0.0,0.0,0.0,0.0,0.0,0.0,0.0,0.0,0.0,0.0,0.00845012733169015
2023-06-08 00:00:00+00:00,0.0010232405367263109,-0.007527442728748612,0.002460734009116061,-6.585700168737496e-05,0.0,0.0,0.0,-0.00771193636552181,0.0,0.0,0.0,0.0,0.0,0.0,0.0,0.0,0.0,0.0,-4.445473281988743e-05
2023-06-09 00:00:00+00:00,-0.0004616775978110166,0.026253302628981068,-0.026010586042994333,0.013603523195820255,0.0,0.0,0.0,0.02610829583715546,0.0,0.0,0.0,0.0,0.0,0.0,0.0,0.0,-0.00027168497957785753,0.0,0.024997256630080678
2023-06-10 00:00:00+00:00,-0.008467675591538493,0.04190623455370979,-0.025780001744062142,0.0011523891556384225,0.0,0.0,0.0,0.027392724291118498,0.0,0.006122506638805536,0.0,0.0,0.0,-0.01132283915601151,0.008600478211735707,0.0,0.06034458692812872,0.0,0.009616609778555052
2023-06-11 00:00:00+00:00,9.816703731679866e-06,-0.001034457322759863,-0.002292570336941191,0.000806744191186759,0.0,0.0,0.0,-0.00927613592480736,0.0,-0.0008426201164063452,0.0,0.0,0.0,-0.0006170544611379114,0.0,0.0,0.0,0.0,0.001629937381562696
2023-06-12 00:00:00+00:00,-0.00042685216511151314,0.006700837735064358,0.006447528984162787,0.0018080593214877538,0.0,0.0,0.0,0.0019684324131907793,0.0,-0.007369934679572254,0.0,0.0,0.0,0.014330097544898113,0.0,0.0,0.0,0.0,0.009294503146357824
2023-06-13 00:00:00+00:00,-0.0003872509831206461,0.0013267310551665634,0.003664841729783097,0.0016293357009589116,0.0,0.0,0.0,0.0004595873245218929,0.0,-0.003067474684727012,0.0,0.0,0.0,0.004846414264111809,0.0,0.0,0.0,0.0,0.004175963660574489
2023-06-14 00:00:00+00:00,-0.0014554593362071655,0.03254237914653113,0.0017890757005556424,-0.0037339717808750894,0.0,0.0,0.0,0.017235618243987894,0.0,-0.012054374300350612,0.0,0.0,0.0,0.0005397248140581734,0.0,0.0,0.0,0.0,0.018900747156210596
2023-06-15 00:00:00+00:00,-1.736694444443021e-05,-0.014928937431020639,-0.0005099637504731858,0.002460793469818201,0.0,0.0,0.0,-0.009679593388886132,0.0,0.006850089761735845,0.0,0.0,0.0,0.002623134655935777,0.0,0.0,-0.006449401648566555,0.0,-0.010102538812737594
2023-06-16 00:00:00+00:00,0.0,-0.02946576190588135,-0.0024162787291306387,0.002942495077072893,0.0,0.0,0.0,-0.02067960226023724,0.0,0.012205027972979954,0.0,0.0,0.0,-0.001415302338851121,0.0,0.0,-0.011052621822367548,0.0,-0.02255801409944369
2023-06-17 00:00:00+00:00,-0.00013312407222443312,-0.009948780864332374,-0.00497432757529348,-0.0018979393284175305,0.0,0.0,0.0,-0.005344931927174668,0.0,0.0071437691776730095,0.0,0.0,0.0,-2.2119762595140813e-05,0.0,0.0,0.002114740982936958,0.0,-0.008933859790479337
2023-06-18 00:00:00+00:00,-0.00020971226538923915,0.0064644222603100765,0.002005993144819973,8.376549648758669e-05,0.0,0.0,0.0,0.0,0.0,0.0,0.0,0.0,0.0,0.0,0.0,0.0,-0.0023017255665810366,0.0,0.003186926714027649
2023-06-19 00:00:00+00:00,0.0003911577208173256,-0.019060163377016437,-0.008303836245361795,-0.0018485543623426581,0.0,0.0,0.0,0.0,0.0,0.011479821418290737,0.0,0.0,0.0,0.0,0.0,0.0,0.006234368646322208,0.0,-0.011405344044728816
2023-06-20 00:00:00+00:00,0.006506703497586752,-0.022582290805859495,0.007096487925179806,0.012099429257313998,0.0,0.0,0.0,0.0035440242084530116,0.0035440242084530116,0.011057332480842064,0.0,0.0,0.0,0.0,0.0,0.0,0.013920553543727898,0.014913767858433902,-0.0034838030927519803
2023-06-21 00:00:00+00:00,0.018605882177412214,-0.005011074300466767,0.008169337973836566,0.013016219730623613,0.0,0.0,0.0,0.019703811374943703,0.019703811374943703,0.011674202669189615,0.0,0.0,0.0,0.0,0.0,0.0,0.0,0.03752893769407928,-0.009831196902933659
2023-06-22 00:00:00+00:00,-0.005342894874349469,0.0008472424471890339,0.01031323846148191,0.0059553482317622475,0.0,0.0,0.0,-0.009710650006850896,-0.009710650006850896,-0.011627511784799482,0.0,0.0,0.0,0.0,0.0,0.0,0.0,-0.00148433983378915,0.011205619850570114
2023-06-23 00:00:00+00:00,0.009380535786007282,0.0021133963861439398,-0.0013581345136186584,0.0024346974572997393,0.0,0.0,0.0,0.012511897772695901,0.012511897772695901,0.0029054642979613465,0.0,0.0,0.0,0.00047496896155108104,0.0,0.0,0.0,0.0,-0.01016747900455306
2023-06-24 00:00:00+00:00,-0.004574011543932555,0.002024063140606769,0.007944532117647674,0.004204882243766139,0.0,0.0,0.0,-0.004905470817892499,-0.004905470817892499,0.0,0.0,0.0,0.0,0.0,0.0,0.0,0.0,0.0,0.009666996677175188
2023-06-25 00:00:00+00:00,0.0017104862766015305,-0.00332086792924835,-0.007166745909632732,-0.004703235514788795,0.0,0.0,0.0,0.0033407431602590076,0.0033407431602590076,0.0,0.0,0.0,0.0,0.0,0.0,0.0,0.0,0.0,-0.006343822240325481
2023-06-26 00:00:00+00:00,-0.009550165449194181,-0.0012439326467847955,0.011191923759570566,0.005936295004479231,0.0,0.0012254569643195268,0.0019880203563094057,-0.009382893310780016,-0.009382893310780016,0.0,0.0,0.0,-0.005868579996054835,0.0,0.0,0.0,0.00046200584902966746,0.0,0.013457747735756254
2023-06-27 00:00:00+00:00,0.008676264277493573,0.0027730929850091623,-0.0027395617155694385,-6.045229216544712e-06,0.0,0.002988735592363012,0.0013455383499896278,0.010072515523918524,0.010072515523918524,0.0,0.01670491551239217,0.014471406468711256,0.00851779858952928,0.0,0.0,0.0,-0.00744447064378273,0.0,-0.007300264533251277
2023-06-28 00:00:00+00:00,-0.01770437871271413,-0.008937221170078113,0.006417708443979375,0.001120301932784118,0.0,-0.0003857317392613746,0.0,-0.01778380696016124,-0.01778380696016124,0.0,-0.03093745603313569,-0.02660738894383252,-0.023353092024851807,0.0,0.0,0.0,0.013125547095614198,0.0,0.013199196737247343
2023-06-29 00:00:00+00:00,0.009386974074394372,-0.016436647965437423,-0.03803962461871835,-0.0211264660864946,0.0,0.002150578129489933,0.0,0.007104795090943528,0.007104795090943528,0.0,0.050472308870050275,0.012565460299063469,0.05030545137005027,0.0017161261340907785,-0.001646616526281619,0.0,-0.04265284741761366,0.0,-0.04209533533734133
2023-06-30 00:00:00+00:00,0.012004240376214614,-0.00016618566141302082,-0.015916806394599692,-0.008397243654722941,0.0,0.005408988523103897,0.004289562386587953,0.03103543726718927,0.03103543726718927,0.0,0.030890087523099963,0.02227647775896613,0.030890087523099963,0.00730123084644263,0.002705143407162991,-0.0031815309063703,0.0,-0.0031815309063703,-0.016039102350455803
2023-07-01 00:00:00+00:00,-0.0015897198627045084,0.00022056284564930806,0.004431992440172117,0.0024343681045679855,0.0,-0.0006752532982279291,-0.001021922609325987,-0.003747871957223925,-0.003747871957223925,0.0,-0.0038603378469259653,-0.0008539635372782906,-0.0038603378469259653,0.0014229312512932246,0.0,0.00114131757373781,0.0,0.0012010934160824327,0.0032910288220737716
2023-07-02 00:00:00+00:00,0.007570649772802973,-0.0007302121605248235,-0.013459620477030754,0.004684399997034516,0.0,0.0,0.0,0.01633133625665395,0.01633133625665395,0.0,0.016370044713479803,0.003876195791573167,0.016370044713479803,-0.00014338254165857656,-0.0012324996062933469,0.00032789071194172514,0.0,0.0,-0.013785914185764248
2023-07-03 00:00:00+00:00,0.005335907992305211,0.005931124740115923,0.009300780527157881,-0.004742665754454922,0.0,0.0,0.0,0.005072067122637192,0.005072067122637192,0.0,0.005056240565878056,0.012926095196509113,0.0035921804244085642,0.0,0.0006638004181738211,0.005737523393972932,0.0,0.0008461625282241148,0.00356115623179476
2023-07-04 00:00:00+00:00,-0.00963897760309107,-0.008906134637374108,-0.0021044310336865157,0.002237130951084243,0.0,0.00016539243298652195,0.0,-0.009704899464769934,-0.009704899464769934,0.0,-0.009891911193154468,-0.011537729815910835,-0.0051428947632439215,0.0,-0.001602543914870913,-0.004299097356704307,0.0,-0.00395736539396796,0.0022000913158806146
2023-07-05 00:00:00+00:00,-0.008964517402591743,-0.006323239476837328,-0.0003414616500029277,0.0031427604099569795,0.0,-0.0005135781325341648,0.0,-0.010123916018595525,-0.010123916018595525,0.0,-0.010210860655880394,-0.011326501250417564,-0.002752715163970132,0.0,0.0,-0.0029895801121608834,-0.00020373109422533453,0.0,0.0026598598222686842
2023-07-06 00:00:00+00:00,-0.011038125167276536,-0.01509567179690341,-0.017425068112948416,0.017102000865957256,0.0,-0.001875929905332585,-0.010208359555547664,-0.007206925330989988,-0.007206925330989988,0.0,-0.0007649033333333444,-0.0008000000000000229,-0.00019122583333330834,0.008807237435269233,-0.014437803636802027,-0.006765715561542929,0.011532722960232666,-0.020855180999808542,-0.01064699917079337
2023-07-07 00:00:00+00:00,0.024737656713789136,0.008640339219017967,-0.02717224770017046,0.012411355767752985,0.04010488155025582,0.0038217818233063916,0.012676049952789592,0.03147234067599758,0.03147234067599758,0.0,0.0,0.0,0.0,0.011807006256282726,0.004749500906591875,-0.0002356599999999709,-0.004492621177673239,0.03197678785600799,-0.03222036660813932
2023-07-08 00:00:00+00:00,0.0019322115103437287,-0.00010317831387218757,-0.005650207599717683,0.0035747013458879984,0.00847531139957658,-0.00023335414088365702,0.0,0.005032456510331462,0.005032456510331462,0.001718299417757363,0.0,0.0,0.0,0.006227372013869692,-0.0012099959550053718,0.0,0.0009710319202309581,0.006650875144836199,-0.004977026790784267
2023-07-09 00:00:00+00:00,-0.006807542846025139,-0.0032192842525747833,0.006120371760183874,-0.003377087741296192,-0.00918055764027581,0.00040317997148719975,0.0,-0.007538827168790285,-0.007538827168790285,-0.007538827168790285,0.0,0.0,0.0,0.0,0.0,0.0,0.0004997701377671415,0.0,0.007519534266978489
2023-07-10 00:00:00+00:00,0.0029855119198400892,0.0020203126941515936,-0.004463058018600474,-0.0033736638957335696,-0.0048565401731467395,0.0,0.0,-0.0003357150548052301,-0.0003357150548052301,0.0038059259505369702,0.0,0.0,0.0,0.0,0.0,0.0,-0.003160959750141301,0.0,0.0005023614058956571
2023-07-11 00:00:00+00:00,0.01058561953378545,0.006296166989206542,0.012358687840320126,0.007316230543355395,0.01461357994024004,0.0,0.0,0.011945918996724592,0.011945918996724592,4.128743674214341e-05,0.0,0.0,0.0,0.0,0.0,0.0,0.0003459495173310234,0.0,-0.011993175480284335
2023-07-12 00:00:00+00:00,-0.005770598980847974,-0.0048773837858024915,-0.0005392917292793564,0.00023611700339642994,0.0012431503476550976,0.0,0.0,-0.0017399976889393987,-0.0017399976889393987,-0.0017399976889393987,0.0,0.0,0.0,0.0,-0.0026118555035721247,0.0,0.0012809586890103475,0.0,0.0018389357411523477
2023-07-13 00:00:00+00:00,0.08571445157179913,0.06292779491684675,0.03834991966856993,0.012456307180677584,0.0756900042753208,0.0,0.0,0.05968477833367203,0.05968477833367203,0.06269711791442156,0.0,0.0,0.0,0.007417472026600258,0.03096255488456201,0.03687396289062206,0.025310735098325265,0.03674822548897305,-0.062215729474644266
2023-07-14 00:00:00+00:00,-0.014095853032768724,-0.01603830852139998,0.019573097130196393,0.01525663191655302,0.03065345121353591,0.005343502638421871,0.014292550946515936,-0.022285238883445024,-0.022285238883445024,0.0,0.0,0.0,0.0,0.0016584328975892682,0.014170058063460944,0.0324338343593753,0.0324338343593753,-0.014706157707118472,-0.008161741380326437
2023-07-15 00:00:00+00:00,0.00909318036469231,0.005718235060250487,0.01092084982521735,0.004549608119001958,0.014931327706426245,0.004093204045921173,0.017251678866675446,-0.0013045831548452735,-0.0013045831548452735,0.0,0.0,0.0,0.0,-0.005313447240356206,-0.0018198790408217036,0.0,0.0,0.02528931993028083,-0.009773765779277577
2023-07-16 00:00:00+00:00,-0.0028038402209641378,-0.002485942334811586,0.0008842637958226263,0.0003509463474220542,-0.0001318715490744582,-0.00019081247973840032,0.0,-0.0002521366666666802,-0.0002521366666666802,0.0,0.0,0.0,0.0,0.001461834558265318,0.0,0.0,0.0,0.0,-0.00019999999999997797
2023-07-17 00:00:00+00:00,-0.011427236568705923,-0.01046381231874638,-0.005686972651113065,-0.0022326925313782553,-0.009754161587048449,0.004237416389532456,0.0,0.0,0.0,0.0,0.0,0.0,0.0,0.0,0.0,0.0,0.0,0.0,0.0
2023-07-18 00:00:00+00:00,-0.02028634438588728,-0.013247149141179304,-0.013112963900840269,-0.00354580615190081,-0.018676046825604642,-0.0003385512437305005,0.0,0.0,0.0,0.0,0.0,0.0,0.0,0.0,0.0,-0.003381768463572299,0.0,-0.003381768463572299,0.0
2023-07-19 00:00:00+00:00,0.007976868511284874,0.002995555918956505,0.011432254992524093,0.0036232995321370254,0.013948428749734454,0.003601449386914979,0.0,0.0,0.0,0.0,0.0,0.0,0.0,0.0,0.0,0.0004891076420987517,0.0,0.0007449558402636836,0.0013983618014346
2023-07-20 00:00:00+00:00,-0.01276217980005423,-0.00777787592771384,-0.012409293514197284,-0.003762192228789152,-0.01607445572044175,-0.0004946263215043212,0.0,0.0,0.0,0.0,0.0,0.0,0.0,0.0,0.0,-0.006719819433879337,0.0,-0.005506068979725054,-0.0004682999147042066
2023-07-21 00:00:00+00:00,0.0024737602853959206,0.0014520816163114958,0.0016477846042191047,-0.0005090005709894596,0.0008475980068392008,0.0005862503614610937,0.0,0.0,0.0,0.0,0.0,0.0,0.0,0.0,0.0,0.0011205322178766686,0.0,2.074429309439907e-05,-1.721142180088897e-05
2023-07-22 00:00:00+00:00,-0.017075009920653916,-0.010382611041761303,-0.00844042084178076,-0.0015488589611574177,-0.017546814962256074,0.0,0.0,0.0,0.0,0.0,0.0,0.0,0.0,0.0,0.0,-0.005690743951753285,0.0,-2.3437280139315675e-05,0.004472864886364336
2023-07-23 00:00:00+00:00,0.007512462031636691,0.003951945275108448,-0.0007599050868605239,-0.0025775450462885985,5.798724644945352e-05,0.003212421166373325,0.0,0.0,0.0,0.0,0.0,0.0,0.0,0.0,0.0,0.002898383941985383,0.0,0.0,-0.003940842658662125
2023-07-24 00:00:00+00:00,-0.029555608984074833,-0.016832737105910378,-0.012011775943789771,-0.0012245691365107003,-0.013177609684348446,-0.005132855305527206,-0.0005313447653887415,0.0008863158849714559,0.0,0.0,0.0,0.0,0.0,0.0,0.0,-0.009296006668953583,0.0034675000991550853,0.0,0.006909549121928871
2023-07-25 00:00:00+00:00,-0.0001651314672654891,-0.00042405360321529084,-0.002620632077680707,-0.0013887271941468438,-0.0027101857734893597,-0.00019119246966337045,0.0,-0.0005203657899800485,0.0,0.0,0.0,0.0,0.0,0.00052113107163132,0.0,0.0,0.0012506765370110529,0.0,-0.0013324909030992815
2023-07-26 00:00:00+00:00,0.02445179578452339,0.01111290519180308,0.024739664370533543,0.006548332610999852,0.03884272845438819,0.0017022024930877233,0.0,-0.0012876486851662872,0.0,0.0,0.0,0.0,0.0,0.0,0.0,0.018613473912460377,-0.0263818025416952,0.018613473912460377,-0.0024382462025982488
2023-07-27 00:00:00+00:00,-0.0030180462971843847,-0.0012748404252995726,0.0008054458707016376,0.001131989546438783,0.00044362514322449087,0.0,0.0,0.001450880265452703,0.0,0.0,0.0,0.0,-0.001309281831714637,0.0,0.0,-0.0011138512814782286,0.0010561994365514416,-0.0011138512814782286,0.001976462990926242
2023-07-28 00:00:00+00:00,-0.002253952208093657,-0.0006749260039725646,-0.006101358933499279,-0.0020281447928965912,-0.007171122098585392,0.0,0.0,-0.000972140173751912,0.0,0.0,-0.0012182024872000596,0.00420505601241139,-0.0004502037436000528,0.0,0.0,-0.00373651207150405,0.003649724246066688,-0.00237948768323204,-0.0022797857713582337
2023-07-29 00:00:00+00:00,0.0051479683861019865,0.0024887613149309207,0.003662341939174585,0.000932637638004552,0.006558831696941603,0.0,0.0,-0.0003739379628275863,0.0,0.0,0.006196267979842185,0.002178819777941099,0.0044972009848816,0.0,0.0,0.004748282968491058,-0.004753610644197548,0.0,-0.0010813795220403488
2023-07-30 00:00:00+00:00,-0.013040446760548607,-0.007506713030442036,-0.008889147072608572,-0.002811666917994504,-0.017241902503898454,0.0009003950627533008,0.0,0.0008242593065963533,0.0,0.0,-0.01659505401936434,-0.006403179648427182,-0.016746594852697583,0.0,0.0,-0.012396527442195882,0.012322263022457758,0.0,0.0034371205144709815
2023-07-31 00:00:00+00:00,-0.006918355586621017,-0.004242218076653592,-0.006199297583260099,-0.0014703490179696077,-0.009813332928794272,-0.00016900681445264354,0.0,0.0006182508857006663,0.0,0.0,-0.008786675286788448,-0.002415915518893641,-0.008786675286788448,0.0,0.0,-0.007127231640605691,0.008027810152672288,0.0,0.0009767673575993285
2023-08-01 00:00:00+00:00,0.004198706106172789,-0.003902526458627764,0.001424276393191537,-0.004086428257289665,-0.001314525742879935,-0.00028586223705961977,0.0,-0.01421122726746371,0.0,0.0,0.013032686480946243,0.012758723531977045,0.013032686480946243,0.0,0.0,0.004594827697803838,-0.007910316084362212,0.0,-0.003102594399770009
2023-08-02 00:00:00+00:00,-0.013801339148206582,-0.002523894824405959,-0.006487090034627552,0.0022392521333576276,-0.009864990217635539,0.00044306398770244115,0.0,0.00599276819086203,0.0,0.0,-0.024844295788258863,-0.01831242069839989,-0.024844295788258863,0.0,0.0,-0.01273121071776806,0.006206743530991599,0.0,0.006148925288031348
2023-08-03 00:00:00+00:00,-0.004948592407950647,-0.0013579682601476684,-0.006339437259538339,-0.00215076675604442,-0.01086966889062324,-0.0017974621715896033,0.0,0.0008789953108325754,0.0,0.0,-0.008114067137563685,-0.0013211255442534542,-0.006275242019839422,0.0,0.0,-0.007207437336569922,0.0063097411634844836,0.0,0.0008938795151898216
2023-08-04 00:00:00+00:00,0.0011662539089236645,0.0015221679798560483,0.0033272760498797016,-0.002212954128859801,0.004919345886947646,0.002558056817472787,0.0,0.0010164336010269892,0.0,0.0,0.0002433672871304804,-0.0030600527001253264,-6.9893856434744e-05,0.0,0.0,-0.00023925666666668732,-0.003454713844038726,0.0,0.001043873629332559
2023-08-05 00:00:00+00:00,-0.001550585050383857,-0.000825021059980724,-0.003258801655273591,6.972000337501782e-05,-0.0024848129086562087,0.0,0.0,-0.0010231466076472406,0.0,0.0,-0.0017874447834907992,0.0006702270136980104,-0.0006393961958727212,0.0,0.0,0.0,0.003247641851109373,0.0,-0.001024538862650748
2023-08-06 00:00:00+00:00,0.00483251913075855,0.00250565349262466,0.00909209073842887,-0.0021137006824841764,0.011701144482337833,0.0,0.0,0.0011830881337935306,0.0,0.0,-0.0007550066666666133,-0.0008000000000000229,-0.00018875166666665333,0.0,0.0,-0.0005687017911526482,-0.009031360424319068,-0.0005687017911526482,0.0011825477481157698
2023-08-07 00:00:00+00:00,-0.0009135213754662974,-0.0007094671065255298,-0.0008651871951133039,0.001703349038840507,-0.003817302124395794,0.0,0.0,0.00029134888921267255,0.0,0.0,0.0,0.0,0.0,0.0,0.0,-0.0011395951632221513,0.0008143917237426468,-0.0011395951632221513,0.00031824422000403807
2023-08-08 00:00:00+00:00,0.012382485832437728,-0.0015640329145277798,0.010865031032749828,0.0016556210204778932,0.014225292016084135,0.0,0.0,-0.005616456550344262,0.0,0.0,0.0,0.0,0.0,0.0,0.0,0.01570004788884405,-0.010813810915957456,-0.004967397564410225,-0.004883625006545711
2023-08-09 00:00:00+00:00,0.0006516876455728848,0.0008479599518889103,0.002453954802847269,-0.0028583291782406928,0.006666689764915468,0.0,0.0,0.0,0.0,0.0,0.0,0.0,0.0,0.0,0.0,0.008524914305556575,-0.009113371745533949,0.002325805050018559,-0.002196805040429628
2023-08-10 00:00:00+00:00,0.0020990098213882202,0.002374255894294519,0.0038737470904226523,-0.0025086807645186004,0.007119609934673088,0.0,0.0,0.0,0.0,0.0,0.0,0.0,0.0,0.0,0.0,0.0,-0.0006768504363392491,2.04386357420816e-05,-0.0008726595326925546
2023-08-11 00:00:00+00:00,-0.0003703754398887149,0.0002742143767509031,0.0005284286120486037,-0.0003766829948086414,0.00044877939728560357,0.0,0.0,0.0,0.0,0.0,0.0,0.0,0.0,0.0,0.0,0.0,-0.0006363390751289444,0.0,0.00022924234719146064
2023-08-12 00:00:00+00:00,0.002985728583140279,0.0015847363762730993,0.0036875820691977257,-0.0011841213934339345,0.005797632150831289,0.0,0.0,0.0,0.0,0.0,0.0,0.0,0.0,0.0,0.0,0.0,0.00014055899468878863,0.0,-0.00017750603135646692
2023-08-13 00:00:00+00:00,-0.010137876544516478,-0.007684938135447572,-0.007565664961199148,-0.0026111320592179244,-0.011596516602401352,0.0,0.0,0.0,0.0,0.0,0.0,0.0,0.0,0.0,0.0,0.0,-0.0016800629681826829,0.0,0.00016534610706853137
2023-08-14 00:00:00+00:00,0.012341920353750702,0.009721317857543044,0.012379061128807267,0.0025858409547752093,0.017694934209171453,0.0,0.0,0.0,0.0,0.0,0.0,0.0,0.0,0.0,0.0,0.0,0.0007591009446186181,0.0,0.0005824383226931129
2023-08-15 00:00:00+00:00,-0.016401895081177065,-0.012010571076236709,-0.014069314620423823,-0.0019539805055115433,-0.02164687312314817,-0.001710641169923477,0.0,0.0,0.0,0.0,0.0,0.0,0.0,0.0,0.0,0.0,-0.0040556503229312035,0.0,0.0003619341283416233
2023-08-16 00:00:00+00:00,-0.011566188885729578,-0.0008555672095907907,-0.011168283617005947,3.9811241218989935e-05,-0.014373213464285661,-0.007189479797975462,0.0,0.0,0.0,0.0,0.0,0.0,0.0,0.0,0.0,0.0,0.003949427871265732,0.0,-0.0015861413074821362
2023-08-17 00:00:00+00:00,-0.013331577340723877,0.031705773197368003,0.006539028754001919,-0.020116040516596434,0.011571223773230388,0.0009258451285270031,0.0,0.034939520121096024,0.0,0.0,0.0,0.0,0.0,0.0,0.0,0.0,0.0034943253851855705,0.0,0.047356691717206356
2023-08-18 00:00:00+00:00,-0.003813625646228447,0.006669116362272742,-0.0009899541261868539,-0.004626596896129875,0.0032673304811747794,0.0,0.0,0.004131840473042603,0.0,-0.0033308299695465893,0.0,0.0,0.0,-0.0022400393369955696,0.0,0.0,0.0,0.0,0.011155509188195634
2023-08-19 00:00:00+00:00,0.004044634423087556,-0.0018045543007728648,0.006914581880652415,-0.003970515193309376,0.011946016056269881,0.0,0.0,-0.008577347382492273,0.0,0.006799545536048113,0.0,0.0,0.0,0.001234264493016335,0.0,0.0,0.0,0.0,-0.0022764669527035597
2023-08-20 00:00:00+00:00,-0.0007718071540520066,-0.0036539439059285472,-0.004902052465702966,0.002074622937120685,-0.0043280370480834884,0.0,0.0,-0.001430659467286599,0.0,0.0014196896229974332,0.0,0.0,0.0,-0.0001833628381485708,0.0,0.0,0.0,0.0,-0.004303521820123057
2023-08-21 00:00:00+00:00,-0.0036658799629607497,0.004003205117258268,-0.008496579721503084,-0.0035154342092098556,-0.012038804582254592,0.0,0.0,0.0,0.0,-0.012107158762644787,0.0,0.0,0.0,0.0,0.0,0.0,0.0,0.0,0.004166463020537359
2023-08-22 00:00:00+00:00,-0.0016096708365149759,0.01161322034581258,-0.00879776352612971,-0.0019222357489313557,-0.01319664528919462,0.0,0.0,0.0,0.0,-0.016054318128158385,0.0,0.0,0.0,0.0,0.0,0.0,0.0,0.0,0.007346934153543261
2023-08-23 00:00:00+00:00,0.0033452977443950704,-0.02197241550683382,0.0138418304559913,-0.00559896650110181,-0.0006329499999999655,0.0,0.0,0.0,0.0,-0.00101958890460363,0.0,0.0,0.0,0.0,0.0,0.0,0.0,0.0,-0.013826453384464199
2023-08-24 00:00:00+00:00,-0.0033948466393738386,0.008604096320686372,-0.0071353627563467414,-0.002831868370090085,-0.011426099134520085,0.0,0.0,0.0,0.0,0.0017589525357815106,0.0,0.0,0.0,0.0,0.0,0.0,0.0,0.0,0.006912134138592485
2023-08-25 00:00:00+00:00,-0.0030289770285067963,0.0054946359684460155,-0.00842618309490839,-0.00356672810378289,-0.0006599250000000056,0.0,0.0,0.0,0.0,-0.009915066079629886,0.0,0.0,0.0,0.0,0.0,0.0,0.0,0.0,0.0028518690819003822
2023-08-26 00:00:00+00:00,-0.0005272919137461196,0.002546309244078948,-0.0013713213071955277,-0.0010717790493914858,0.0,0.0,0.0,0.0,0.0,-0.0020156974001053207,0.0,0.0,0.0,0.0,0.0,0.0,0.0,0.0,0.0020379562034027465
2023-08-27 00:00:00+00:00,0.0020601079392519317,-0.0064087601298031815,0.00740761080497454,0.0012301748267851131,0.0,0.0,0.0,0.0,0.0,0.008411843394982466,0.0,0.0,0.00275584528573547,0.0,0.0,0.0,0.0,0.0,-0.00332262154643459
2023-08-28 00:00:00+00:00,-0.0006049431401335958,0.002718067964828208,-0.0038772915430667076,0.000655995546635646,0.0,0.0,0.0,0.0,0.0,-0.003639882373541292,-0.005190681176212908,-0.001922305514439726,-0.002416988921439822,0.0,0.0,0.0,-6.178999839223653e-05,0.0,0.0008129670096264086
2023-08-29 00:00:00+00:00,0.005857777485638982,-0.03782900148959456,-0.0004249336674316817,0.0042160099105930104,0.0,0.0,0.0,0.0,0.0,0.019981461578112203,0.05567468101655937,0.053596582442645424,0.0415912957624196,0.002105846791234489,-0.0004749857818640013,0.0,0.030779062098541976,0.0,-0.03573105496176354
2023-08-30 00:00:00+00:00,-0.004713626525342018,0.01245742537017236,-0.009865521108612052,0.004225773099307828,0.0,0.0,0.0,0.0,0.0,-0.014957001508950851,-0.02454075781342946,-0.01454485989578258,-0.024697127813429476,-0.004010755126488075,-0.0003280171111765817,0.0,-0.019644907509378418,0.0,0.00969657326385498
2023-08-31 00:00:00+00:00,-0.004839428664910939,0.03049619722257657,-0.0006217287256182757,-0.006036999689973288,0.0,0.0,0.0,0.0,0.0,-0.01746984242324079,-0.04562654138914146,-0.04245669549266118,-0.04562654138914146,-0.012581370604293984,0.0,0.0,-0.02769141353354765,0.0,0.028304463661774193
2023-09-01 00:00:00+00:00,-0.0013085422416286852,0.007846750332890728,-0.005034878441383728,9.984043762956141e-05,0.0,0.0,0.0,0.0,0.0,-0.0067654109734225365,-0.012008194782915926,-0.007832725198814727,-0.012008194782915926,0.0,0.0,0.0,-0.0025726365166722776,0.0,0.005221816799209744
2023-09-02 00:00:00+00:00,0.00048626675683793863,-0.0037167033605004507,0.002129663298680917,-8.95152935450616e-05,0.0,0.0,0.0,0.0,0.0,0.00291001858643547,0.005299396957552105,0.003612319821293619,0.005299396957552105,0.0,0.0,0.0,0.0,0.0,-0.00240821321419582
2023-09-03 00:00:00+00:00,0.00031178035182333197,-0.0015089542636919084,-6.959411182805297e-05,-0.0010100399906580737,0.0,0.0,0.0,0.0,0.0,0.0012957851554156186,0.0023773412734882093,0.001654591459536725,0.0016028692884493267,0.0,0.0,0.0,0.0,0.0,-0.0011030609730244834
2023-09-04 00:00:00+00:00,-0.0002942640298432275,0.002380556270703993,-0.0021227739806756185,-0.0005814657322938954,0.0,0.0,0.0,0.0,0.0,0.0015732022039516291,-0.0035687512859885473,-0.004347233296477904,-0.0019573231429942384,0.0,0.0,0.0,0.0,0.0,0.002898155530985269
2023-09-05 00:00:00+00:00,0.0021464010037490766,-0.007797784730294577,-0.013203481462008448,-0.006966756956559017,0.0,0.0,0.0,0.0,0.0,0.0128396014316281,0.012992989640324248,0.00037560043978301927,0.003069134910081095,0.0,0.0,0.0,0.0,0.0,-0.0002504002931886795
2023-09-06 00:00:00+00:00,-0.0017540644767489733,0.00668373448496995,0.010084763922715512,0.005952291738550608,0.0,0.0,0.0,0.0,0.0,-0.010519154127948238,-0.0007109199999999483,-0.0007230849999999567,-0.00017772999999998706,0.0,0.0,0.0,0.0,0.0,0.000704719213660665
2023-09-07 00:00:00+00:00,0.0008067704249994367,-0.010594131279613728,0.001538121593501085,0.0001737599972815307,0.0,0.0,0.0,0.0,0.0,0.004828690457793661,0.0,0.0,0.0,0.0,0.0,0.0,0.0,0.0,-0.00932876157158602
2023-09-08 00:00:00+00:00,-0.0017697221547249287,0.006475181977044775,0.0006263152923002835,-0.0014423499377351767,0.0,0.0,0.0,0.0,0.0,-0.004927828294076453,0.0,0.0,0.0,0.0,0.0,0.0,0.0,0.0,0.0014709183997114739
2023-09-09 00:00:00+00:00,-0.0004607473259304884,0.0018751810458146334,0.0026829230766489687,0.0018210126933659865,0.0,0.0,0.0,0.0,0.0,-0.0027646118851666346,0.0,0.0,0.0,0.0,0.0,0.0,0.0,0.0,-0.002445733218804147
2023-09-10 00:00:00+00:00,-0.0030388036432673626,0.016829231560783864,0.01946393971128968,0.013217073113465982,0.0,0.0,0.0,0.004934503714304261,0.0,-0.020584846175240146,0.0,0.0,0.0,0.0,0.0,0.0,0.004934503714304261,0.0,-0.015701594387388718
2023-09-11 00:00:00+00:00,-0.0007391316225650035,0.0254646004453849,0.00024004525406762234,-0.0028480971725162174,0.0,0.0,0.0,0.015019560097531137,0.0,-0.008912811947153432,0.0,0.0,0.0,0.0,0.0,0.0,0.008817855450832912,0.0,0.01328766332228648
2023-09-12 00:00:00+00:00,0.00016640739108186864,-0.017874894318428702,0.0053607211824113765,0.006532526980192799,0.0,0.0,0.0,-0.02668536473722305,0.0,0.003722638971981773,0.0,0.0,0.0,0.0,0.0,0.0,-0.003869409443649885,0.0,0.0031010467065553105
2023-09-13 00:00:00+00:00,0.0007287473947434897,-0.013907662763402384,-0.004260943572289233,-0.0014403615828700866,0.0,0.0,0.0,-0.012158012166862742,0.0,0.009158921517370189,0.0,0.0,0.0,0.0,0.0,0.0,-0.009118800403464244,0.0,0.009196181630639177
2023-09-14 00:00:00+00:00,0.001332141326061187,-0.011740069118530316,-0.004428578536007199,-0.0020519579027437063,0.0,0.0,0.0,-0.011490534292560306,0.0,0.008307595198433049,0.0,0.0,0.0,0.0,0.0,0.0,-0.00835981065845759,0.0,0.008251881219865975
2023-09-15 00:00:00+00:00,0.0006330782987091776,-0.007380510760248371,-0.004456455778222401,-0.0029619760513924787,0.0,0.0,0.0,-0.005596608669054648,0.0,0.005528297927195558,0.0,0.0,0.0,0.0,0.0,0.0,-0.005596608669054648,0.0,0.005458549764622678
2023-09-16 00:00:00+00:00,-0.00020731882696778392,0.0019083173014160515,-0.00013111499261053705,-0.00023716412961094502,0.0,0.0,0.0,-0.0013262389444325118,0.0,-0.0003677112232147728,0.0,0.0,0.0,0.0,0.0,0.0,0.0003431687592154731,0.0,-0.00039216155127064223
2023-09-17 00:00:00+00:00,-0.0005503480537374372,0.00620641434957947,0.0049075339353670255,0.0027808770984545372,0.0,0.0,0.0,0.0,0.0,-0.005341768151204573,0.0,0.0,0.0,0.0,0.0,0.0,0.005353506337691494,0.0,-0.0053283421040238865
2023-09-18 00:00:00+00:00,0.0016991602372060655,-0.015085238309081928,-0.011871983284486465,-0.0058231775769229666,0.0,0.0,0.0,-0.0055355917886397155,-0.0055355917886397155,0.014818242326761544,0.0,0.0,0.0,0.0,0.0,-0.0055355917886397155,-0.025575921032216398,-0.0055355917886397155,0.014857518668368819
2023-09-19 00:00:00+00:00,0.002298740249022879,-0.007433540347021039,-0.0011011290445340771,0.001697560372078799,0.0,0.0,0.0,0.005569141774414144,0.005569141774414144,0.006724501146643025,0.0,0.0,0.0,0.0,0.0,0.005569141774414144,0.005569141774414144,0.005569141774414144,0.006662982219561409
2023-09-20 00:00:00+00:00,0.0002184576448203135,0.0009057958042659742,-0.005476400464645814,-0.003626201437958887,0.0,0.0,0.0,-0.0010401104109358794,-0.0010401104109358794,0.004425423161719122,0.0,0.0,0.0,0.0,0.0,-0.0010401104109358794,-0.0010401104109358794,-0.001321345150280262,0.004419961826689356
2023-09-21 00:00:00+00:00,-0.007037378802567051,0.00995800357853116,0.00685435941453072,0.0011648386408704692,0.0,0.0,0.0,-0.006896419324306402,-0.006896419324306402,-0.013852121997562694,0.0,0.0,0.0,0.0,0.0,-0.006896419324306402,-0.006896419324306402,0.0,-0.013719228241850345
2023-09-22 00:00:00+00:00,-0.00013405639980712536,-0.0016540944349244802,0.0006522820104943872,-0.0017743288163961646,0.0,0.0,0.0,0.00016941348472676587,0.00016941348472676587,-0.0004530143972535372,0.0,0.0,0.0,0.0,0.0,0.00016941348472676587,0.00016941348472676587,0.0,-0.0004856348624183715
2023-09-23 00:00:00+00:00,-0.00013770626428033506,-0.001085146608478249,-0.0009628770989767999,-0.0001921499127618409,0.0,0.0,0.0,-0.0008539354286086764,-0.0008539354286086764,0.000438703624472625,0.0,0.0,0.0,0.0,0.0,-7.348767373993592e-05,-7.348767373993592e-05,0.0,0.0008883164002198018
2023-09-24 00:00:00+00:00,-0.001955731989900955,0.003640566327383965,-0.002027792211242385,-0.0009650783988488509,0.0,0.0,0.0,0.0,0.0,0.0,0.0,0.0,0.0,0.0,0.0,-0.0018908565125951293,-0.0018908565125951293,0.0,-0.002141555579293297
2023-09-25 00:00:00+00:00,9.477433907245647e-05,-0.0021992881925001484,-0.001354603698622503,-0.0009653275999883526,0.0,0.0,0.0,0.0,0.0,0.0,0.0,0.0,0.0,0.0,0.0,0.0,0.0,0.0,0.0005132758656329894
2023-09-26 00:00:00+00:00,-0.0011602791065685736,0.002780070310687943,-0.0021730453893248347,-0.0020550229579193724,0.0,0.0,0.0,0.0,0.0,0.0,0.0,0.0,-0.001710535305474603,0.0,0.0,0.0,0.0,0.0,-0.006252499914000675
2023-09-27 00:00:00+00:00,-0.0030432103713341485,-0.010402108703720159,0.000959782231263473,0.00032198190877275046,0.0,0.0,0.0,0.0,0.0,0.0,0.003946344058886719,0.0035637167530333524,0.002125293696110031,0.0,0.0,-0.005164392070074242,-0.005164392070074242,-0.005164392070074242,0.0017788328901977568
2023-09-28 00:00:00+00:00,0.00459481802062367,-0.018785899016942276,-0.0030253965016335815,-0.0011475346794913577,0.0,0.0,0.0,0.0,0.0,0.012666359937203442,0.03402403304747659,0.029333099905942905,0.02532342978560731,0.0,0.0,0.008248149892492451,0.008248149892492451,0.008248149892492451,0.014468633110181317
2023-09-29 00:00:00+00:00,0.0008571754334907311,-0.003940362173833312,-0.004378749874802357,-0.004452612108394538,0.0,0.0,0.0,-0.003988684597135195,-0.003988684597135195,0.0052663331413542736,0.006681910906535693,0.0021558386637938742,0.006495939239868909,0.0,0.0,-0.0014567312511549746,-0.0014567312511549746,-0.005032703059899779,0.00524468513067311
2023-09-30 00:00:00+00:00,0.006399276697066192,-0.003515595508140734,1.839472682663157e-05,-0.0003697286746229267,0.0,0.0,0.0,-0.0005598721909874094,-0.0005598721909874094,0.018128642699857034,0.019534188605584868,0.0021670447167094764,0.019534188605584868,0.00010129374678791159,-0.00047482446729518735,0.0007322781630123565,0.0007322781630123565,0.0007192383909402356,0.01808949212777855
2023-10-01 00:00:00+00:00,0.034932370158021975,0.014953016466190405,0.00014374866532662622,0.007742098410968179,0.039434773482586394,0.0,0.0,0.05186813595420858,0.05186813595420858,0.03904524596654002,0.06492203125017904,0.0380425945957914,0.06492203125017904,0.007350209976820343,-0.004405195333721745,0.012715026798198359,0.012715026798198359,-0.00022907999999999262,0.03956030151965151
2023-10-02 00:00:00+00:00,-0.016271210601964126,-0.009447037483130027,0.006331880581645466,0.010588557554931599,-0.0016528637292859694,0.0003772781953024218,-0.005056839161793669,-0.02716217430627299,-0.02716217430627299,-0.007043284338084765,-0.027040532570663967,-0.02988190328505802,-0.027040532570663967,-0.0011330304889336507,-0.0011199261485996814,-0.00025277000000001326,-0.00025277000000001326,0.0,-0.0002666666666666373
2023-10-03 00:00:00+00:00,0.0017118131968654193,0.001914754728246315,0.004413150925729026,0.0028078885742042203,0.006217712370149453,0.0022546945892876202,0.0008260552424168566,0.00027733308532251755,0.00027733308532251755,0.00337788062604516,0.0014027124175644001,-0.0028764338353499674,0.0008651918131732383,0.0018928961783408749,0.0,0.0,0.0,0.0,0.0
2023-10-04 00:00:00+00:00,-0.003706535298048541,-0.003045890511182092,-0.004669784395361809,-0.0014097172540749048,-0.01648859285105586,0.0,0.0,-0.006579715787784268,-0.006579715787784268,-0.006579715787784268,-0.0047245201862397,0.0031065696284597877,-0.0025290950931198264,-0.003268856088293748,0.00014993464077450724,0.0,0.0,0.0,0.0
2023-10-05 00:00:00+00:00,-0.010393584647354959,-0.005620833603374176,0.0010546269780924433,0.003939279551322228,-0.0024821740929155123,0.0,0.0,-0.005938737637764757,-0.005938737637764757,-0.005938737637764757,-0.017279295117654803,-0.016979217242395817,-0.004477052946080362,0.0,0.0,0.0,0.0,0.0,0.0
2023-10-06 00:00:00+00:00,0.014178750904025206,0.007427881048162277,0.0037058310239492798,-0.0011810756182252247,0.006235005948332928,0.0,0.0,0.010443005618050005,0.010443005618050005,0.010443005618050005,-0.000681643333333315,-0.0007444699999999971,-0.0001704108333333565,0.0,0.0,-0.0005053535487303806,0.0,-0.0005053535487303806,0.0
2023-10-07 00:00:00+00:00,-0.002166747158003468,-0.0012016006758927,0.0007701007224056866,0.0014570093307684218,-0.0027573384306507354,0.0,0.0,-0.0015066677393178463,-0.0015066677393178463,-0.0015066677393178463,0.0,0.0,0.0,0.0,0.0,0.00029775698744827217,0.0,0.00029775698744827217,0.0
2023-10-08 00:00:00+00:00,-0.0015823274541382215,-0.001515395344709236,-0.0006997329636380112,-0.00023900393254228103,-0.0007588327523994076,0.0,0.0,-0.0009852011730174803,-0.0009852011730174803,-0.0009852011730174803,0.0,0.0,0.0,0.0,0.0,-0.0005129063357729446,0.0,-0.001949186855448537,0.0
2023-10-09 00:00:00+00:00,-0.017497242778263256,-0.007448459873170665,-0.005285712378724328,0.0019202255708004046,-0.01829683566106377,-0.0023513514031242577,0.0,-0.015188871402595283,-0.015188871402595283,-0.016218326196241195,0.0,0.0,0.0,0.0,0.0,-0.0038984666355009745,0.0,0.0,0.0
2023-10-10 00:00:00+00:00,-0.0011358084936435864,0.000996501957033935,0.003272766267030436,0.003020766101496486,0.004486149195011002,0.000699977009860131,0.0,0.0,0.0,0.0005883463150384571,0.0,0.0,0.0,0.0,0.0,-0.002425901198753855,0.0,0.0,0.0
2023-10-11 00:00:00+00:00,-0.005503622595808055,-0.0039835190752133265,-0.0013475112833106762,-0.0007368263680154197,0.007198321864196,0.0008758498623815392,0.0,0.0,0.0,-0.0015453509038347857,0.0,0.0,0.0,0.0,0.0,-0.00488530676736898,0.0,0.0,0.0
2023-10-12 00:00:00+00:00,-0.009407502201287943,-0.0036155409150742113,-0.0051070149103651374,-0.0003007891841730892,-0.014090359761186222,1.3255291003932967e-05,0.0,-0.001992830918379318,0.0,-0.011036705798485369,0.0,0.0,0.0,0.0,0.0,0.0,-0.001992830918379318,0.0,0.0
2023-10-13 00:00:00+00:00,0.006455594698752787,0.0016653155420165433,0.006020594844329041,0.0019155653508506898,0.011175034329925948,0.0025703386481183976,0.0,-0.0027329051958255857,0.0,0.008719234518027363,0.0,0.0,0.0,0.0,0.0,0.0,-0.0027329051958255857,0.0,0.0
2023-10-14 00:00:00+00:00,0.002033441562056204,0.0014311245796334582,0.0020099049669251023,0.0008227278367800572,0.004070134276578985,0.0,0.0,-0.0005327649694846226,0.0,0.0025405191170038144,0.0,0.0,0.0,0.0,0.0,0.0,-0.00022977333333329408,0.0,0.0
2023-10-15 00:00:00+00:00,0.00036475462191942754,-0.001724104507410451,-0.0015707841611792839,-0.0011219847844022857,-0.007058571629889099,0.0,0.0,-0.0006209742714630151,0.0,-0.0009407643397455479,0.0,0.0,0.0,0.0,0.0,0.0,0.0,0.0,0.0
2023-10-16 00:00:00+00:00,0.03287443350503949,0.01827002385093457,0.022043299264749905,0.0074294275530071285,0.0214990177021106,0.0,0.0,-0.004631982637708587,0.0,0.03019036007190734,0.0,0.0,0.0,0.0,0.0005592595497661002,0.0,0.0,0.016180852557555303,0.0
2023-10-17 00:00:00+00:00,-0.0009443992292416103,0.0051654846618292005,0.0071656409782041575,0.0072030149369144425,0.0016947868074594918,0.0,0.0,0.0,0.0,-5.4599860103698994e-05,0.0,0.0,0.0,0.0,-0.000542877955138632,0.0,0.0,-5.4599860103698994e-05,-0.00031908185123297184
2023-10-18 00:00:00+00:00,-0.006828059539716769,-0.00601745685552435,-0.006986121857891159,-0.0034046721479850106,-0.009673544940024037,0.0,0.0,0.0,0.0,-0.007345153095255075,0.0,0.0,0.0,-0.0014105105200306056,0.0,0.0,0.0,-0.00025825999999995464,-0.007317804355759794
2023-10-19 00:00:00+00:00,0.020906089920439408,0.018355177931109523,0.020818059646091847,0.010317768554683138,0.025249914221704195,0.0,0.0,-0.0032699047922136737,-0.0032699047922136737,0.02117574750791773,0.0,0.0,0.0,0.0,-0.0005725066046379235,0.0,0.0,-0.0032699047922136737,0.02146558554112543
2023-10-20 00:00:00+00:00,0.03382706453518969,0.025428170072163025,0.020449998789195956,0.0059899844527377955,0.025804828189121443,0.0,0.0,0.027797252468680478,0.027797252468680478,0.032558373346388336,0.0,0.0,0.0,0.0005979448646984409,0.0023559299509532394,0.0,0.0,0.032558373346388336,0.0283232377214393
2023-10-21 00:00:00+00:00,0.03084780991612579,0.024577823632967677,0.023256225549876275,0.00817271856295898,0.03862891556250769,0.0,0.0,0.02828529687734349,0.02828529687734349,0.03101831424264523,0.0,0.0,0.0,0.0029861363442509337,0.007575625534120833,0.0,0.0,0.034047069220557,0.030906255256242465
2023-10-22 00:00:00+00:00,-2.655113069782722e-05,-0.003286838789959945,-0.010209989787838492,-0.008466449442868784,-0.006162909968552843,0.0,0.0,-0.0030034239729516132,-0.0030034239729516132,-0.0039917244585797595,0.0,0.0,0.0,0.0028394746194944087,0.0013311788690770765,0.0,0.0,0.007020687447392593,0.004578709912434142
2023-10-23 00:00:00+00:00,0.07661394060120053,0.06731030297785212,0.012260576387590483,-0.005626190886601323,-0.0020248454423593687,0.0,0.0,0.07910238374525091,0.07910238374525091,0.010118206769594629,0.0,0.0,0.0,-0.0005131842597326797,-0.004769401526330541,0.0,0.0,0.016356206482316837,0.088005369740362
2023-10-24 00:00:00+00:00,-0.010198162078446926,-0.010270042885271446,-0.02162032128413982,-0.012465944466051537,-0.040093531966834295,0.0005544472676428658,0.0010255054185333012,-0.006987641610039508,-0.006987641610039508,0.0,0.0,0.0,0.0,0.006640913795162406,-0.006924884355366756,-0.018670856922345713,-0.018670856922345713,-0.018473468439463736,-0.015312188694335926
2023-10-25 00:00:00+00:00,0.030759953913572557,0.02608707083584383,0.024841516795413687,0.01165060462962586,0.02952014852358853,0.00014860687128437355,0.0005186241497516786,0.030815434092740235,0.030815434092740235,0.0,0.0,0.0,0.0,0.017290013005432314,0.0022948603088657205,0.02504533097535222,0.02504533097535222,0.03448672964779198,0.025538226989887836
2023-10-26 00:00:00+00:00,0.001792988317648625,8.793430780396072e-05,0.0002672049350327388,-0.0014866098466892463,0.009888434058104023,0.0,0.007191730365925908,0.0031328716328253847,0.0031328716328253847,0.0,0.0,0.0,0.0,0.00895002368546427,-0.000701165011448901,0.003574570679078848,0.003574570679078848,0.0,0.00626485050134673
2023-10-27 00:00:00+00:00,-0.01655722980610652,-0.013866714513063982,-0.006193887829981204,-0.0005757714440496331,-0.01192762793731661,0.0,-0.0016002166795756612,-0.01764989290817831,-0.01764989290817831,0.0,0.0,0.0,-0.004561404431518312,1.4831217118205231e-05,0.0,-0.010660581506000133,-0.010660581506000133,0.0,-0.015000283846195894
2023-10-28 00:00:00+00:00,-0.0003423148692218714,-0.0002095832606452408,-0.0006899392268240323,5.824612026272824e-05,-0.004807987581307183,0.0,0.0,-0.00027855636731610733,-0.00027855636731610733,0.0,-0.0009116010896508264,0.001036031050863695,-0.00030580054482542973,0.0,0.0,-0.0013357774016479196,-0.0013357774016479196,0.0,-0.002114637686962406
2023-10-29 00:00:00+00:00,0.019730043491820615,0.017091466158034363,0.009277277159250641,0.002296897648099039,0.012701931367029129,0.0,0.0,0.014729067558088893,0.014729067558088893,0.0,0.020322631952065295,0.011450016250097006,0.015091973964048933,0.0,0.0,0.012615900942909652,0.012615900942909652,0.0,0.016101298411417497
2023-10-30 00:00:00+00:00,0.023124474672559847,0.018950429670302027,0.018967717902332426,0.007101748702790678,0.03309367552855447,0.0,0.0,0.0241986821151996,0.0241986821151996,0.0,0.02355970766585358,0.0030446235385024334,0.023409707665853485,0.0,0.0024468212000776646,0.021678866413395337,0.021678866413395337,0.0,0.02409219937803786
2023-10-31 00:00:00+00:00,0.034374091868203394,0.028332039396530062,0.03150489823970726,0.013514399857029957,0.046440640868512295,0.0,0.0,0.03300987367755481,0.03300987367755481,0.0,0.03497620947199542,0.0037435467293043256,0.03497620947199542,0.0,0.003957902706529737,0.006890975219037587,0.006890975219037587,0.0,0.033456125065211006
2023-11-01 00:00:00+00:00,0.03722436948071328,0.03211735274770411,0.018841014786190824,0.004861687632811806,0.025879474946171488,-0.0016541796425187938,0.0,0.030505197765804404,0.030505197765804404,-0.006963096483718512,0.03805090389144827,0.020003904849628995,0.03805090389144827,-0.003918999666905787,-0.006077020434521518,0.0,0.0,0.0,0.030588919863866915
2023-11-02 00:00:00+00:00,-0.018954935230718784,-0.017362035676561915,0.0009356663821680211,0.005680814949298618,-0.0045709725507993015,0.005152833734854756,0.0017185699598452064,-0.015220771367642105,-0.015220771367642105,-0.006259152862200357,-0.02136627528587931,-0.020310450960030257,-0.02136627528587931,0.021148023714322672,0.01917924334906207,-0.004928534062381695,-0.004928534062381695,-0.004928534062381695,-0.016587615673886447
2023-11-03 00:00:00+00:00,-0.0038347121052453303,-0.0022339462489525674,-0.012108286944834457,-0.008342874607146777,-0.0059009309709203706,-0.005845053816744161,-0.011360561617471787,-0.00044991521556159153,-0.00044991521556159153,-0.006167263190156813,-0.0029170713385153757,0.005104049124208698,-0.0023878035038865653,-0.002948021060917294,-0.0015375014319536362,-0.00234565596666636,-0.00234565596666636,-0.002021862591915502,-0.0005312545644744482
2023-11-04 00:00:00+00:00,0.03166114643381679,0.023606367575434772,0.020394354346859433,0.005806733904244243,0.03170832064670703,0.0,0.0,0.02853250846063582,0.02853250846063582,0.015534072044705916,0.032223022659276124,0.011456405270277248,0.015911511329637973,0.0050564730025073334,0.0,0.0034454066788296434,0.0034454066788296434,0.0,0.02877648394465626
2023-11-05 00:00:00+00:00,-0.004652725173194816,-0.001365562183373692,-0.01640010597343533,-0.010335723898082683,-0.014161679658008075,0.0,0.0,-0.0035842375436776486,-0.0035842375436776486,0.0,-0.00404248082190628,0.008878132050814003,-0.0012106202054765758,0.0,0.0,-0.0005089403315085006,-0.0005089403315085006,0.0,-0.003522365071462641
2023-11-06 00:00:00+00:00,0.010032042209021208,0.007211735614514936,0.006559018599739508,0.0015676965189044267,0.011820304062456932,0.0,0.0,-0.008730143113295674,-0.008730143113295674,0.0,-0.0008000000000000229,-0.0008000000000000229,-0.00019999999999997797,0.0,0.0,0.00021754860252132247,0.00021754860252132247,0.0,0.007818076067238389
2023-11-07 00:00:00+00:00,0.006801646249708249,0.005010736522429005,0.00904744685203518,0.005241671742692633,0.004405319637356353,0.0,0.0,-0.0028484664864449893,-0.0028484664864449893,0.0,0.0,0.0,0.0,0.0,-0.004461000795163872,0.0032692802364298057,0.0032692802364298057,-0.0008629112811910922,0.006155237694009719
2023-11-08 00:00:00+00:00,0.003525652302021287,0.0031152493365611544,0.0007678249400839832,7.20162284653103e-05,-0.0012605406235453032,0.0,0.0,0.00037757472569022177,0.00037757472569022177,0.0,0.0,0.0,0.0,0.0,-0.0010468467128543768,0.0019861647547712025,0.0019861647547712025,0.0019861647547712025,0.0011327052643335112
2023-11-09 00:00:00+00:00,0.06838189003933914,0.059189801024036814,-0.024504443945864485,-0.034960398500928025,0.0097385407202224,0.0024461308876670973,0.013795796064806742,0.028397789900209247,0.028397789900209247,0.0,0.0,0.0,0.0,0.0035723960664975074,0.00044378886313900523,0.013680221814974525,0.013680221814974525,0.01077737102445897,0.016584414106511014
2023-11-10 00:00:00+00:00,0.07681958622445473,0.051153732192717793,0.09071416943099542,0.03543095983221134,0.1171851863831348,0.006070982997817609,0.024364103040730223,0.07681958622445473,0.07681958622445473,0.0,0.0,0.0,0.0,0.003175015642391976,0.0250381095856258,0.0380190719489899,0.0380190719489899,0.0380190719489899,0.08356166585108338
2023-11-11 00:00:00+00:00,-0.005883659234047434,-0.005273384000636927,0.002363881435540449,0.0009502978459847711,-0.0001759679254589308,0.0004860160929232027,0.0,-0.005883659234047434,-0.005883659234047434,0.0,0.0,0.0,0.0,-0.0057151677329101425,-0.014621334899925231,2.993755979363577e-05,2.993755979363577e-05,2.993755979363577e-05,-0.0002666666666666373
2023-11-12 00:00:00+00:00,-0.002541696264257376,-0.0022694114353113415,0.0007033097791557807,0.0005879032262783301,0.00010294407314148657,0.0,0.0,-0.002541696264257376,-0.002541696264257376,0.0,0.0,0.0,0.0,0.011297436339924527,0.009221645628323838,-4.060432626751265e-05,-4.060432626751265e-05,0.005592237910912123,0.0
2023-11-13 00:00:00+00:00,-0.03238716468706304,-0.020355710893018464,-0.029081936040197154,-0.014658417706680194,-0.033389171221516856,-0.0009363888798999964,0.0,-0.03238716468706304,-0.03238716468706304,0.0,0.0,0.0,0.0,-0.01432055637773233,-0.001156504052131857,-0.0280771415742741,-0.0280771415742741,0.0,0.0
2023-11-14 00:00:00+00:00,0.011306304807743084,-0.0015843207128828363,0.04546479096369538,0.020171572605280907,0.06266726782483634,0.010645690803803953,0.00484267810555461,0.020030064106376422,0.020030064106376422,0.0,0.0,0.0,0.0,0.02719382963324346,0.007927949020348546,0.03325524494505916,0.03325524494505916,0.0,0.0
2023-11-15 00:00:00+00:00,0.08511038119775671,0.06191449152664341,0.03741031560312469,-0.002795520591911793,0.04340009819454593,0.004653459631809076,-7.503216099280507e-05,0.046988315506552025,0.046988315506552025,0.0,0.0,0.0,0.0,-0.013633508026371088,0.004918697597924515,0.04927316324788,0.04927316324788,0.0,0.0
2023-11-16 00:00:00+00:00,-0.06999786997649038,-0.04804696178085199,-0.023427265121057417,0.0004303080415124505,-0.036133971036960366,-0.0024359045488425712,-0.005959922721328836,-0.040022547350093585,-0.040022547350093585,0.0,0.0,0.0,0.0,-0.017243949755423316,-0.00159450851070142,-0.040022547350093585,-0.040022547350093585,0.0,-0.03938137877100323
2023-11-17 00:00:00+00:00,0.007436341919305756,0.005773813980117337,0.003938404075005897,-0.002642606767777167,-0.0004923057318629853,0.009746602331995868,0.003541979462439171,0.0043130980343848435,0.0043130980343848435,0.0,0.0,0.0,0.0,0.004860948355853045,0.004850711950486364,0.0043130980343848435,0.0043130980343848435,0.0,0.00368041330982094
2023-11-18 00:00:00+00:00,0.0002534023173326183,1.0639212763674522e-05,0.00013642370218591715,0.0006120766139177114,0.0012692003059555645,0.00023257208557225795,0.0,0.0005711062338338291,0.0005711062338338291,0.0,0.0,0.0,0.0,0.0013615556973969323,0.0,0.0005711062338338291,0.0005711062338338291,0.0,0.00037295064218723084
2023-11-19 00:00:00+00:00,0.029762008894964387,0.02140490255342553,0.005963801654313539,-0.0018149756637897418,0.010626650324916165,0.0024573965488934313,0.0,0.01424052940140097,0.01424052940140097,0.0,0.0,0.0,0.0,0.0021865550589674765,0.0,0.01424052940140097,0.01424052940140097,0.0,0.014227739938432737
2023-11-20 00:00:00+00:00,-0.022898804900253644,-0.009674358119764026,-0.026178227893946526,-0.009881978157931015,-0.037953925357498974,0.0,0.0,-0.01985626675538177,-0.01985626675538177,0.0,0.0,0.0,0.0,0.0,0.0,-0.02508311019084264,-0.02508311019084264,0.0,-0.024628497465861376
2023-11-21 00:00:00+00:00,-0.059318090837178206,-0.04269332379685664,-0.01430381738215225,0.0048417389226333984,-0.020420790953758816,-0.0030638899074346693,0.0,0.0,0.0,0.0,0.0,0.0,0.0,0.0,0.0,-0.02946687672336512,-0.02946687672336512,0.0,-0.029067840338262374
2023-11-22 00:00:00+00:00,0.07436541264848384,0.05229628473257364,0.015498394734011267,-0.0012644713143408204,0.03353447607445492,0.021997779415285468,0.006274840212111776,0.0,0.0,0.0,0.0,0.0,0.0,0.0,0.0,0.044973300714305164,-0.003503899450353898,0.0077493311138079335,0.01523172806734463
2023-11-23 00:00:00+00:00,-0.007544961032225239,-0.0042592548306186195,-0.0057960924476820885,-0.0007399750193329835,-0.007405289030831597,0.0,0.0,0.0,0.0,0.0,0.0,0.0,0.0,0.00048555758349633216,0.0,-0.0063663138759395554,-0.0049363473674977065,-0.00656508180931048,-0.006297973657548139
2023-11-24 00:00:00+00:00,0.008347836652073948,0.007134360425982811,-0.0010424768394819983,-0.0030116326060957155,-0.002603937249722965,0.0,0.0,0.0,0.0,0.0,0.0,0.0,0.0,0.0,0.0,0.004801122496375099,-0.0023037868840019016,0.009121813900382358,0.0018455597021524994
2023-11-25 00:00:00+00:00,0.012019785126257787,0.005932875609665045,0.011220367155982736,0.0031000590539322914,0.016440452144327544,0.0,0.0,0.0,0.0,0.0,0.0,0.0,0.0,0.0,0.0,0.01160285408845918,0.011446256067972227,0.0,0.011394252873563326
2023-11-26 00:00:00+00:00,-0.013546893974348606,-0.009472284159717237,-0.003664151817104,0.0008099508927155163,-0.006160302361020942,0.0011426685222379884,0.0,0.0,0.0,0.0,0.0,0.0,-0.0035389167516595155,0.0,0.0,-0.01054912970426436,-0.007114821884435574,0.0,-0.007108895688140882
2023-11-27 00:00:00+00:00,-0.023071292011164868,-0.014364805148980309,-0.009272953691890407,-0.0027115395195445036,-0.019533133933035796,0.00015272308409430835,0.0,0.0,0.0,0.0,-0.023106893018585706,-0.011959371528295182,-0.011403446509292814,0.0,0.0,-0.02063870283504876,-0.015008171435915041,0.0,-0.014933978666388903
2023-11-28 00:00:00+00:00,0.02547641786398369,0.016894906418671862,0.01571150635129892,0.0007548089435012173,0.02090082773241786,0.004344122168057352,0.0,0.0,0.0,0.0,0.02736880075252368,0.012546104999401564,0.020376600564392833,0.0,0.0,0.02214915535854156,0.018830962888132907,0.0,0.01900473075292264
2023-11-29 00:00:00+00:00,0.0029751000949174156,-0.00046130489433282573,0.009753330923038872,0.0018467139841975566,0.009463280084153425,0.0,0.0,0.0,0.0,0.0,0.0032308309494533116,-0.004800261206784007,0.003080830949453217,0.0,0.0,0.0031405400268569306,0.0064934949834640765,0.006292586680450851,0.006431005087309316
2023-11-30 00:00:00+00:00,0.0019235299297299946,0.0014749076079865198,-0.003923086055712344,0.0011026714081112665,0.001463280987955784,0.0,0.0,0.0,0.0,0.0,0.002394716634348537,0.003868499332886133,0.002394716634348537,0.0,0.0,0.0036490044289239076,-6.0909930447272664e-05,0.001195723478063293,-0.00018428292090888476
2023-12-01 00:00:00+00:00,0.01586543893178538,0.013863619983428332,-0.003248964616501815,-0.005064896464434421,-0.008791640957142133,0.0,0.0,0.00045208149676634335,0.00045208149676634335,0.0,0.016228831455454173,0.02078386074941907,0.016228831455454173,0.0,0.0,0.008066097258889293,0.001355425052643966,-0.0011091046975775232,0.0023729242891747937
2023-12-02 00:00:00+00:00,0.04068605241516754,0.029061587882863726,0.009384443149617505,-0.0026495849498797686,0.02277997895069528,0.0,0.0,0.007309213182962404,0.007309213182962404,0.0,0.04078600704240687,0.028500459150699875,0.04078600704240687,0.0,0.0002954514942294928,0.03397826517443203,0.03397826517443203,0.011127198930533488,0.021785700941940433
2023-12-03 00:00:00+00:00,0.005064028009893029,0.007013481390972132,-0.007846594932852113,-0.005832560720428037,-0.012212749370078102,0.0,0.0,0.0023788832022721973,0.0023788832022721973,0.0,0.005075497097541071,0.01306971102065968,0.003606622823155714,0.0,-0.0018463510819938245,0.0005624533240951024,0.0005624533240951024,0.0,-0.003637643582898864
2023-12-04 00:00:00+00:00,0.016640420014617074,0.020663166691311075,-0.014944382754898733,-0.010857636107197921,-0.03610118182150168,0.0,0.0,0.016640420014617074,0.016640420014617074,0.0,0.016867404414594445,0.036373323065877594,0.008233702207297133,0.0,0.0,0.00023912261275182978,0.004493867227170822,0.0,-0.0073814776293240625
2023-12-05 00:00:00+00:00,0.019846455698144805,0.022162486837498774,-0.010786156230093158,-0.008914413393971143,-0.029838292264992794,0.0014304643321048083,0.0,0.020264452158222035,0.020264452158222035,0.0,0.02043850900826949,0.035777684544980426,0.00490962725206745,0.0,0.0,0.003994688731226548,0.01074092956563999,0.0,-0.0034132806883840905
2023-12-06 00:00:00+00:00,-0.007393195513489714,-0.009086896048932314,0.013113064882762648,-0.004580918466042916,0.009927790366757616,0.002884867813388592,0.0,-0.006655983028359569,-0.006655983028359569,0.0,-0.0008507533333332873,-0.0008000000000000229,-0.00021268833333332182,0.0009582736078184162,0.0,-0.004247748839321774,-0.014275431396299831,0.0,0.004200104527280146
2023-12-07 00:00:00+00:00,0.04583224981381817,0.0290003137863033,0.013382357742358186,-0.015186576564239274,0.053246737301801295,0.0008952417446153049,0.0,0.04583224981381817,0.04583224981381817,0.0,0.0,0.0,0.0,0.0,-0.0015967293523364567,0.04449391159422156,-0.017874790459710077,0.0,0.03174963217384752
2023-12-08 00:00:00+00:00,0.04160294082878191,0.023200742538120878,0.03452330455934427,-0.01643083260043443,0.04207416207961323,0.0,0.0,0.04160294082878191,0.04160294082878191,0.0,0.0,0.0,0.0,0.0026151270147924954,0.007094516845875809,0.02034976292916224,-2.910666666666728e-05,0.0,-0.000437559999999948
2023-12-09 00:00:00+00:00,-0.01832942100257562,-0.012080513182069486,-0.00898045390874913,-0.003274605850819734,-0.012135344557803962,0.0,0.0,-0.01832942100257562,-0.01832942100257562,0.0,0.0,0.0,0.0,-0.0039969234555591315,0.0010553209975328048,0.0,0.0,0.0,0.0
2023-12-10 00:00:00+00:00,0.013239305315288163,0.007165533795143064,0.009929324112777582,0.0025749455417956035,0.016545987436941134,0.0,0.0,0.013239305315288163,0.013239305315288163,0.0,0.0,0.0,0.0,0.006562610920292533,0.0008568671557860341,0.0,0.0,0.0,0.0
2023-12-11 00:00:00+00:00,-0.0582901949287431,-0.04738430529424076,-0.0023913537375204186,0.009699975506246128,-0.00193794367293032,-0.0027475939328062138,0.0004209986127556853,-0.055357946555342985,-0.055357946555342985,0.0,0.0,0.0,0.0,0.0,0.0,0.0,0.0,0.0,0.0
2023-12-12 00:00:00+00:00,-0.009294945621284523,-0.004568743333630443,-0.004746269258778302,-0.0002945087026111626,-0.014755033293246456,0.014883511349372602,0.024330313243082546,-0.007830780138311733,-0.007830780138311733,0.0,0.0,0.0,0.0,0.0,0.0,0.0,0.0,0.0,0.0
2023-12-13 00:00:00+00:00,0.029100867823604215,0.024758778503435774,0.0013279116007967051,-0.004146962328413828,-0.001539992734378104,-0.0004993377262753063,-0.016989956725499855,-0.015401175777745357,-0.015401175777745357,0.0,0.0,0.0,0.0,0.002216160902140718,0.0,0.0022553865297387787,0.0,0.00302252028899197,0.0
2023-12-14 00:00:00+00:00,0.03281016398866865,0.022654193940062628,0.015852221706461833,0.003012964110550298,0.034121957599150265,0.0,0.0,0.0,0.0,0.0,0.0,0.0,0.0,0.005614462762887351,0.0,0.03176129521615856,0.0,0.03281016398866865,0.0
2023-12-15 00:00:00+00:00,-0.03580483710072668,-0.029877629512914172,-0.0005248925460331622,0.007221998449140399,-0.008889097067912077,0.0005280012149111446,0.0,0.0,0.0,0.0,0.0,0.0,0.0,-0.0024841255875522883,0.0,-0.027495690704880116,0.0,0.006143003262637503,0.0
2023-12-16 00:00:00+00:00,0.009019014034222117,0.006712253917990685,0.004223488646854401,0.001588311267599174,0.004312363602485547,0.0,0.0,0.0,0.0,0.0,0.0,0.0,0.0,0.006055732138078973,0.0,0.006652989682448984,0.0,0.0,0.0
2023-12-17 00:00:00+00:00,-0.024841494886285287,-0.019307534673112192,-0.0080675963522846,-0.0019749714031815913,-0.008684519110358169,0.001880503349980689,0.0,0.0,0.0,0.0,0.0,0.0,0.0,-0.0012060920253913476,0.0,-0.017715085323142477,0.0,0.0,0.0
2023-12-18 00:00:00+00:00,0.029154516157237964,0.021355229264153452,0.013172413650154091,0.005331163000539929,0.009507905942419903,0.007122598381388734,-0.0025313139401254015,0.0,0.0,0.0,0.0,0.0,0.0,0.0,0.0,0.012745495084001579,0.0,0.0,-0.003588067712195886
2023-12-19 00:00:00+00:00,-0.015502870933738477,-0.01264690739721308,-3.533070551464679e-05,0.003025410494004843,-0.005015678486913422,0.0023222052613711686,0.0055025367396390745,0.0,0.0,0.0,0.0,0.0,0.0,-0.000976644705551255,0.0,-0.006305550112546854,0.0,0.0,0.006326853832562485
2023-12-20 00:00:00+00:00,0.054656413257020864,0.03606701316538685,0.038188616921108975,0.018141736119091423,0.04633500224563747,0.00269583658188588,0.004656838221401838,0.005888624872908199,0.005888624872908199,0.0,0.0,0.0,0.0,0.0030779162152296813,-0.001278514963306332,0.04059547753702919,0.004214670609495652,0.004214670609495652,-0.0036713415763121038
2023-12-21 00:00:00+00:00,0.05186187497233741,0.03113255508626933,0.04190500351468596,0.01857622494091804,0.069177223011472,0.0,0.0,0.04582558018434546,0.04582558018434546,0.0,0.0,0.0,0.0,0.006636714318937198,0.0097914108134598,0.04582558018434546,0.04582558018434546,0.04582558018434546,0.04170500351468598
2023-12-22 00:00:00+00:00,0.026946620390421394,0.02065487692489354,0.001854108051893899,-0.00557502078973604,0.020285574263300354,0.0,0.0,0.014304788846817518,0.014304788846817518,0.0,0.0,0.0,0.0,0.0028484659984293614,0.0045413921451771255,0.02148725272686991,0.02148725272686991,0.0066557983528845455,0.001854108051893899
2023-12-23 00:00:00+00:00,0.028664939999691885,0.014327585361917139,0.036464815145385465,0.018071440847482023,0.05418759331687806,0.0,0.0,0.03377037586495257,0.03377037586495257,0.0,0.0,0.0,0.0,-0.0025064447626984565,-0.0007434577886785698,0.014432999394381474,0.014432999394381474,-0.0024926603134478587,0.036464815145385465
2023-12-24 00:00:00+00:00,0.002187091641439709,-0.003903483638301841,0.020574309966352677,0.012821501374428168,0.029416355650082826,7.430839012045887e-05,0.0,0.014761909445804244,0.014761909445804244,0.0,0.0,0.0,0.0,0.0083928718198647,0.01313133415048684,-0.0066101600649431935,-0.0066101600649431935,-0.0002777266666667,0.00624788375130958
2023-12-25 00:00:00+00:00,0.030193297840303668,0.019482755196682744,0.02359692300297689,0.010195921945906461,0.029963558957371905,0.0008203703600098144,0.0,0.024975057011185076,0.024975057011185076,0.0,0.0,0.0,0.0,0.013064106932719977,0.0012150527157639424,0.0008701305247336144,0.0008701305247336144,0.0,-0.0008631371546703459
2023-12-26 00:00:00+00:00,-0.036423233924483434,-0.02501611102254464,-0.017031758659773244,-0.004079357132062755,-0.02227838820531114,0.003986147479914992,0.017966144350016755,-0.023007504430512138,-0.023007504430512138,0.0,0.0,0.0,0.0,-0.002915664046313049,-0.006298056139718344,-0.006343614646760254,-0.006343614646760254,0.0,0.006346275296367443
2023-12-27 00:00:00+00:00,0.00929576145262856,0.01418888082983849,-0.03819548212842783,-0.014219161335659258,-0.03505063894816174,0.0021561027163479185,-0.0030972448625848914,-0.01629405554523955,-0.01629405554523955,0.0,0.0,0.0,0.002881926886529662,-0.007829933762273478,0.0,0.021365610081488073,0.021365610081488073,0.004780178832778814,-0.021673691945844342
2023-12-28 00:00:00+00:00,-0.02849816932857474,-0.021154432050145555,-0.011600649765632687,-0.00018394485846040531,-0.01495725404232251,-0.0013560598667243795,0.0,-0.033903210329076505,-0.033903210329076505,0.0,-0.02938477188310007,-0.018711532319509616,-0.014595950108216682,-0.01352597261822952,0.0,-0.005179730379267111,-0.005179730379267111,-0.005179730379267111,-0.0055413239044610485
2023-12-29 00:00:00+00:00,0.002327062777519817,-0.003151786949673774,0.020597882885502683,0.01016596738963238,0.027209477556750405,0.0039043368129991762,0.0,-0.006865200463124443,-0.006865200463124443,0.0,0.0023053482569070916,-0.017063419038094274,0.0016790153593471135,-0.0021513527249595876,0.0,-0.006865200463124443,-0.006865200463124443,-0.0020385073454125546,-0.006916921936532594
2023-12-30 00:00:00+00:00,-0.014802102862247146,-0.008812736363435714,-0.012359495676603327,-0.005991735292348643,-0.02093115301095272,0.00030563853748355463,0.0,-0.001331209698261282,-0.001331209698261282,0.0,-0.014811804202008116,-0.0016550053600555836,-0.014897625868674824,0.0,0.0,-0.0003241833333332833,-0.0003241833333332833,0.0,-0.001348971618701067
2023-12-31 00:00:00+00:00,-0.0020181136330882365,-0.0018309270570932012,0.0005624305541298558,-0.0012301083578075689,-0.0027920908309798653,0.0002629026995550898,0.0,-0.00030571333333329065,-0.00030571333333329065,0.0,-0.0019330244944913977,-0.0012835428278963334,-0.0019330244944913977,0.0,0.0,0.0,0.0,0.0,-0.0016397598300236238
2024-01-01 00:00:00+00:00,0.051035532815220996,0.039171854030204845,0.011492151647514381,-0.00392776461454003,0.01798598247127159,8.929273483304634e-05,0.0,0.0,0.0,0.0,0.051519706675707155,0.03714088670970428,0.051519706675707155,0.0,0.0,0.0049255189081387485,0.0,0.0049255189081387485,0.009992130584746128
2024-01-02 00:00:00+00:00,-0.005473035775785395,-0.0009752098078827931,-0.015573196344318974,-0.004882107586706375,-0.023359794516478405,0.0,0.0,-0.003872971893037369,-0.003872971893037369,0.0,-0.005547108183163174,0.00734133910857615,-0.005547108183163174,0.0,0.0,0.005185911946404831,0.0,0.005185911946404831,-0.00023763601638759901
2024-01-03 00:00:00+00:00,-0.0625535445238794,-0.05122161395829761,-0.010164947298586857,0.009312907466763498,-0.01524742094788023,-0.012887323204510026,-0.012845693050447249,-0.016054640994197955,-0.016054640994197955,0.0,-0.06299270208273111,-0.055320651169740165,-0.04748784822871499,0.0,0.0,-0.016054640994197955,0.0,-0.009610880260023213,-0.020933113442175966
2024-01-04 00:00:00+00:00,0.03690667905069955,0.024201949401567724,0.011727560739020593,0.0015650769276198684,0.01759134110853089,0.012059815688104436,-0.0010891724175253747,0.009936746875307545,0.009936746875307545,0.0,0.04022984494381787,0.02780056629716099,0.019914922471908847,0.01334366292579059,0.0,0.009936746875307545,0.0,0.0,0.008565137524750632
2024-01-05 00:00:00+00:00,-0.01799474650470212,-0.012475744679005585,-0.016166533473523148,-0.007627042415468299,-0.024249800210284778,9.27559042041004e-06,0.0,-3.4984109679059294e-05,-3.4984109679059294e-05,0.0,-0.016286609399147278,-4.710381680661513e-05,-0.00427165234978677,0.004134121110839661,0.0,-3.4984109679059294e-05,0.0,0.0,5.7270836548495296e-05
2024-01-06 00:00:00+00:00,-0.024734363659956293,-0.01372765977147583,-0.018854044484621912,-0.004866476221682792,-0.02828106672693287,0.004909273312577733,0.0,-0.0015169902307882177,-0.0015169902307882177,0.0,-0.0008000000000000229,-0.0008000000000000229,-0.00019999999999997797,0.0019314983532165986,0.0,-0.0015169902307882177,0.0,0.0,-0.004295828852493688
2024-01-07 00:00:00+00:00,-0.017095608900064674,-0.008672508738564733,-0.015278524286210682,-0.0036133624894744143,-0.022917786429315967,-0.0038435664047641316,0.0,-0.0003916808786985637,-0.0003916808786985637,0.0,0.0,0.0,0.0,0.0007130308291727339,0.0,-0.0003916808786985637,0.0,0.0,-0.002999831574687417
2024-01-08 00:00:00+00:00,0.062173536258480766,0.043531103662895365,0.014621376755934223,-0.0028262735733119992,0.012663850447213854,-0.0002560327604056445,0.0,0.022852899949465266,0.022852899949465266,0.0,0.0,0.0,0.0,-0.0018689964395083303,0.0,0.022852899949465266,0.0,0.0,0.01644756919585566
2024-01-09 00:00:00+00:00,-0.0011448029516061276,-0.005059923621104856,0.0030378614038124585,0.00036562694314912214,0.016530629137729846,0.0011627432946512695,0.0,-0.0061952628819093025,-0.0061952628819093025,0.0,0.0,0.0,0.0,0.00139760709010317,0.0,-0.0061952628819093025,0.0,0.0,0.0017889346465791434
2024-01-10 00:00:00+00:00,0.046117183372106574,0.04131470802208215,-0.025209064221713873,-0.030189539064067406,0.00773565543588961,-0.0008813014619071247,0.0,0.01820991449339382,0.01820991449339382,0.0,0.0,0.0,0.0,0.002811997888834794,0.0,0.003910449687192452,0.0,0.0,0.04306158652569225
2024-01-11 00:00:00+00:00,-0.005683562917760621,-0.001056608585376595,-0.011215788679049155,-0.0008428121430613666,-0.00699982199431648,-0.0013677805784396702,-0.0022214346087429115,0.0017938523025227138,0.0017938523025227138,0.0,0.0,0.0,0.0,0.006496043982192834,0.0,-0.0023584838186366808,0.0,0.0,-0.007355539988438964
2024-01-12 00:00:00+00:00,-0.0599779708170336,-0.047047085158832935,-0.013817778492849597,0.01596971539651637,-0.000629706349813075,-0.011245798912481453,-0.018452405560208662,-0.03302408903466514,-0.03302408903466514,0.0,0.0,0.0,0.0,-0.025383906833781444,-0.00039785026728156314,-0.026104390640774633,0.0,0.0,-0.026048942728191582
2024-01-13 00:00:00+00:00,0.01737882000489166,0.01063228850410991,0.006047498235832727,0.00011014624805660844,0.019340553059431276,0.006273756799750174,0.003766096310592104,0.0071622457167739295,0.0071622457167739295,0.0,0.0,0.0,0.0,0.00023654858639909904,-0.0002212166699940843,0.0004006312844786475,0.0,0.0,0.013240857461185751
2024-01-14 00:00:00+00:00,-0.024708784659923877,-0.01854746279498487,0.0064909290816865806,-0.009950585448282978,0.0024997383544929086,-0.002346344071199824,0.0,-0.010280347653684463,-0.010280347653684463,0.0,0.0,0.0,0.0,0.0,0.0,-0.008755482478149945,0.0,0.0,-0.007080675320338958
2024-01-15 00:00:00+00:00,0.009685940135522486,0.005856140360233297,-0.004810853056539277,0.004084391187333836,-0.006516279584808937,0.005775531533930289,0.0,0.0,0.0,0.0,0.0,0.0,0.0,0.0,0.0,0.006193337046323633,0.0,0.0,0.0017864103848490576
2024-01-16 00:00:00+00:00,0.021076984641851926,0.013123288968239777,0.006730884166575413,0.00394990405680673,0.010096326249863008,0.0,0.0,0.0,0.0,0.0,0.0,0.0,0.0,0.0,0.0,0.004741582072136374,0.0,0.0,0.011476232867034142
2024-01-17 00:00:00+00:00,0.0013652379625190836,-0.00400281619427012,0.018126974310483046,-0.015431485455254301,0.02719046146572457,0.0,0.0,0.0,0.0,0.0,0.0,0.0,0.0,0.0,-0.005396879069286209,-0.002796956632833858,0.0,0.007310891103785355,0.015324480473591029
2024-01-18 00:00:00+00:00,-0.03969573005334637,-0.025149787736606144,-0.01396464315968382,0.005560584838001148,-0.02094696473952562,0.0025042932304371046,0.0,-0.0027446586791891603,0.0,0.0,0.0,0.0,0.0,0.0,0.0,-0.01412902604264299,0.0,-0.032774484469735854,-0.025440577227415884
2024-01-19 00:00:00+00:00,0.0008025865034524404,0.0023619427036458696,-0.00553420229066881,0.004247305468222606,-0.008301303436003216,0.0047683984653073,0.0,-0.002797723530739815,0.0,0.0,0.0,0.0,0.0,0.0,0.0,0.0,0.0,0.0,-0.002900467568607845
2024-01-20 00:00:00+00:00,-0.004400684380840292,-0.00337855081250793,-0.0027128030456806673,-0.0014054259987964501,-0.004069204568521001,-0.002696426173833033,0.0,-0.000139234076713457,0.0,0.0,0.0,0.0,0.0,0.0019483007242953043,0.0,0.0,0.0,0.0,-0.002575177001866158
2024-01-21 00:00:00+00:00,-0.007113088872676032,-0.004104124096732664,-0.005527947237794484,0.001723208525477915,-0.008291920856691837,0.0,0.0,0.0009918383262850217,0.0,0.0,0.0,0.0,0.0,0.0,0.0,0.0,0.0,0.0,-0.006522607578676953
2024-01-22 00:00:00+00:00,-0.041553318247769644,-0.020403132832076953,-0.0036888035064726044,-0.0037749892380464223,-0.01546189961695954,-0.007276408213481633,0.0,0.015527380828299409,0.0,0.0,0.0,0.0,0.0,0.0,0.0,0.0,-0.0010699233922530915,0.0,-0.0265439346877252
2024-01-23 00:00:00+00:00,-0.007972540200491984,-0.008289386857998848,-0.013184662880613263,-0.0116463081017677,-0.0014445245306156096,-0.0016042337824314634,0.0,-0.00587569561261525,0.0,0.0,0.0,0.0,0.0,0.0,0.0016626834171433735,0.0,-0.0027853012944960565,0.0,0.001656414688713248
2024-01-24 00:00:00+00:00,0.006994706013764063,-0.0013111846452240616,-0.0026268370983224543,-0.012622029400567891,0.02384035605290835,-0.0011021445107839423,0.0,-0.01880263028809903,0.0,0.0,0.0,0.0,0.0,-0.00073103518050599,0.0,0.0,-0.017222726792445853,0.0,0.0173720822215635
2024-01-25 00:00:00+00:00,-0.005795001286733825,-0.00219244890825665,-0.0014338999473337832,0.002188910014234269,-0.008913797993062134,0.0,0.0,0.007974639687091889,0.0,0.0,0.0,0.0,0.0,-3.333333333332966e-05,0.0,0.0,0.006888830096718035,0.0,-0.007086309087835918
2024-01-26 00:00:00+00:00,0.014500898333994927,-0.009726180664227368,-0.008138671571423672,-0.00690987432259782,0.007750871027583095,0.0,0.0,-0.03062294802406873,0.0,0.0,0.0,0.0,0.0,0.0,0.0,0.0,-0.02046959469075116,0.0,0.020527797544071635
2024-01-27 00:00:00+00:00,0.0042849280939620815,-0.0001594175762046346,-0.0023174891264161612,-0.004545930398240139,0.0071628798652290104,0.0,0.0,0.0,0.0,0.0,0.0,0.0,0.0021616797871291116,0.0,0.0,0.0,-0.007074172289675107,0.0,0.0070428571428571285
2024-01-28 00:00:00+00:00,0.0022120273043482186,0.0006049845364897166,-0.0009635558835304758,-0.0012287084915834079,0.010056395220522374,0.0,0.0,0.0,0.0,0.0,0.0029544309671563074,-0.004233688788290557,0.0016309996502448243,0.0,0.0,0.0,-0.006487936377157166,0.0,0.005980550159349951
2024-01-29 00:00:00+00:00,0.020714395605689218,0.003824657202471382,0.009855411671823688,0.0012261422395205557,0.014525579958355905,0.0,0.0,0.0,0.0,0.0,0.038424443796941876,0.02818821130824478,0.028668332847706424,0.0,0.0,0.0,-0.01918350228814447,0.0020991656353424037,0.01963230292477869
2024-01-30 00:00:00+00:00,-0.0007716339986379994,-0.0016152104894567865,-0.004473034413755905,0.002394210676472941,0.00303714714208958,0.0,0.0,-0.014913036847787331,-0.014913036847787331,0.0,-0.0002551575706793985,0.0009689772555019349,-0.00040515757067938196,0.0,0.0,0.0,-0.004302353437672268,-0.0029029330064170855,-0.0009011424076807995
2024-01-31 00:00:00+00:00,-0.01853839675375657,-0.009801888883505083,-0.00612212079546548,-0.005861595997046165,-0.01785740451216633,0.0009297328985353737,0.0,-0.014656543491689988,-0.014656543491689988,0.0,-0.026246061983162927,-0.017232533414708096,-0.026246061983162927,0.0028359760346279295,0.0,0.0,0.0,-0.002505445395520778,-0.014757706373357493
2024-02-01 00:00:00+00:00,0.004783632462781462,9.198878029148538e-05,-0.00013433621211833557,-0.0015796741907372347,-0.001511083576280714,0.0026500330458185672,0.0,0.0030980991265803226,0.0030980991265803226,0.0,0.009851841565727382,0.010422704197213362,0.009851841565727382,0.0,0.0,0.0,0.0,0.0,-0.00025050000000004236
2024-02-02 00:00:00+00:00,0.007262555333042986,0.003315690812885297,0.008751815262020513,0.00563673768028794,0.012905308854946451,0.0019363805096574982,0.0,0.009396130688240856,0.009396130688240856,0.0,0.010695160965266126,0.002017483715940571,0.010695160965266126,0.0,0.0,0.0,0.0,0.0,0.0
2024-02-03 00:00:00+00:00,-0.008845621072903653,-0.004807191597944516,-0.006937501382751843,-0.003814824115587312,-0.010928007567403197,0.0,0.0,-0.008879188497632473,-0.008879188497632473,0.0,-0.012270863728655934,-0.005159443848145595,-0.00939962862982524,0.0,0.0,0.0,0.0,0.0,0.0
2024-02-04 00:00:00+00:00,-0.009392952853383707,-0.005921813895913952,-0.0074270411495023225,-0.004523189209494793,-0.0076774851136461875,0.0,0.0,-0.005105635854707358,-0.005105635854707358,0.0,-0.012899150015414196,-0.006626467736114305,-0.006642480841040466,0.0,0.0,0.0,0.0,0.0,0.0
2024-02-05 00:00:00+00:00,-0.00023561269391181305,-0.0023754701481489837,-0.0012556681686186622,-0.001029274831226945,-0.0007000000000000339,0.0,0.0,0.0,0.0,0.0,0.002949327233449317,0.0037987320813686054,0.0005373318083623513,0.0,0.0,0.0,0.0,0.0,0.0
2024-02-06 00:00:00+00:00,0.0075686673569825835,-0.0002382551897035512,-0.0058934959055692016,-0.007667387770958545,0.0,0.0,0.0,0.0,0.0,0.0,-0.0007710233333333427,-0.0007784549999999557,-0.00019275583333333568,0.0,0.0,0.0012837333335904422,0.003887234764045955,0.0012837333335904422,0.0
2024-02-07 00:00:00+00:00,0.022700893378207798,0.015398788428580668,0.007311607887746874,0.0026901623647341832,0.0,0.0,0.0,0.0005315530086908993,0.0005315530086908993,0.0,0.0,0.0,0.0,0.0,0.00044811690510093705,0.02742457733675896,0.012700185359907357,0.02742457733675896,0.0
2024-02-08 00:00:00+00:00,0.008277520615517675,0.006454130435389116,0.006032295890306072,0.007707324361082568,-0.003450469047019289,0.0,0.0,0.005975185661817539,0.005975185661817539,0.0,0.0,0.0,0.0,0.0,0.001491573357671916,0.016679291231189053,0.01135979644191365,-0.0007119051393874587,0.0
2024-02-09 00:00:00+00:00,0.02963910009792925,0.024893038983585747,0.0044200456322764925,0.005991200612166292,-0.0007195450000000436,0.0,0.0,0.022539150718880574,0.022539150718880574,0.0,0.0,0.0,0.0,0.0,0.0,0.013388694012028912,0.0,0.02702886020665618,0.0
2024-02-10 00:00:00+00:00,0.01022704645548056,0.00891640359995427,0.0045288822019173836,0.0014482525226335863,0.0,0.0,0.0,0.006054579240664992,0.006054579240664992,0.0,0.0,0.0,0.0,0.0,0.0,0.0064405176669317665,0.0,0.0064405176669317665,0.006109776780147236
2024-02-11 00:00:00+00:00,-7.988771837952324e-05,0.0014620680785617512,-0.0055424483434463045,-0.0035538515243422886,0.0,0.0,0.0,0.004751009890260782,0.004751009890260782,0.0,0.0,0.0,0.0,2.944923318382031e-05,0.0,-0.004704132752791024,0.0,-0.004487378960191357,-0.004703460089071521
2024-02-12 00:00:00+00:00,0.0424333636868075,0.03921557503934192,-0.007374712426667651,-0.012632939313319436,0.0,0.0,0.0,0.03167226103282639,0.03167226103282639,0.0,0.0,0.0,0.0,-0.0008824626865764351,0.0,0.01325867822600757,0.0,0.008370012155203277,0.013131476398284159
2024-02-13 00:00:00+00:00,-0.0020121029470848706,-0.00274799026085637,0.004887802915268802,0.004112116712323255,0.0,0.0031028355779456618,0.012446218772713014,-0.0062773936985021095,-0.0062773936985021095,0.0,0.0,0.0,0.0,0.0017059954234119878,-0.0003929355642150467,0.003828313034268005,0.0,0.0,0.0022786362517339676
2024-02-14 00:00:00+00:00,0.04447367687229442,0.039865973413214295,-0.0036407066349718464,-0.008507191889238985,0.0,-0.0010528560351551475,-0.004211366321018817,0.04447367687229442,0.04447367687229442,0.0,0.0,0.0,0.0,0.0,0.0,1.9581589553174794e-05,1.9581589553174794e-05,0.001917164892778933,0.01332161199598958
2024-02-15 00:00:00+00:00,-0.0041171588687748395,-0.000620403292476368,-0.015772853840575918,-0.01243442058106159,0.0,0.0,0.0,-0.0041171588687748395,-0.0041171588687748395,0.0,0.0,0.0,0.0,0.0004096565208009384,0.0,-0.010100505747798083,-0.0074352468580229925,-0.004469385148959559,-0.010087788131497799
2024-02-16 00:00:00+00:00,-0.010737936303467532,-0.007401091295628159,-0.007072263978873727,-0.00374083373555123,0.0,0.00034576326490287634,0.0,-0.010737936303467532,-0.010737936303467532,0.0,0.0,0.0,0.0,0.0007547777442074022,0.0,-0.014857635295028593,0.009536145910064908,-0.0038904906249048743,-0.00963956340055927
2024-02-17 00:00:00+00:00,-0.009620348905701959,-0.007773483839204509,-0.0024274058482286476,-0.0013412097416587443,0.0,0.00034188142417646006,0.0,-0.015146663624933887,-0.015146663624933887,0.0,0.0,0.0,0.0,-0.00035353167803009455,0.0,0.0,0.004366872525538357,0.0,-0.004472295601411935
2024-02-18 00:00:00+00:00,0.02444936570809153,0.022203765731520386,-0.0014072297566297687,0.0038786948928304366,0.0,0.0023206285165802143,0.0,0.01436299531214913,0.01436299531214913,0.0,0.0,0.0,0.0,0.0,0.0,0.0,-0.00993115237900466,0.0,0.009983388060435416
2024-02-19 00:00:00+00:00,0.00232659223980769,0.002847245352045391,0.008457490617774122,0.008849728034267867,0.0,0.0,0.0,0.004644144610135736,0.004644144610135736,0.0,0.0,0.0,0.0,0.0,0.0,0.0,0.0022255147233884998,0.0,-0.0023441821120843143
2024-02-20 00:00:00+00:00,0.0006119455733217816,0.002884619283321621,0.017824522865540704,0.01497259016855157,0.0,0.007107356762659167,0.014811129934223954,0.010790995839181416,0.010790995839181416,0.0,0.0,0.0,0.0,0.0,-0.0024555259783410888,0.0,0.005790589294661919,0.0,-0.01003629911013193
2024-02-21 00:00:00+00:00,-0.0185249256318738,-0.016235223828702683,0.004947867359560876,0.001971356780765321,0.0,-0.005058583068167866,-0.009260802106004884,-0.008093745795545892,-0.008093745795545892,0.0,0.0,0.0,0.0,0.00019688494346037366,0.0,-0.005467168104040687,0.004310926103939794,-0.005467168104040687,-0.01034366031203593
2024-02-22 00:00:00+00:00,-0.013268982503725768,-0.010469599188698608,0.010945127593492865,0.007666669263667991,0.0,0.00021281650076532266,0.0,-0.003433440018035694,-0.003433440018035694,0.0,0.0,0.0,0.0,0.0,0.0,0.00031619139002869723,0.013952342246615013,0.0018175538034579386,-0.010691550572631825
2024-02-23 00:00:00+00:00,-0.01488203830938395,-0.01323948416564158,0.0006052083506717931,-0.0017245192665379383,0.0,0.0,0.0,-0.009281892237470446,-0.009281892237470446,0.0,0.0,0.0,0.0,0.0,0.0,-0.00563400006359871,0.015341550196092069,0.0,-0.006248803614396281
2024-02-24 00:00:00+00:00,0.023889572749030252,0.019675362277590036,-0.005516349062190895,-0.0009774957063952705,0.0,0.0,0.0,0.01332102755444442,0.01332102755444442,0.0,0.0,0.0,0.0,0.0,0.0,0.007628202454736499,-0.02095970236580491,-0.0003325549239514558,0.013515477006291743
2024-02-25 00:00:00+00:00,0.012272760552687778,0.012867823708235804,0.015373097105427114,0.014640979435767365,0.0,0.0,0.0,0.01404931757439254,0.01404931757439254,0.0,0.0,0.0,0.0028821031367194383,0.0,0.0,0.010999230415138284,-0.006401864224013565,-0.002102100084707348,-0.002110049006304071
2024-02-26 00:00:00+00:00,0.039655247197714294,0.033813119523810276,-0.013849662711556854,-0.008110844608534618,0.0,0.0010818311155373905,0.0,0.0016203674743535679,0.0016203674743535679,0.0,0.0439637349197064,0.035564732364111284,0.022038879126519806,0.0,0.0,0.036850617128832086,0.0026415247762683336,0.0013126434098640338,0.02030281667696565
2024-02-27 00:00:00+00:00,0.015468638279954039,0.015536423086291107,0.011941029586356233,0.010184024373494305,0.0,0.0,0.0,0.02168313254425991,0.02168313254425991,0.0,0.016392246415695366,0.032681527088712636,0.012220023978438244,0.0011309811898019273,0.0008382516258569339,0.008506736437654316,0.0,0.015087138994781979,-0.005395438310113021
2024-02-28 00:00:00+00:00,0.07792972432293488,0.07212335550495963,-0.01897989458059457,-0.007910980750739816,0.0,0.005707931535709587,0.019090734024305833,0.045013647574472015,0.045013647574472015,0.0,0.07871134416670378,0.06825070515817999,0.07861374250003705,0.004855820494529706,0.0,0.0,0.0,0.006762610182239115,0.03321087406125045
2024-02-29 00:00:00+00:00,0.004177485748650733,0.0015653337426404512,-0.02185038699732844,-0.019910714668598395,0.0,0.004909593803441803,0.011623835267211335,0.004240512081579384,0.004240512081579384,0.0,0.004269112188638902,-0.01883149859338651,0.004269112188638902,0.003006832921502278,-0.0024764810964686967,0.0,0.0,0.0,0.016823444584229907
2024-03-01 00:00:00+00:00,0.02464906131580702,0.023141866640409736,-0.0004123178986876752,0.002598382382539288,0.0,0.0004765518827416493,0.0019013570759367493,0.02464906131580702,0.02464906131580702,0.0,0.0240650536960878,0.022342371920055948,0.0240650536960878,0.017740939252556265,0.009603327335393042,0.0,0.0,-0.015570598724386597,0.009170139082717244
2024-03-02 00:00:00+00:00,-0.00303360068829861,-0.0032150780358376485,-0.0027845987856118803,-0.0023416385737092815,0.0,0.0,0.0,-0.00303360068829861,-0.00303360068829861,0.0,-0.0030813412767706216,-0.006331482308962744,-0.0030813412767706216,0.0005490404415753325,0.00040747956951325826,0.0,0.0,0.0012073043998079847,0.0011396469292046518
2024-03-03 00:00:00+00:00,0.011540916569892978,0.011595276970594481,0.006495638149448535,0.00636922982594057,0.0,0.0,0.0,0.011540916569892978,0.011540916569892978,0.0,0.011522128081699945,0.017766865992149716,0.008331774394608304,-7.402448049709243e-05,0.0,0.0,0.0,-0.00012448412342758175,-0.0003224492463999029
2024-03-04 00:00:00+00:00,0.046428698258470735,0.04522550283114124,0.005449825857816615,0.008240378658851188,0.0,0.0,0.0,0.046428698258470735,0.046428698258470735,0.0,0.046530995808993225,0.05882394898853893,0.022950905404496513,0.0,0.0006975554296118069,0.0,0.0,0.0,0.007315029816634011
2024-03-05 00:00:00+00:00,-0.05094301008851532,-0.04537015241405662,0.013650836280855172,-0.006027325388470617,0.0,0.014168981081154941,0.0006330570975630057,-0.05094301008851532,-0.05094301008851532,0.0,-0.051717460030856754,-0.045751818889441465,-0.01323716834104749,-0.0010969205353510425,-0.01598530912372287,0.0,0.0,0.0,-0.02121624743789574
2024-03-06 00:00:00+00:00,0.051351630566434325,0.04545250421547942,0.01019872767969665,0.015157627319660971,0.0,0.02807361561526167,0.05290132834965666,0.051351630566434325,0.051351630566434325,0.0,-0.000922866666666633,-0.000984300000000049,-0.0002307166666666305,0.011379036180014124,-0.0008527293140684344,0.0,0.0,0.0,0.01449439600268021
2024-03-07 00:00:00+00:00,0.03992777074355458,0.02671045455883192,-0.028920106539821133,-0.018381452304894963,0.0,0.0,0.0,0.03992777074355458,0.03992777074355458,0.0,0.0,0.0,0.0,-0.008277505497514603,-0.0012933550553170248,0.0,0.0,0.0,0.03282591634085974
2024-03-08 00:00:00+00:00,0.00837692406844015,0.0077303771314101155,-0.0007419987533158201,-0.0001769180179443941,0.0,0.0,0.0,0.00837692406844015,0.00837692406844015,0.0,0.0,0.0,0.0,0.0008758819386109895,0.0,0.0,0.0,0.0,-0.0004314499999999999
2024-03-09 00:00:00+00:00,0.0007930589192213233,0.001171847757669875,0.002986759565069441,0.0007886271088066721,0.0,0.0,0.0,0.0007930589192213233,0.0007930589192213233,0.0,0.0,0.0,0.0,0.0016593703143421568,0.0,0.0,0.0,0.0,0.0
2024-03-10 00:00:00+00:00,-0.0003341314901921244,0.00011244211789018799,-0.002302816532840146,-0.004689618135186979,0.0,0.0,0.0,-0.0003341314901921244,-0.0003341314901921244,0.0,0.0,0.0,0.0,0.0,0.0,0.0,0.0,0.0,0.0
2024-03-11 00:00:00+00:00,0.040291842966902136,0.03463708430738466,-0.0020196419325626547,0.009137088796496995,0.0,0.0,0.0,0.040291842966902136,0.040291842966902136,0.0,0.0,0.0,0.0,0.0,0.0022301235280599574,0.0,0.0,0.008193702533959346,0.0
2024-03-12 00:00:00+00:00,-0.006958888565789301,-0.007696495075689591,0.004118900527287472,-0.007451424721608979,0.0,0.0,0.0,-0.006958888565789301,-0.006958888565789301,0.0,0.0,0.0,0.0,0.0,0.0,0.0,0.0,-0.011057559931142324,0.0
2024-03-13 00:00:00+00:00,0.03608702449289769,0.025166946004022916,0.0055433446965902355,0.016358997018110166,0.0,0.0,0.0,0.03608702449289769,0.03608702449289769,0.0,0.0,0.0,0.0,0.0,0.010151282671738704,0.013843025784695762,0.013843025784695762,0.013098841347432666,0.0
2024-03-14 00:00:00+00:00,0.006180336119548047,-0.0021282771279556023,0.002754156562142507,0.02615031610239482,0.04959651606724713,0.003744490161810665,0.0,0.006180336119548047,0.006180336119548047,0.0,0.0,0.0,0.0,0.008497359492962708,0.0028442237352208632,0.026003170048030322,0.022636855723164873,0.026003170048030322,0.0
2024-03-15 00:00:00+00:00,-0.007955861253904906,-0.011672302378049282,0.003226853647329886,0.020481880999640767,0.03368631497392993,-0.003199179082398085,-0.00028799219985975455,-0.007955861253904906,-0.007955861253904906,0.0,0.0,0.0,0.0,0.01790440551704875,0.00143052850758707,0.013824158881704296,0.026197795437014726,0.013824158881704296,0.0
2024-03-16 00:00:00+00:00,-0.04288425533493434,-0.03904233173434268,-0.0005314826462803346,0.017444917429675577,0.024858004607530404,-0.009300266503978083,0.0,-0.02961103028506451,-0.02961103028506451,0.0,0.0,0.0,0.0,-5.8655537397256374e-05,0.001775910680278825,-0.002891793996837033,0.017546249384272405,0.01951427150722962,0.0
2024-03-17 00:00:00+00:00,0.05820236428590109,0.03739140993376178,0.004315988412642913,0.014187267278879867,0.03059014079296052,0.009239769933531372,0.0,0.035114432883861735,0.035114432883861735,0.0,0.0,0.0,0.0,0.011334268024154825,-7.009000000002263e-05,0.03678637054524536,0.03520510470505056,0.0013340765492675377,0.0
2024-03-18 00:00:00+00:00,-0.023042784126046656,-0.016566770028456412,0.0012420796617538254,0.004827303300651398,-0.008661434196846396,-0.00028993628715012765,0.0,-0.009742570101363479,-0.009742570101363479,0.0,0.0,0.0,0.0,0.005518414023354401,0.0,-0.01189842649064643,0.0032831970301763214,-0.011557262822272985,0.0
2024-03-19 00:00:00+00:00,-0.09727279951375367,-0.0667955660256353,-0.010236146131569535,0.003522002711362049,-0.02469475991360026,-0.008235087662112117,0.0,-0.04569428053008773,-0.04569428053008773,0.0,0.0,0.0,0.0,-0.01997644578863722,-0.0010396368129602651,-0.01582297339049088,0.005672889862369024,-0.01582297339049088,0.0
2024-03-20 00:00:00+00:00,0.08937738912850168,0.04769353100703455,0.005472926898233421,-0.00776136414967088,0.017070595765336538,0.022075762865179538,0.013701356129216746,0.005202322789881864,0.042119727501297,0.0,0.0,0.0,0.0,0.021974836704216516,0.0,0.0,-0.03026055707409747,0.0,0.0
2024-03-21 00:00:00+00:00,-0.03361366405204491,-0.02045478963574765,-0.019378238819159233,-0.013570283973006858,-0.015082867153405122,0.0,0.0,-0.0196731524647632,-0.021923189386378716,0.0,0.0,0.0,0.0,0.0007475335423583473,-0.0008865868403543642,0.0,-0.00019865666666663007,0.0,0.0
2024-03-22 00:00:00+00:00,-0.02493906053898154,-0.013812134315126179,0.0070082852070809665,0.009338873886793664,0.0011264118403102596,0.0007816618315916735,0.0,-0.016831745099948336,-0.013874657194861584,0.0,0.0,0.0,0.0,-0.0003601643789167275,0.0,0.0,0.0,0.0,0.0
2024-03-23 00:00:00+00:00,-0.004676443131145347,-0.001913204992941453,-0.004046439899235921,-0.0027032586222772714,-0.008824778868782635,0.00011894096456255276,0.0,0.0,0.0,0.0,0.0,0.0,0.0,0.0,0.0,0.0,0.0,0.0,0.0
2024-03-24 00:00:00+00:00,0.04005806108673049,0.019565635758806543,0.009126117675889,0.0034011889945064766,0.007289355060246416,0.0,0.0,0.0,0.0,0.0,0.0,0.0,0.0,0.0,0.0,0.0,0.0,0.0,0.0
2024-03-25 00:00:00+00:00,0.027237778606448826,0.015106322551826867,-0.003785387325644596,-0.006185927391727408,-0.005729696645646931,0.0,0.0,0.0,0.0,0.0,0.0,0.0,0.0,0.0,0.0,0.0,0.0,0.012726513657083771,0.0
2024-03-26 00:00:00+00:00,0.0026591955770505216,0.001868331843894122,0.002864632920874799,0.002279340167639532,0.002874272364919328,0.0,0.0,0.0,0.0,0.0,0.0,0.0,0.0,0.0,0.0,0.0,0.0,-0.00289737275303914,0.0
2024-03-27 00:00:00+00:00,-0.014773430413240862,-0.007347903656431232,0.0005087563687218299,0.0025080680816012,-0.00727559670885547,0.0,0.0,0.0,0.0,0.0,0.0,0.0,-0.004736982036763537,0.0,0.0,0.0,0.0009249136336684227,-0.0024286695070657727,0.0
2024-03-28 00:00:00+00:00,0.014381949518694537,0.00854928286672485,0.0005102898967475067,-0.000977039436185878,-0.0003491783253219971,0.0,0.0,0.0,0.0,0.0,0.016573112022730152,0.016451314849463827,0.008386861011365099,0.0,0.0,0.0,-0.005293788502750196,0.0,0.0
2024-03-29 00:00:00+00:00,-0.004015292780671698,-0.0033661962998338124,0.008870010949938667,0.007922910401346517,0.01253718194269915,0.0,0.0,0.0,0.0,0.0,-0.006094333020395748,-0.014708399142931428,-0.004664595598630195,0.0,0.0,0.0,0.0050826297646218155,0.0,0.0
2024-03-30 00:00:00+00:00,0.001418271965760276,0.0003232459377842112,0.0038541513316467935,0.003094306481620457,0.007070046877864167,0.0,0.0,0.0,0.0,0.0,0.0009677713047546721,-0.0033159866536902616,0.0008729321380878119,0.0,0.0,-0.006550390519063587,0.0005600295600511895,-0.006550390519063587,0.0
2024-03-31 00:00:00+00:00,0.028258142156255328,0.015131479338900578,0.0010014115915062405,-0.002236286834213619,0.008928764938633593,0.0,0.0,0.0,0.0,0.0,0.03449029734737796,0.031013336572080163,0.03449029734737796,0.0,0.0,0.013707238882708417,-0.01264834501431844,0.014991465371628765,0.0
2024-04-01 00:00:00+00:00,-0.03507166691357577,-0.02138897696024722,-0.004134534199978335,-8.697728339468469e-05,-0.013971665915418985,0.0032817766619848143,0.0,0.0,0.0,0.0,-0.039108956201575173,-0.032384467129779715,-0.039108956201575173,0.0,0.0,-0.01748970905423486,0.005674457103747255,-0.013686632201431181,0.0
2024-04-02 00:00:00+00:00,-0.04758754854372449,-0.02515819255585805,0.002941703680988228,0.007371020938351069,0.0023186999836810607,-0.0178943662549228,-0.009617321848708893,0.0,0.0,0.0,-0.060447740058557464,-0.062691491893612,-0.060447740058557464,0.003330008619764735,0.0,-0.015168242499369877,0.040303874378841975,-0.00028344666666668683,0.0
2024-04-03 00:00:00+00:00,0.008766384197590016,0.003916247334738054,0.0030994828037467226,0.001652732809638735,0.006036170754573966,0.005620942539645624,0.0,0.0,0.0,0.0,0.011814894506283702,0.008253096186219055,0.008660370879712831,0.0,0.0,0.0,-0.009915964161758772,0.0,0.0
2024-04-04 00:00:00+00:00,0.007244461027156923,0.004138738394944053,-0.0035686878926938226,-0.003087454911782861,-0.021966581753796288,0.0,0.0,0.0,0.0,0.0,0.01214773544240244,0.021254273306681393,0.005873867721201131,0.0,0.0,0.0,7.878537650074513e-05,0.0,0.0
2024-04-05 00:00:00+00:00,-0.018999938955624573,-0.011538234947182535,-0.016511644212197862,-0.012659099686037179,-0.02142018685590208,0.0007035270979318664,0.0,0.0,0.0,0.0,-0.022043479202254357,-0.006647594810854751,-0.005710869800563567,0.0,0.0,0.0,0.018195557034897503,0.0,0.0
2024-04-06 00:00:00+00:00,0.012161127665138327,0.0075294073576617215,0.004909287057284217,0.001807616159930081,0.004446094743816298,0.001921226987400937,0.0,0.0,0.0,0.0,-0.0008224399999999799,-0.0008336599999999583,-0.0002056099999999672,0.0,0.0,0.0,-0.011298711974054965,0.0,0.0
2024-04-07 00:00:00+00:00,0.008103378741131761,0.003134984836696164,-0.008645737747184357,-0.007120385422998754,-0.0009806246171214505,0.0,0.0,0.0,0.0,0.0,0.0,0.0,0.0,0.0,0.0,0.0,-0.011606925408843338,0.0,0.0
2024-04-08 00:00:00+00:00,0.026482154633653554,0.01992854710796732,-0.02108257420538895,0.009163275596335563,-0.01334710781354076,0.0,0.0,-0.004007264410681888,-0.004007264410681888,0.0,0.0,0.0,0.0,0.0,0.0,0.0,-0.02599686537331758,0.022710811931760277,0.0
2024-04-09 00:00:00+00:00,-0.0389705081928543,-0.02952410480676615,0.0018601555488086952,-0.0010874880504017082,-0.005369787448313512,0.0030128480592248597,0.0,-0.011833138536081367,-0.011833138536081367,0.0,0.0,0.0,0.0,0.0,0.0,0.0,0.015578135223594636,-0.015427134096941852,0.0
2024-04-10 00:00:00+00:00,0.01029195200666444,0.009019886944348299,-0.002149022730110639,0.0060921308256365325,-0.008491068211132546,0.002149203651403253,0.0,-0.003754179792289203,0.007086090227645725,0.0,0.0,0.0,0.0,0.0,0.0,0.0,-0.0016435811622979024,0.0,0.0
2024-04-11 00:00:00+00:00,-0.00910512333953628,-0.0070327546541956165,0.0021051370489020282,-0.0017142455772755083,0.001588103903684912,0.0005752629379125462,0.0,-0.0012556759981050547,-0.003118614997241864,0.0,0.0,0.0,0.0,0.0,0.0,0.0,0.001830835154784216,0.0,0.0
2024-04-12 00:00:00+00:00,-0.05799676676368737,-0.03907778265168105,-0.012231017267323674,0.011716480800629592,-0.03538390259757218,-0.011862520376669128,0.002838304944650094,0.021800974091822134,-0.015571153312399222,0.0,0.0,0.0,0.0,-0.0013074088202420509,0.0021256839467185262,0.0,0.037425670032566805,0.0,0.0
2024-04-13 00:00:00+00:00,-0.040514417650961976,-0.011834843698890984,-0.008004315953203611,0.005312026149756566,-0.0007000000000000339,-0.009880974190754954,0.00157269859970266,0.031379265479076324,0.0,0.0,0.0,0.0,0.0,-0.01306132732262355,0.012539797035557632,0.0,0.04351363679289677,0.0,0.03180488322440378
2024-04-14 00:00:00+00:00,0.02079143914844872,-0.004914414204706952,0.014238473524386785,-0.011736471866791942,0.0,0.00015818804869915937,0.0,-0.031258814640376054,0.0,0.0,0.0,0.0,0.0,0.01495038603052179,-0.0005905467422216981,0.0,0.0,0.0,-0.05597051555444721
2024-04-15 00:00:00+00:00,-0.019944824092196334,0.0006152437072177719,0.015851560540111054,0.006842225283003822,0.0,0.0,0.0,-0.00020104666666664883,0.0,0.0,0.0,0.0,0.0,0.0016746560948639466,-0.010980386866683234,0.0,0.0,0.0,0.04513525883033642
2024-04-16 00:00:00+00:00,-0.0015513374831714888,-0.00027178415661022193,0.007333840360369548,0.005193431666784765,0.0,0.0,0.0,0.0,0.0,0.0,0.0,0.0,0.0,0.0048716676446252105,0.0028580875098696,0.0,0.0,0.0,0.005547758619831145
2024-04-17 00:00:00+00:00,-0.012706326301183402,0.0032055477588519565,-0.0023777323805369566,-0.0063793910966583045,0.0,0.0,0.0,0.0,0.0,0.0,0.0,0.0,0.0,0.0002846009181072251,0.0,0.0,0.0,0.0,0.03478172366220322
2024-04-18 00:00:00+00:00,0.01463944724404187,-0.007763947632038137,-0.013782279504945483,-0.004550535527949817,0.0,0.0,0.0,0.0,0.0,0.0,0.0,0.0,0.0,0.006584851359614063,0.0,0.0,0.0,0.0,-0.046411400862210295
2024-04-19 00:00:00+00:00,0.0001675128337477183,-0.0020378067175503833,0.0006407994104358217,0.0010600983760735705,0.0,0.0,0.0,0.0,0.0,0.0,0.0,0.0,0.0,0.005421122271257683,-0.00015064970321498894,0.0,-0.007246986498851693,0.0,-0.0019706319111255644
2024-04-20 00:00:00+00:00,0.011495814258074333,-0.007105921708492113,-0.014555855584727828,-0.006491249354939388,0.0,0.0,0.0,0.0,0.0,0.0,0.0,0.0,0.0,-6.250798969875682e-05,0.0,0.0,0.016512104491103408,0.0,-0.03685171917595531
2024-04-21 00:00:00+00:00,-0.0024799225470073516,0.000411379251159083,0.005415128954340709,0.003203609983675193,0.0,0.0,0.0,0.0,0.0,0.0,0.0,0.0,0.0,-0.00014810766449691037,0.0,0.0,-0.0008723547863176417,0.0,0.006254004714830286
2024-04-22 00:00:00+00:00,0.012687717895812467,-0.0019458693667071536,-0.008678168305208955,-0.0010371882807300725,0.0,0.0,0.0,0.0,0.0,0.0,0.0,0.0,0.0,0.0,0.0,0.0,0.01510079679859544,0.0,-0.03336853959858077
2024-04-23 00:00:00+00:00,-0.0021536301148283865,-0.0011044279944774082,0.0026093434622529443,0.000672089737712378,0.0,0.0,0.0,0.0,0.0,0.0,0.0,0.0,0.0,0.0,0.0,0.0,4.3693502664643447e-05,0.0,0.004550071898107078
2024-04-24 00:00:00+00:00,-0.016321393453803235,-0.0018375322690239448,0.004394943635605886,-0.0021924479543600217,0.0,0.0,0.0,0.0,0.0,0.0,0.0,0.0,0.0,0.0,0.0,0.0,-0.01896746333472743,0.0,0.034179860930829475
2024-04-25 00:00:00+00:00,-0.0011647511743443362,0.00010915012138812408,0.007796790088666183,0.004840129902628165,0.0,0.0,0.0,0.0,0.0,0.0,0.0,0.0,0.0,6.840574581579162e-05,0.0,0.0,0.0027994110737445954,0.0,0.0038881674548565393
2024-04-26 00:00:00+00:00,-0.0057113596615999684,0.0020415004314002783,0.009131851081413345,0.00611033216393686,0.0,0.0,0.0,0.0,0.0,0.0,0.0,0.0,-0.005005048836982939,0.0,0.0,0.0,-0.0064135001092456845,0.0,0.019351875347931813
2024-04-27 00:00:00+00:00,0.005014539323453526,-0.0029412636713894713,-0.006656602970203429,0.009694194293896397,0.0,0.0,0.0,0.0,0.0,0.0,0.015617766426406332,0.01643737800536549,0.007962729879869679,0.0,0.0,0.0,0.01125795799061824,0.0,-0.01623315309307294
2024-04-28 00:00:00+00:00,-0.00281303101725483,-0.00011746641232690536,0.006141431768843297,0.006457812319945022,0.0,0.0,0.0,0.0,0.0,0.0,-0.00888200034765807,-0.0014809422649116888,-0.006825616094076947,0.0,0.0,-0.0048280067134945925,-0.000926120577654288,-0.0048280067134945925,0.008882000347658181
2024-04-29 00:00:00+00:00,-0.002553990567698561,-0.0038942403321963193,-0.00475785328961531,-0.004471947720830816,0.0,0.0,0.0,0.0,0.0,0.0,-0.001525380694177958,-0.0014275245004684578,-0.0016826406941778949,0.0,0.0,-0.004805646572189848,-0.004697902496299755,-0.008213338146554339,0.001525380694177958
2024-04-30 00:00:00+00:00,-0.021463307720373193,0.0072117958149615635,0.005712502074401771,-0.002423285983682466,0.0,0.0,0.0,-0.018171900961679976,0.0,0.0,-0.06462652601661412,-0.05675415033520381,-0.06462652601661412,0.0010866340396873397,0.0023386976425385786,-0.022193686450392325,-0.0002657999999999827,0.0,0.06462652601661412
2024-05-01 00:00:00+00:00,0.0019958869113450017,0.006396690814147954,-0.025311302617928577,-0.024616039962216396,0.0,0.0,0.0,-0.009182373643466524,0.0,0.0,0.0029559340132445655,-0.026498389376983678,0.0029559340132445655,0.0022019848435415046,-5.9887499999966565e-05,0.0,0.0,0.0,-0.0029559340132444545
2024-05-02 00:00:00+00:00,0.0031621990443169157,-0.003388036639906278,-0.005846110002988181,-0.0041755497893433136,0.0,0.0,0.0,-0.012600502157428695,0.0,0.0,0.013040920083893237,0.008490066778929606,0.013040920083893237,0.0028842496396552786,0.0,0.0,0.0,0.0,-0.013040920083893126
2024-05-03 00:00:00+00:00,0.008478185567777352,-0.021503460498649152,-0.0017735140756803824,0.003060201619608627,0.0,0.0,0.0,-0.02533372256233868,0.0,0.0,0.04916718427159639,0.051701982107061006,0.03669347653703059,0.0003385635613084581,0.0,0.0,0.0,0.0,-0.0491671842715965
2024-05-04 00:00:00+00:00,0.0020622664557061743,-0.004982981521405416,-0.004087509699268632,-0.004494903192765576,0.0,0.0,0.0,0.0,0.0,0.0,0.012405990085067486,0.010217454774833046,0.006029474209200414,-0.0013900351759424945,0.0,0.0,0.0,0.0,-0.002245051457110847
2024-05-05 00:00:00+00:00,-0.0007379667579848759,-0.002569982564035067,0.0028731756668192165,-0.0014088811467293239,0.0,0.0,0.0,0.0,0.0,0.0,0.001807643633143119,0.003965837863554977,0.0002590984082857517,0.0,0.0,0.0,0.0,0.0,-0.0005937145969210356
2024-05-06 00:00:00+00:00,0.002122223898272768,0.0014730667613498394,0.0025456444227203168,-0.01977085056913841,0.0,0.0,0.0,0.0,0.0,0.0,-0.0007400833333333079,-0.0007308550000000302,-0.00018502083333338248,0.0,-0.0018919311776679493,0.0,0.0,0.0,-0.012695331512239005
2024-05-07 00:00:00+00:00,-0.008977639394922132,0.0016398647649848996,0.0017364776992194741,-0.0016189782290404464,0.0,0.0,0.0,0.0,0.0,0.0,0.0,0.0,0.0,-0.00577742679495763,0.0,0.0,0.0,0.0,0.012165515100127644
2024-05-08 00:00:00+00:00,-0.008549766473141207,0.0035554280316050235,-0.0025652935043730674,-0.0053366788677872146,0.0,0.0,0.0,0.0,0.0,0.0,0.0,0.0,0.0,0.0005688523950371227,0.0,0.0,0.0,0.0,0.010806152954923043
2024-05-09 00:00:00+00:00,0.012804222981182445,-0.00893042302113467,0.003428307397167707,0.007864126736713883,0.0,0.0,0.0,0.0,0.0,0.0,0.0,0.0,0.0,0.0,0.0,0.0,0.0,0.0,-0.020754981351697732
2024-05-10 00:00:00+00:00,-0.015064933912842027,0.006858132213304113,0.0018489553926939184,0.005674978872009184,0.0,0.0,0.0,0.0,0.0,0.0,0.0,0.0,0.0,0.0,0.0,0.0,0.0,0.0,0.0019919453387686747
2024-05-11 00:00:00+00:00,-0.0012008500855058557,-0.0008665997310662865,-8.93134170907306e-05,-0.0010541442476283969,0.0,0.0,0.0,0.0,0.0,0.0,0.0,0.0,0.0,0.00046921916689024457,0.0,0.0,0.0,0.0,-0.00010550211863946668
2024-05-12 00:00:00+00:00,-0.0011988708889224542,-0.003120148187672256,0.001679605023297004,-0.004503551151750829,0.0,0.0,0.0,0.0,0.0,0.0,0.0,0.0,0.0,0.0,0.0,0.0,0.0,0.0,0.003492424984333553
2024-05-13 00:00:00+00:00,0.0036153230686024607,-0.006856885943600122,0.005390383342285476,0.0030360908159423605,0.0,0.0,0.0,0.0,0.0,0.0,0.0,0.0,0.0,0.0,0.0,0.0,-0.0006430399413478449,0.0,0.007807932845176779
2024-05-14 00:00:00+00:00,-0.0068399561332025405,0.009146245701335154,0.0005756026555683302,0.0006143295645599789,0.0,0.0,0.0,0.0,0.0,0.0,0.0,0.0,0.0,0.0,0.0,0.0,-0.007919960201751342,0.0,-0.0072956768399770056
2024-05-15 00:00:00+00:00,0.02384200408927728,-0.01964914266777995,0.0077650648823370805,0.005230133171218787,0.0,0.0,0.0,0.0008572332154834772,0.0008572332154834772,0.0,0.0,0.0,0.0,0.0,0.0,0.014745342695797303,0.032021824632912255,0.022232020588433876,0.025006681917341567
2024-05-16 00:00:00+00:00,-0.0034418864135501437,0.004751216070953079,0.004831153473518146,0.010341301077831488,0.009250572410323565,0.0,0.0,-0.012817799910198047,-0.012817799910198047,0.0,0.0,0.0,0.0,0.00022683708041304484,0.0,0.009468650856548244,-0.00035061390275881177,-0.0029941969047651007,-0.00486002841275357
2024-05-17 00:00:00+00:00,0.023069917395174278,0.00021113161659602753,-0.0076260645199429655,-0.0045788444511172255,0.017984162374580448,0.0,0.0,0.02986857789260755,0.02986857789260755,0.0,0.0,0.0,0.0,0.0005987145307786435,0.0,0.0,0.016503151192424514,0.026390153286645734,0.008990055143373699
2024-05-18 00:00:00+00:00,0.004750519382765495,0.00035169351405106575,-0.003794539448916945,7.770679254726076e-05,0.009377093485403831,0.0,0.0,0.005300031170357489,0.005300031170357489,0.0,0.0,0.0,0.0,-0.0008805349482643443,0.0,0.0,0.0033111790160647026,0.005807437716962793,0.005033217780952892
2024-05-19 00:00:00+00:00,-0.007903421360982987,-0.0029016121966072284,0.0023162812801951205,0.0026984150829094666,-0.0022784182523093444,0.0004854938119942531,0.0,-0.007955895314472827,-0.007955895314472827,0.0,0.0,0.0,0.0,0.0,0.0,0.0,-0.0055939224713345,-0.0002459966666666924,-0.01382812120187038
2024-05-20 00:00:00+00:00,0.08199490606285353,0.04592456673201051,-0.0319611361501273,-0.04457929785229642,0.01006231841277816,0.0,0.0,0.08159862246705196,0.08159862246705196,0.0,0.0,0.0,0.0,0.0,0.00975359337853754,0.0,0.03932525813124732,0.020486491110008664,0.12373140596845067
2024-05-21 00:00:00+00:00,-0.011827704081726953,-0.009420719195752159,-0.026873623498279375,-0.004608599372481259,-0.013817888637484455,0.0,0.0,-0.010349522537913325,-0.010349522537913325,0.0,0.0,0.0,0.0,-0.00013156391000723744,-0.0013946786807863543,0.0,0.0,-0.004110797896437313,-0.010014955293453642
2024-05-22 00:00:00+00:00,-0.01135110118341398,-0.01037073204326977,0.002488807563424844,0.0031622005622302662,0.003623147485614986,0.0,0.0,-0.011463453325216477,-0.011463453325216477,0.0,0.0,0.0,0.0,0.005166159575659801,0.0034597097189004167,0.0,0.0,-0.009566735212716893,-0.007118917928944923
2024-05-23 00:00:00+00:00,-0.0034180210022310975,-0.003623207867294309,-0.005549290782983163,0.004847774613680134,0.006437738666806192,0.0026286014583261075,0.0,-0.007540718171860528,-0.007540718171860528,0.0,0.0,0.0,0.0,0.0,0.0,0.0,0.0,-0.01189660575660434,-0.0076515440771213195
2024-05-24 00:00:00+00:00,-0.018682277410558834,-0.012724753569127611,-0.011267550998941833,-0.013693255686528905,-0.028485890072046605,-8.130496559477507e-05,0.0,-0.02115804318658132,-0.02115804318658132,0.0,0.0,0.0,0.0,-0.00026497256667001867,0.0,0.0,0.0,-0.0048253342444093406,-0.013464114371836367
2024-05-25 00:00:00+00:00,0.006262107281515217,0.005557829036931583,-0.0005362858597334208,-0.0024616652864486444,-0.0032409729143425547,0.0003448911165535584,0.0,0.003341560996547699,0.003341560996547699,0.0,0.0,0.0,0.0,0.0,0.0,0.0,0.0,0.0012764846152428788,0.00474013291382569
2024-05-26 00:00:00+00:00,-0.007539901684862849,-0.005884187757035475,-0.016389901179275523,0.008710566311457502,-0.00870461635677433,-0.00119350930326112,0.0,0.006694088131373954,0.006694088131373954,0.0,0.0,0.0,0.0,0.0,0.0,0.0,0.0,0.0,-0.013602257156022146
2024-05-27 00:00:00+00:00,0.022219083218173008,0.016037570419597635,-0.008708095055628862,-0.00023505500591036732,0.013779270053596804,0.0014468794970106114,0.0,0.00599535486603564,0.00599535486603564,0.0,0.0,0.0,0.005843254768803652,0.0,0.0,0.0,0.0,0.0,0.018103127186429813
2024-05-28 00:00:00+00:00,-0.011906840043746425,-0.010495560428959716,-0.001371244001206473,0.001867567741555165,0.0030974083485251214,0.0007120020195747756,0.0,-0.004269943213970451,-0.004269943213970451,0.0,-0.012841595826777463,-0.014559687276889055,-0.006270797913388693,0.0,0.0,0.0,0.0,0.0,-0.007935214183386274
2024-05-29 00:00:00+00:00,-0.010090823030780127,-0.007971245426242723,-0.005915443885655569,-0.0011885264998235945,0.004307778689975006,0.0005441323272745713,0.0,-0.0068360708239215695,-0.0068360708239215695,0.0,-0.01150835922845761,-0.01590200740127712,-0.00876792442134322,0.0,0.0,0.0,0.0,0.0,-0.00468589438186251
2024-05-30 00:00:00+00:00,-0.0018112929813002276,-0.0007201011066654273,0.0010083153432820513,-0.004829021290176483,-0.009544828693507812,-0.00045798753070269704,0.0,-0.001869787067033113,-0.001869787067033113,0.0,-0.001442944297922688,0.0022428229382207565,-0.0015801467979227324,0.0,0.0,0.0,0.0,0.0,0.0004868999488651937
2024-05-31 00:00:00+00:00,-0.005211187207995072,-0.00468948652221246,0.0036746118572368314,0.004959039287271372,0.0023976147765119027,0.0011467657352179916,0.0,0.0012255527219398044,0.0012255527219398044,0.0,-0.0055537976943431655,-0.004515696691228754,-0.0055537976943431655,0.0,0.0,0.0,-0.0018523072571665633,0.0,-0.006685076318055927
2024-06-01 00:00:00+00:00,0.005926339211099307,0.0047518037045635175,0.0036523076781964647,0.002203634590922876,-0.00011474264859168137,0.0,0.0,0.004550267347210868,0.004550267347210868,0.0,0.006471556706951542,0.008335958095580409,0.006471556706951542,0.0,0.0,0.0,-0.0009903333271111814,0.0,0.0019049977188572154
2024-06-02 00:00:00+00:00,-0.008063503393341942,-0.00589277783533626,0.003147372903318235,-0.002064246370874101,-0.00918795449993337,0.000404020892150303,0.0,-0.0030477851856619553,-0.0030477851856619553,0.0,-0.009304411871563723,-0.004668073919926852,-0.009304411871563723,0.0,0.0,-0.0022196111988487255,4.3460001774242585e-05,-0.0022196111988487255,-0.00625942218326947
2024-06-03 00:00:00+00:00,0.005232907952224197,0.0035757630470607538,-0.004889540593854047,-0.005973859510583934,-0.0023712811286030755,0.0017131638276040029,0.0,-0.0002756733333333372,-0.0002756733333333372,0.0,0.007024938646611467,0.0053705953925520244,0.0050646548182919915,0.0,0.0,-0.0014354559202828243,-0.005033921767567229,-0.0014354559202828243,0.008469937522222137
2024-06-04 00:00:00+00:00,0.023072662181268466,0.01982335445717376,-0.009991374400170283,-0.0058207298572989785,0.008272131082627254,0.0,0.0,0.0,0.0,0.0,0.02582578588063389,0.01807272165300633,0.012706638773650303,0.0,0.0,0.0037898042662651843,-0.008055253368814408,0.0002753365147192266,0.022039855502174355
2024-06-05 00:00:00+00:00,0.010029650566587334,0.009284049540084105,0.0015000403313158994,0.0006046002192530153,0.0011164117304931498,0.0,0.0,-0.0025248179045394004,-0.0025248179045394004,0.0,0.010431790560619714,0.010809673482780058,0.0023929359734882194,0.0,0.0,0.004733846022703325,0.0,0.0021860093130068314,0.005706408657204065
2024-06-06 00:00:00+00:00,-0.01246409750544264,-0.011242300186212084,0.0019723612776423316,-0.001574866346973347,-0.00776753050640655,0.00043012385860285995,0.0,-0.0015134137741370512,-0.0015134137741370512,0.0,-0.0008521799999999802,-0.0008473049999999649,-0.0002130449999999673,0.0,0.0,-0.004728308132793901,0.0,-0.01460806812632709,-0.008235624206340941
2024-06-07 00:00:00+00:00,-0.029902223430734676,-0.02506110431886166,0.00327989802613482,0.0022279316181199604,-0.012558102615843114,-0.00456595648048308,0.00024119088847007752,-0.006890869880152306,-0.006890869880152306,0.0,0.0,0.0,0.0,0.0,0.0,-0.011478157421080937,-0.0012826188933123817,0.004933056250945089,-0.022249112768414236
2024-06-08 00:00:00+00:00,-0.007201442744400599,-0.004049069710304276,0.009815070694228156,0.009588760850337108,-0.0007000000000000339,-0.0013136495961960648,-0.0005171558157839318,-0.00024383406489270065,-0.00024383406489270065,0.0,0.0,0.0,0.0,0.0,0.0,0.0,0.009771778986242374,0.0,-0.009952789025452713
2024-06-09 00:00:00+00:00,0.007640856741570667,0.0029894713033160603,-0.006717205266760229,-0.006759303906445857,0.0,0.002179701498810971,0.0,-0.0002666666666666373,-0.0002666666666666373,0.0,0.0,0.0,0.0,0.0,0.0,0.0,-0.008828300270301792,0.0,0.010370754986218866
2024-06-10 00:00:00+00:00,-0.007819993088061028,-0.005406269175014966,0.0027934237393054673,0.002804335388166379,0.0,0.00410005518897516,0.0,0.0,0.0,0.0,0.0,0.0,0.0,0.0,0.0,0.0,0.006152967494855943,0.0,-0.006929741848760829
2024-06-11 00:00:00+00:00,-0.03301326990849185,-0.020684654578432382,0.0050631126417262085,0.005092431568260336,0.0,-0.008330574947633895,0.0,-0.006432462496658964,0.0,0.0,0.0,0.0,0.0,0.0,0.0,0.0,0.024651605423032796,0.0,-0.03156522779018356
2024-06-12 00:00:00+00:00,0.008838719171996745,-0.003494327211207904,-0.007306395934078336,-0.003998648279862738,0.0,0.007412720283347829,0.0034550557686108263,-0.031824029368326845,0.0,0.0,0.0,0.0,0.0,0.0,0.0,-0.0054528040431951474,-0.0054528040431951474,-0.0054528040431951474,0.017742348947928477
2024-06-13 00:00:00+00:00,-0.015653611510529908,-0.0018389500161167804,0.008548862408114699,0.003029004583427808,0.0,-0.0005333771920206232,-0.0029595017147251435,0.02623137907585238,0.0,0.0,0.0,0.0,0.0,-1.1520438785606046e-05,0.0,-0.008644327354512926,-0.008644327354512926,-0.008644327354512926,-0.02453601708005171
2024-06-14 00:00:00+00:00,-0.003936156410229152,0.0027863485458734516,0.010688784801805129,0.0019402411726576752,0.0,0.003550475803299813,0.007467269340563076,0.0053449991917493556,0.0,0.0,0.0,0.0,0.0,0.0006082314228961216,0.0,-0.006450429917400524,-0.006450429917400524,0.00417209620918757,-0.013529892563362567
2024-06-15 00:00:00+00:00,0.0052327609618247894,-0.002636702438824412,0.0025935462705211076,-0.0024897614772496635,0.0,0.001897385676020935,0.0024322807850551964,-0.014605577917125245,0.0,0.0,0.0,0.0,0.0,0.0,0.0,0.0,0.0,0.0,0.004363390229658037
2024-06-16 00:00:00+00:00,0.005441306040999905,-0.0067832382608523645,-0.00815511196872687,-0.005377647712065503,0.0,0.0,0.0,-0.017496474749980062,0.0,0.0,0.0,0.0,0.0,0.0,0.0,0.0,0.0,0.0,0.011086981630543447
2024-06-17 00:00:00+00:00,-0.011249865454881158,0.004039614606466513,0.007295094412562708,0.00915258137925834,0.0,0.0008884878652768435,0.0,0.0006902276412246167,0.0,0.0,0.0,0.0,0.0,0.0,0.0,0.0,0.0,0.0,-0.016818496303185437
2024-06-18 00:00:00+00:00,-0.0077301219591927595,0.004352234066337335,0.010963557717366346,0.0008215948792491545,0.0,0.0004624982490433194,-0.00320525537317784,0.0015424710065017333,0.0,0.0,0.0,0.0,0.0,0.004130641667392965,0.0,0.0,-0.002693398084565035,0.0,-0.006894342829532718
2024-06-19 00:00:00+00:00,0.0025348993915954576,0.002934064694203764,0.011679866385521542,0.0012930393009764618,0.0,0.0007525955596934253,0.0,0.005471113022379681,0.0,0.0,0.0,0.0,0.0,0.00031635467374924175,0.0,0.0,0.001157711973616582,0.0,-0.0032796405314307053
2024-06-20 00:00:00+00:00,-0.003707438676284869,0.0004266117568139105,0.0005570844907276662,0.0017918783799637517,0.0,0.0,0.0,0.004520388192173375,0.0,0.0,0.0,0.0,0.0,0.0,0.0,0.0,0.0003344333261254828,0.0,-0.0046133369378768
2024-06-21 00:00:00+00:00,-0.0003566418511006253,-0.0001839793056316319,-0.002032082223966225,-0.0049684623841629305,0.0,0.0,0.0,0.001147058108380783,0.0,0.0,0.0,0.0,0.0,0.0,0.0,0.0,0.0038128783300905855,0.0,0.006370712827502345
2024-06-22 00:00:00+00:00,-0.0010215689612170786,0.001398277685983551,7.291987276514256e-05,0.0015435746543865925,0.0,0.0,0.0,0.001758133175512766,0.0,0.0,0.0,0.0,0.0,0.0,0.0,0.0,-0.000528783817503431,0.0,-0.0028162897883834415
2024-06-23 00:00:00+00:00,-0.0040583125239410656,0.0132075132609617,0.005253785839195002,-5.9617037178605337e-05,0.0,0.0,0.0,0.01807878997028456,0.0,0.0,0.0,0.0,0.0,0.0,0.0,0.0,0.005487441843051055,0.0,0.0052205270951581895
2024-06-24 00:00:00+00:00,-0.005457545122872998,0.0007336754756286368,-0.01586637661804735,-0.01961545653628305,0.0,0.0,0.0,0.0022454185121927317,0.0,0.0,0.0,0.0,0.0,0.0,0.0,0.0,0.02107099155725689,0.0,0.021893661735065795
2024-06-25 00:00:00+00:00,0.002131781510352093,-0.015799353140480643,-0.006848416899627785,-0.003231386028721084,0.0,0.0,0.0,-0.02618063249320879,0.0,0.0,0.0,0.0,0.0,0.0,0.0,0.0,0.0,0.0,-0.012234495277291924
2024-06-26 00:00:00+00:00,-0.0020378701805406907,0.0021097003868695285,-0.0028537728455652056,-0.0026315198066746426,0.0,0.0,0.0,0.007314127171782037,0.0,0.0,0.0,0.0,-0.0018444725867902134,0.0,0.0,0.0,0.0,0.0,0.007341905834345797
2024-06-27 00:00:00+00:00,0.002740336494295059,-0.029781265367399223,-0.023403322430130546,-0.011172169448290914,0.0,0.0,0.0,-0.012083551043610141,0.0,0.0,0.042740681504010114,0.017654615794735262,0.02152034075200504,0.0007420801791149234,0.0014143517838940411,0.0,0.0,0.0,-0.012169743863156723
2024-06-28 00:00:00+00:00,-0.0039934027634414004,0.02100221562525606,0.014690914331899618,0.00042180986274975574,-0.02285078324738199,0.0,0.0,0.0,0.0,0.0,-0.03544594979007054,-0.020716898208326784,-0.026734462342552945,-0.004272387777395803,0.0,0.0,0.0,0.0,0.013811265472217782
2024-06-29 00:00:00+00:00,-0.00025630073744986603,-0.003263003466992931,-0.0007964419921725474,-0.0009093334680313481,-0.0007000000000000339,0.0,0.0,0.0,0.0,0.0,0.0031762677130420247,0.0039964067274795845,0.00302626771304193,0.001233191199136341,0.0,0.0,0.0,0.0,-0.0026642711516530193
2024-06-30 00:00:00+00:00,0.0019553244902821287,-0.02070390580519499,-0.009252591204499061,-0.0050226547647557185,0.0,0.0,0.0,0.0,0.0,0.0,0.030364846463179163,0.023071125195496256,0.030364846463179163,0.0,0.0,0.0,0.0,0.0,-0.0153807501303308
2024-07-01 00:00:00+00:00,-0.0009400435086172054,-0.002806266678089586,-0.0007317087263388755,-0.00029091565148986476,0.0,0.0,0.0,0.0,0.0,0.0,0.0008087583164895218,0.0011823897737888167,0.0008087583164895218,0.0,0.0,0.0,0.0,0.0,-0.0007882598491925075
2024-07-02 00:00:00+00:00,0.001989465739486551,-0.0029246094651432797,0.0020880659155175785,0.0022393144411851917,0.0,0.0,0.0,0.0,0.0,0.0,0.010454111475320271,-0.009256884440364543,0.010454111475320271,0.0,0.0,0.0,0.0,0.00238937997486377,0.006171256293576288
2024-07-03 00:00:00+00:00,-0.012387890397584145,0.0198073851291809,-0.0019700585659098158,-0.002880487975184254,-0.028255785778802722,0.0,0.0,0.0,0.0,0.0,-0.0514743248830517,-0.03408883031347154,-0.03880574366228884,0.0,0.0,0.0,0.0,-0.02940174540579199,0.022725886875647694
2024-07-04 00:00:00+00:00,-0.007795989050158103,0.04633982025805694,-0.006314191982468076,-0.004274591755958346,-0.0007000000000000339,0.0,0.0,0.0,0.0,0.0,-0.07236388108044989,-0.062290886698124215,-0.03638194054022492,-0.0010347492325378793,0.0,0.0,0.0,-0.01956897639352506,0.04152725779874955
2024-07-05 00:00:00+00:00,-0.0012180633886426095,-0.005079353428238398,-0.0060321708960211495,-0.004500912301631188,0.0,0.0,0.0,-0.0009677620006709464,0.0,0.0,0.005558904407097387,-0.016996493268297996,0.0011988486017744382,0.0004676309558264702,-0.0013452610855393399,0.0,0.0,0.0,0.011330995512198738
2024-07-06 00:00:00+00:00,0.0014551628469916533,-0.028019203102732093,1.6137351249945198e-05,0.000884570817340613,0.01787505849667359,0.0,0.0,-0.018580544658066134,0.0,0.0,-0.0007736200000000304,-0.0007736799999999988,-0.00019340499999997984,-0.022330668406549736,0.0,0.0,0.0,0.0,-0.018880997530504096
2024-07-07 00:00:00+00:00,-0.0028791588386209988,0.03953804831983909,-0.0010187909951555607,0.001166250501056565,-0.019320931126152963,0.0,0.0,-0.000426316666666704,0.0,0.0,0.0,0.0,0.0,0.004914993380394028,0.0,0.0,0.0,0.0,0.028518630148652857
2024-07-08 00:00:00+00:00,-0.0005607923509904911,-0.028655749771678618,0.01508600827407336,0.0004963257460137704,0.023329012411110073,0.0,0.0,0.0,0.0,0.0,0.0,0.0,0.0,0.0024943345128143335,0.0,0.0,0.0,0.0,-0.014872741685057589
2024-07-09 00:00:00+00:00,0.00032909680374793027,-0.013727396040127848,-0.003920887886523561,-0.006648313808564232,-0.005881331829785341,0.0,0.0,0.0,0.0,0.0,0.0,0.0,0.0,-4.444444444440254e-05,0.0,0.0,0.0,0.0,-0.012993861198107637
2024-07-10 00:00:00+00:00,0.00021131570400112487,-0.0022000198887918154,0.003078122109897441,-0.00351082443188655,0.0046171831648462724,0.0,0.0,0.0,0.0,0.0,0.0,0.0,0.0,0.0,0.0,0.0,0.0,0.0,-0.0017553740749113311
2024-07-11 00:00:00+00:00,-0.001917417910459518,0.00817826404925337,-0.012295829907922218,-0.0074469234858198785,-0.018443744861883382,0.0,0.0,0.0,0.0,0.0,0.0,0.0,0.0,0.0,0.0,0.0,0.0,0.0,0.0025167226870992376
2024-07-12 00:00:00+00:00,0.0007482715934883366,-0.010948812961663612,0.005805770128661569,0.0007946201468187475,0.008708655192992243,0.0,0.0,0.0,0.0,0.0,0.0,0.0,0.0,0.0,0.0,0.0,0.0,0.0,-0.006871494620461771
2024-07-13 00:00:00+00:00,0.0007068889161017111,-0.013158191813054665,-0.0016738458548668511,-0.0013695888405882428,-0.0025107687823001656,0.0,0.0,0.0,0.0,0.0,0.0,0.0,0.0,0.0,0.0,0.0,0.0,0.0,-0.011670918113074413
2024-07-14 00:00:00+00:00,0.004917915151943841,-0.015470170077452439,0.00461457607783311,-0.00042024217147140774,0.006921864116749665,0.0,0.0,0.0,0.0,0.0,0.0,0.0,0.0,0.0,0.0,0.0,0.0,0.0,-0.016135018223968456
2024-07-15 00:00:00+00:00,0.022266232612135006,-0.017292809265353815,0.0050108531300423476,-0.01091796130485101,0.00751627969506341,0.0,0.0,0.0,0.0,0.0,0.0,0.0,0.0,0.0,0.0,0.017137784360273134,0.017137784360273134,0.017137784360273134,0.022828721129945162
2024-07-16 00:00:00+00:00,-0.0014935329397074426,-0.003906146619826689,0.0009934259739128315,0.005237817556835278,0.0014901389608692472,0.0,0.0,-0.0008229668392573108,-0.0008229668392573108,0.0,0.0,0.0,0.0,0.0,0.0,0.002829093563358809,0.002829093563358809,0.005178851976844312,0.0041209207313825935
2024-07-17 00:00:00+00:00,-0.012417374003814596,-0.005462514453754008,-0.005829165446899376,-0.0003771750348887659,-0.008743748170349064,0.0,0.0,-0.004888108711704642,-0.004888108711704642,0.0,0.0,0.0,0.0,-0.000944867013513373,0.0,-0.010789837928131152,-0.010789837928131152,0.0,-0.015617653370808449
2024-07-18 00:00:00+00:00,0.005684130221804917,0.0011803856628156417,0.008325881260473844,0.0005524603473301415,0.012488821890710877,0.0,0.0,-0.000453904369439595,-0.000453904369439595,0.0,0.0,0.0,0.0,0.002239220090181515,0.0,0.007870647962133992,0.007870647962133992,0.0,0.0072930872278127445
2024-07-19 00:00:00+00:00,0.02594400252040896,0.013060985062155472,0.006837137040537122,0.004191618077654891,0.010255705560805461,0.0,0.0,0.012168666199290579,0.012168666199290579,0.0,0.0,0.0,0.0,0.0,0.0027442651876627977,0.020488603646793724,0.020488603646793724,0.0,0.03455520871033069
2024-07-20 00:00:00+00:00,0.010536301043220897,0.008279452065221626,0.006456379542813417,0.0035855955469237255,0.009684569314220237,0.0,0.0,0.012381063189353947,0.012381063189353947,0.0,0.0,0.0,0.0,0.0,0.0,0.006206073089294106,0.006206073089294106,0.0,0.011132840800724964
2024-07-21 00:00:00+00:00,0.02320919031565305,0.01754720748230354,0.015715910860724103,0.009836144697368931,0.023573866291086043,0.0,0.0,0.027570914297246674,0.027570914297246674,0.0,0.0,0.0,0.0,0.0,0.0012081131421224356,0.0,0.0,0.0,0.026089758268383
2024-07-22 00:00:00+00:00,-0.018060841648797954,-0.014324229985490433,-0.0016320843602943835,0.0035690818624916076,-0.010680714582650297,0.0,0.0,-0.022619039012711895,-0.022619039012711895,0.0,0.0,0.0,0.0,-0.0004935317850243148,-0.003295040003605809,0.0,0.0,0.0,-0.013489590872177382
2024-07-23 00:00:00+00:00,-0.014023292127134712,-0.012065388083179474,-0.015160578900797472,-0.010108262072209273,-0.004839426434633531,0.0004499530740051938,0.0,-0.014907119166252425,-0.014907119166252425,0.0,0.0,0.0,0.0,-0.00020918331609764973,0.0,0.0,0.0,0.0,-0.018951123159075545
2024-07-24 00:00:00+00:00,-0.0034630633603559557,-0.002740297095695232,0.023809409274331506,0.019373914906269718,0.018956606709034984,-0.0007244293410550995,0.0,-0.00774703346433625,-0.00774703346433625,0.0,0.0,0.0,0.0,0.0,0.0,0.0,0.0,0.0,0.006717352003624333
2024-07-25 00:00:00+00:00,-0.018092567931971337,-0.011772573728503044,0.004355807625178398,0.00951897652886835,-0.020691760603376297,0.0008799777672146014,0.0,-0.03545378888098094,-0.03545378888098094,0.0,0.0,0.0,0.0,0.0019937139446795094,0.0,0.0,0.0,0.0,-0.00968646854242372
2024-07-26 00:00:00+00:00,0.030916660440755805,0.01981763213641119,0.011367285952061934,0.002231564832832378,0.016690054706309132,0.0010088161086838632,0.0,0.021386899785395208,0.021386899785395208,0.0,0.0,0.0,0.0,0.0006724951146208635,0.0,0.0,0.0,0.0,0.03235272376201048
2024-07-27 00:00:00+00:00,0.0006457106276001046,0.0016490119528205227,0.004154633657880824,0.003481730138664929,0.0025880213414450903,0.0,0.0,-0.00315608192407546,-0.00315608192407546,0.0,0.0,0.0,-0.00043062440924357404,0.0,0.0,0.0,0.0,0.0,0.001481070382505445
2024-07-28 00:00:00+00:00,0.0032309004490531645,0.00165235336521663,-0.0003933641774136465,-0.0010153301058059006,-9.849846532361539e-05,0.0,0.0,0.003169143746560632,0.003169143746560632,0.0,0.00449018011419855,0.0047166616913465464,0.0023966067237659594,0.0,0.0,0.0,0.0,0.0,0.003157143616817404
2024-07-29 00:00:00+00:00,-0.011725242131117808,-0.013483810562152088,-0.009112286988743334,-0.007518767985755015,0.004522441799596377,-0.0005351989294192228,-0.0010729798529600654,-0.011256794865963538,-0.011256794865963538,0.0,-0.00657955187602377,-0.0035308889815175437,-0.005092806407017814,0.0,6.210026857367268e-05,0.0,0.0,0.0,-0.011466212976421586
2024-07-30 00:00:00+00:00,-0.010403401079207342,-0.006713310840249953,-0.0023817104432035663,2.0573879395691108e-05,-0.005056182471872117,0.00030348019783743574,-9.660619929074965e-05,-0.010882830362886398,-0.010882830362886398,0.0,-0.013357279255737486,-0.010481029876845072,-0.013514630089070834,0.0,0.0,0.0,0.0,0.0,-0.009369063694433577
2024-07-31 00:00:00+00:00,-0.022118492764676256,-0.015412617791404792,-0.009068820650619758,-0.003822914457314419,-0.009031890060112735,-0.006298396460585387,0.0,-0.013940782559114129,-0.013940782559114129,0.0,-0.02665603326212851,-0.019110992916780978,-0.02665603326212851,0.0,0.0,0.0,0.0,0.0,-0.021809482595140484
2024-08-01 00:00:00+00:00,-0.010932882463955407,-0.008557705133961035,-0.005347397545950483,-0.002064209464878508,-0.01825376538361534,0.005823934271249165,0.010324557119615552,-0.01329528205945063,-0.0002643033333333822,0.0,-0.008016384007447863,0.0007419032267326209,-0.008016384007447863,0.0,0.0,0.0,0.0,0.0,-0.012690563589076942
2024-08-02 00:00:00+00:00,-0.03949345682801364,-0.012455516722278182,-0.006848050711416143,0.004234962929418495,-0.014139241668864377,-0.014311243287416953,-0.008072188896035892,0.022018434872611348,0.0,0.0,-0.0711648081819849,-0.06302770226998877,-0.0711648081819849,-0.0005017253904935348,0.0,0.0,0.0,0.0,-0.009426161112576326
2024-08-03 00:00:00+00:00,-0.01598483657256511,0.002250467340342288,-0.012814975629919845,-0.005099885177528463,-0.027099684770604204,-0.008317618231753254,-0.0026315719737876053,0.036746001414320384,0.0,0.0,-0.0365568544974505,-0.021116138425622544,-0.027616220039754502,-0.011987459761850783,0.00011673995406114024,0.0,0.0,0.0,-0.018066456513736173
2024-08-04 00:00:00+00:00,-0.007498290836701171,0.02815722659472697,0.01488222753302404,0.006695708790092736,-0.0006412599999999768,0.0,0.0,0.04790583406734261,0.0,0.0,-0.04848114906274792,-0.058049846970451124,-0.024425935364707274,-0.0010923006236113197,0.013020036226676801,0.0,0.0,0.0,0.004255168282382371
2024-08-05 00:00:00+00:00,-0.013469944642578668,0.03691383774777046,0.009074957038498477,0.0035195449216820496,0.0,0.0,0.0,0.0626957454761623,0.0,0.0,-0.07769086590871699,-0.08571656844508013,-0.019609808977179233,0.03235978119702443,0.029926426494531144,0.0,0.0,0.0,0.036370225351389784
2024-08-06 00:00:00+00:00,0.007547298618699294,-0.027752182195866615,0.006518893158941497,0.007678478188583915,0.0,0.0,0.0,-0.05965648625031361,0.0,0.00027425510095513417,-0.0007310299999999659,-0.0007064500000000251,-0.0001827574999999637,0.040366341496201,0.0,0.0,0.0,0.0,0.0193889723760734
2024-08-07 00:00:00+00:00,-0.000988316786067367,0.01643773026589357,0.01074683382390762,0.016290030162575242,0.008643106182392168,0.0,0.0,0.010810472754740896,0.0,-0.016081594609551497,0.0,0.0,0.0,-0.009509011942082646,0.0,0.0,0.0,0.0,0.022239771521284313
2024-08-08 00:00:00+00:00,0.009871841432822936,-0.07508269305665738,-0.008819115674968847,-0.0154299518246519,0.003851985696672111,0.0,0.0,-0.03176938889724723,0.0,0.046823722941200296,0.0,0.0,0.0,0.0030688791122224224,0.0,0.0,0.0,0.0,-0.04589280426776343
2024-08-09 00:00:00+00:00,-0.008133412520168193,0.009440913402245954,0.005771261600875377,-0.0019459440087752355,-0.014172745513544416,0.0,0.0,0.0,0.0,-0.006239352980454971,0.0,0.0,0.0,0.00188486457006376,0.0,0.0,0.0,0.0,0.0009644380665785324
2024-08-10 00:00:00+00:00,-0.002162103654821612,-0.0013667909529262445,-0.0009237622277757929,-0.0055719775893728896,-0.007936933163323556,0.0,0.0,0.0,0.0,0.0,0.0,0.0,0.0,0.0,0.0,0.0,0.0,0.0,-0.006684396815265892
2024-08-11 00:00:00+00:00,-0.00707394296917041,0.020132344445562778,-0.005121551472058283,-0.0070395505644832435,-0.022338815167195936,0.0,0.0,0.0,0.0,0.0,0.0,0.0,0.0,0.0,0.0,0.0,0.0,0.0,-0.007977228267542547
2024-08-12 00:00:00+00:00,0.0011622997236750976,-0.022501807757974057,-0.018120428789308862,-0.013893879949734456,-0.0007439500000000487,0.0,0.0,0.0,0.0,0.0,0.0,0.0,0.0,0.0,0.0,0.0,0.0,0.0,-0.014078777152547461
2024-08-13 00:00:00+00:00,0.0008107327605584302,-0.0029651476081232753,0.009341669643431416,0.008773457777515814,0.0,0.0,0.0,0.0,0.0,0.0,0.0,0.0,0.0,0.0,0.0,0.0,0.0,0.0,-0.0037286549518514844
2024-08-14 00:00:00+00:00,-0.0017262826681995191,0.011420836602030748,-0.005361490736793928,-0.006514497083936366,0.0,0.0,0.0,0.0,0.0,0.0,0.0,0.0,0.0,0.0,0.0,0.0,0.0,0.0,0.008870523469576064
2024-08-15 00:00:00+00:00,-0.0016843796965959612,0.010094241809022408,0.005025990347135245,0.0024852612738461843,0.0,0.0,0.0,0.0,0.0,-0.005164312708092034,0.0,0.0,0.0,0.0,0.0,0.0,0.0,0.0,0.015323351032876742
2024-08-16 00:00:00+00:00,-0.0015421457924068571,-0.004674326040505106,0.0049081975423936886,0.0055673421510249455,0.0,0.0,0.0,0.0,0.0,0.007916173749773714,0.0,0.0,0.0,0.0,0.0,0.0,0.0,0.0,-0.019081083958835343
2024-08-17 00:00:00+00:00,0.0011645464528966532,-0.006834765066025872,0.0006590172390734672,-0.001502671514200249,0.0,0.0,0.0,0.0,0.0,0.003448715193057561,0.0,0.0,0.0,0.0,0.0,0.0,0.0,0.0,0.0005737872000544098
2024-08-18 00:00:00+00:00,-0.000894103992270745,0.0030477486960844846,-0.005736351514850191,-0.00689587198781616,0.0,0.0,0.0,0.0,0.0,-0.006017666379192543,0.0,0.0,0.0,0.0,0.0,0.0,0.0,0.0,0.007604159659157839
2024-08-19 00:00:00+00:00,0.0008052334501156277,-0.0076880260915137555,0.0007244084245210392,0.002857013375592521,0.0,0.0,0.0,0.0,0.0,0.0015286054962471152,0.0,0.0,0.0,0.0,0.0,0.0,0.0,0.0,-0.004624374341170356
2024-08-20 00:00:00+00:00,-0.0020345153774330438,0.006377661003816426,0.003459466284394974,0.0008255848234146601,0.0,0.0,0.0,0.0,0.0,0.0,0.0,0.0,0.0,0.0,0.0,0.0,-0.0007027251873557017,0.0,0.0057926746211403035
2024-08-21 00:00:00+00:00,0.0018641944740886984,-0.011879196987392593,-0.00626909145371124,0.006024741241272391,0.0,0.0,0.0,0.0,0.0,0.0,0.0,0.0,0.0,0.0,0.0,0.0,-0.00889542216426864,0.0,-0.018370944412160584
2024-08-22 00:00:00+00:00,-0.0009426191325740962,0.001386239796453692,0.0019239671271060743,-0.003434038861932054,0.0,0.0,0.0,0.0,0.0,0.0,0.0,0.0,0.0,0.0,0.0,0.0,-0.00024583136509259695,0.0,0.006096728348746527
2024-08-23 00:00:00+00:00,0.01012416677543504,-0.023706737387250376,0.0057310358850866105,0.0064770653501617925,0.0,0.0,0.0,0.0020871977568548417,0.0020871977568548417,0.0,0.0,0.0,0.0,0.0,0.001704539788131676,0.0020871977568548417,-0.0286277557784268,0.0020871977568548417,-0.014557710173288552
2024-08-24 00:00:00+00:00,0.006775532151644725,-0.000369273487710875,0.01531501282854908,1.301350309912408e-05,0.0,0.0,0.0,0.00040924568395883654,0.00040924568395883654,0.0,0.0,0.0,0.0,0.0,0.0,0.0004993378963487061,0.0004993378963487061,0.0004993378963487061,0.014828378339327042
2024-08-25 00:00:00+00:00,-0.0031630366179798974,0.0005838185049666933,-0.000895523857521785,-0.0009680950795292187,-0.00653409293003282,0.0,0.0,-0.0031043330348564657,-0.0031043330348564657,0.0,0.0,0.0,0.0,0.0007230566960114704,0.0,0.0003960411456329638,0.0003960411456329638,-0.001589490566862417,-0.0012884035226631285
2024-08-26 00:00:00+00:00,-0.007771103524923717,0.0008114977289002123,0.0002955977793193121,0.004413684273230523,-0.0006930450000000032,0.0,0.0,-0.011075308061135991,-0.011075308061135991,0.0,0.0,0.0,0.0,0.0,0.0,-0.007244286650150644,-0.007244286650150644,0.0,0.011300659832316207
2024-08-27 00:00:00+00:00,-0.02041504488000856,0.014519006142052149,0.00964286334006803,0.007672875711484339,0.0,0.0,0.0,-0.028273083679037248,-0.028273083679037248,0.0,0.0,0.0,-0.017164548240624633,0.0,0.0,-0.0183097446190581,-0.0183097446190581,0.0,0.024090028550548315
2024-08-28 00:00:00+00:00,-0.0012072433382707137,-0.004583372835508359,-0.0117912979641428,-0.010396950630766288,0.0,0.0,0.0,-0.0103449958280033,-0.0002274033333333758,0.0,0.0003978813188292296,0.01065002586704189,0.0003861739927479846,0.00011326083573170997,0.0,-0.00021065666666664207,-0.00021065666666664207,0.0,-0.01407255983722655
2024-08-29 00:00:00+00:00,-0.00220011457537983,0.00046516601899382337,0.0019170042365019846,0.007593000518390625,0.0,0.0,0.0,2.8269777787137684e-05,0.0,-0.0007826310170091499,-0.007433323150745408,0.0024543732605664115,-0.0057512748630590416,0.002963732743394898,0.0,0.0,0.0,0.0,-0.010705820831500512
2024-08-30 00:00:00+00:00,-0.00047385381112297065,0.0021837490614398103,-0.0010961772826939553,0.0017842789139139725,0.0,0.0,0.0,-0.011882500182681999,0.0,-0.004586289278542988,-0.006309729165954403,-0.0022549481579977604,-0.006482616665954399,0.0,0.0,0.0,0.0,0.0,-0.003303131621957389
2024-08-31 00:00:00+00:00,-0.000611125823860803,0.003919826077075417,0.0009132653621453102,0.0038444542441948837,0.0,0.0,0.0,0.008241682397696737,0.0,-0.0064372175175029245,-0.009112137144349108,-0.00404056049230106,-0.009112137144349108,0.0,0.0,0.0,0.0,0.0,-0.003724723154614251
2024-09-01 00:00:00+00:00,-0.0024637504822832,0.018724909143164048,0.0021724701007983516,0.0027252671595454636,0.0,0.0,0.0,0.028424825272154397,0.0,-0.008789565560153645,-0.037977185133555746,-0.03165915095089189,-0.037977185133555746,0.0,0.0,0.0,0.0,0.0,0.03751691180022254
2024-09-02 00:00:00+00:00,0.002279195207370188,-0.022593400039893408,-0.004652983350180828,-0.0019394327261592625,0.0,0.0,0.0,-0.03172083027079109,0.0,0.0,0.04292880597025839,0.03921565810417538,0.04292880597025839,0.0,0.0,0.0,0.0,0.0,-0.04292880597025839
2024-09-03 00:00:00+00:00,-0.002316768810633918,0.022631081322462387,0.0054477160860186835,0.004688885448726365,0.0,0.0,0.0,0.033706644649871276,0.0,0.0,-0.042470618529226845,-0.03641680698877592,-0.03203098639692015,0.0,0.0,0.0,0.0,0.0,0.042470618529226956
2024-09-04 00:00:00+00:00,0.000842346444882125,-0.014655355860719088,-0.0006272012371728586,-0.00903129044245965,0.0,0.0,0.0,-0.027690322266704648,0.0,0.0,0.022136356413650304,0.009500507065673736,0.010877205706825155,0.0,0.0,0.0,0.0,0.0,-0.022136356413650415
2024-09-05 00:00:00+00:00,-0.0013080214106293564,0.021653647793914654,0.0008433385168014063,-0.001713415399979712,0.0,0.0,0.0,0.032685196202484335,0.0,0.0,-0.032226151740348374,-0.032448832913747894,-0.008248382935087117,0.0,0.0,0.0,0.0,0.0,0.032226151740348374
2024-09-06 00:00:00+00:00,-0.0009368563737691682,0.03238627174427089,0.007085232081670556,-0.004861245651550772,0.0,0.0,0.0,0.044944063973869186,0.0,0.0,-0.0007387333333332968,-0.0007297099999999945,-0.0001846833333333242,0.0,0.0,0.0,0.0,0.0,0.04475737466892826
2024-09-07 00:00:00+00:00,0.0006033931655040625,-0.011138718979940787,-0.005931660579586273,-0.004858375779394297,0.0,0.0,0.0,-0.015997035999289144,0.0,-0.0017058210467658652,0.0,0.0,0.0,0.0,0.0,0.0,0.0,0.0,-0.01580613206512227
2024-09-08 00:00:00+00:00,0.0005309154261201599,-0.010543878441223953,0.0009230958179959892,0.0016851322011253167,0.0,0.0,0.0,-0.014632151235347335,0.0,0.004403184851107023,0.0,0.0,0.0,0.0,0.0,0.0,0.0,0.0,-0.014046987283367729
2024-09-09 00:00:00+00:00,0.0010814804658716426,-0.025913885437732986,0.004220243567094384,0.006138636582306178,0.0,0.0,0.0,-0.03459292405984593,0.0,0.013195458431388918,0.0,0.0,0.0,0.0,0.0,0.0,0.0,0.0,-0.03497035248153979
2024-09-10 00:00:00+00:00,-0.0007737494366379938,-0.009377232292814064,-0.0006320255753240467,0.00014796912405001805,0.0,0.0,0.0,0.0,0.0,0.0036308806360558776,0.0,0.0,0.0,0.0,0.0,0.0,0.0,0.0,-0.009028698951914271
2024-09-11 00:00:00+00:00,-0.0011582123436237879,0.011597453060098406,0.005070379069721964,0.0036440832883553043,0.0,0.0,0.0,0.0,0.0,-0.001652638597440581,0.0,0.0,0.0,0.0,0.0,0.0,0.0,0.0,0.016354470835322266
2024-09-12 00:00:00+00:00,0.0015397344260565937,-0.011086894299631278,0.0015634411962712758,0.0020141531272257485,0.0,0.0,0.0,0.0,0.0,0.004667750923428082,0.0,0.0,0.0,0.0,0.0,0.0,0.0,0.0,-0.016886829437494977
2024-09-13 00:00:00+00:00,0.001820610070686568,-0.022466441587336572,0.002670236638640633,0.004414248378108887,0.0,0.0,0.0,0.0,0.0,0.013494576477155906,0.0,0.0,0.0,0.0,0.0,0.0,0.004096008201214696,0.0,-0.03155700469567002
2024-09-14 00:00:00+00:00,-0.0024978161266684396,0.003597911803191245,0.00024664372993976613,-0.00024098327909793937,0.0,0.0,0.0,0.0,0.0,-0.0011177393382783007,0.0,0.0,0.0,0.0,0.0,0.0,-0.002943951966295044,0.0,0.010099478942387607
2024-09-15 00:00:00+00:00,-0.003915179487393949,0.020925725891378866,0.009252945082881547,0.005623298610692773,0.0,0.0,0.0,0.0,0.0,0.0,0.0,0.0,0.0,0.0,0.0,0.0,-0.009244878807164403,0.0,0.03282523710657692
2024-09-16 00:00:00+00:00,-0.001556212200897189,0.003341244219515538,-0.0022963616420881294,-0.005363504213530601,0.0,0.0,0.0,0.0,0.0,0.0,0.0,0.0,0.0,0.0,0.0,0.0,-0.0004856989283349433,0.0,0.007874778456588905
2024-09-17 00:00:00+00:00,0.001261274723368233,-0.013405142424894767,0.005316812095833123,0.011867328424837176,0.0,0.0,0.0,-0.004737365553461936,-0.004737365553461936,0.0,0.0,0.0,0.0,0.0,0.0,0.0,-0.00028916585004290507,0.0,-0.01866640903216199
2024-09-18 00:00:00+00:00,0.00316069703159072,-0.010248089233808377,0.0033021081838011668,0.002402153031914711,0.0,0.0,0.0,0.008070849679794545,0.008070849679794545,0.0,0.0,0.0,0.0,0.0,0.0,0.0,-0.007523729013316105,0.0,-0.019916107238718395
2024-09-19 00:00:00+00:00,0.008136508165246026,-0.01731812561715318,-0.006264238834679747,-0.010088934502763935,0.0,0.0,0.0,0.005971204918188366,0.005971204918188366,0.0,0.0,0.0,0.0,0.0,0.0,0.006157516702339105,-0.020944407902315443,0.006157516702339105,-0.02779613668526293
2024-09-20 00:00:00+00:00,0.005495810514772659,-0.010196275769058571,-0.011576410897984779,-0.009669564987336066,0.0,0.0,0.0,0.010115272298364175,0.010115272298364175,0.0,0.0,0.0,0.0,-0.00015434232311895002,0.0,0.0013027157983149795,0.0,0.0007673713577656116,-0.020361783292414115
2024-09-21 00:00:00+00:00,0.006440703875173481,0.00030438982498415257,-0.005905537240615044,-0.004499542347240926,0.0,0.0,0.0,0.013434897298483017,0.013434897298483017,0.0,0.0,0.0,0.0,0.0007957704926018216,0.0,0.0006917124611411918,0.0,0.0,-0.012067930578676944
2024-09-22 00:00:00+00:00,-0.008311091793404501,-0.0031390356756183513,0.005263533184671321,-0.006229941820732332,0.0,0.0,0.0,-0.013704462269886641,-0.013704462269886641,0.0,0.0,0.0,0.0,0.0,-0.0004473560289773859,0.0011963227924540742,0.0,0.0,0.016004560341746688
2024-09-23 00:00:00+00:00,0.0019390477937906159,-0.002970050752532316,-0.002074592592900326,-0.008238713627964689,0.0,0.0,0.0,0.007340106144265501,0.007340106144265501,0.0,0.0,0.0,0.0,0.0,-0.0006814353868196399,-0.0013531116461015236,0.0,0.0,-0.010091357471806228
2024-09-24 00:00:00+00:00,0.01699732216649097,0.010983012607093778,-0.013498633570216412,0.01708200001910276,0.0,0.0,0.0,0.024003209497087896,0.024003209497087896,0.0,0.0,0.0,0.0,0.0,-0.0003887968519001861,0.014957895474430272,0.0,0.00994756544702824,-0.014230094606912935
2024-09-25 00:00:00+00:00,-0.018306185566415945,-0.012283538798748994,0.004751280282884629,-0.0005521790650887537,-0.007783035424327012,0.0,0.0,-0.025640772817519752,-0.025640772817519752,0.0,0.0,0.0,0.0,0.0,-0.0007062526438980088,-0.016478479125997758,0.0,-0.010656741826449267,0.01397833113758562
2024-09-26 00:00:00+00:00,0.025493657112307888,0.018621191549770044,-0.0064153814008820476,0.008882774031444551,-0.0007098300000000224,0.0,0.0,0.034301253847888846,0.034301253847888846,0.0,0.0,0.0,0.00841302423809065,0.0,0.0,0.027538333650606317,0.0,0.010330569829347658,-0.013084826013184503
2024-09-27 00:00:00+00:00,0.011109962410839502,0.0073428926246092985,-0.001395584359967006,-0.0042073465763575735,0.0013933765399505305,0.0,0.0,0.015368150165721906,0.015368150165721906,0.0,0.014736372669545084,0.015720809514994327,0.0075184988347725135,0.0,0.0,0.007560148147278678,0.0,0.0030638034781707013,-0.009217125403714443
2024-09-28 00:00:00+00:00,-0.002831683267766616,-0.0016136255632969165,0.002340458934946499,0.0008548960592054122,-0.0035106884024198592,0.0,0.0,-0.004186831976965122,-0.004186831976965122,0.0,-0.004204163304024622,-0.0032763697791549085,-0.003306909978018413,0.0,0.0,-0.0016767921252829332,0.0,-7.014087038004213e-05,0.004845247604741809
2024-09-29 00:00:00+00:00,6.734852422285442e-05,-0.00024220552630727088,-0.00485114896535177,0.005180704944560466,0.0072767234480275444,0.0,0.0,-5.132465547863507e-05,-5.132465547863507e-05,0.0,-5.89896125017253e-05,-0.005376454222049798,-0.00022286127916837373,0.0,0.0,0.002233894354797039,0.0,0.0,-0.0025926819138055723
2024-09-30 00:00:00+00:00,-0.02634987501204633,-0.022207434266914405,-0.006575855519302731,-0.0035935883504720767,-0.0016255370405182656,-0.003265396243320229,0.0,-0.028837751385289656,-0.028837751385289656,0.0,-0.031154874215398087,-0.02777383077557405,-0.031154874215398087,0.0,0.0,-0.024260223609595122,0.0,0.0,0.008044282872724962
2024-10-01 00:00:00+00:00,-0.03467513308277015,-0.022314768756104386,0.003716098747835961,0.0065119223416800764,-0.004139739617974092,-0.0033975717565012387,-0.0267958749059779,-0.02588583404257916,-0.02588583404257916,0.0,-0.049534803839251684,-0.050012940007178375,-0.049534803839251684,0.0,0.0,-0.029062862775663834,0.0,0.0,0.022668768994284827
2024-10-02 00:00:00+00:00,-0.015697633445827752,-0.008674627421353609,-5.297409494842142e-06,0.0014063678424176551,-0.01589342290682283,0.0009211979511172252,0.01572704404472658,0.0,0.0,0.0,-0.023952118907154984,-0.018651662566799954,-0.023952118907154984,0.0,0.0,-0.0007827223211208656,0.0,0.0,0.022107995057675245
2024-10-03 00:00:00+00:00,-0.003952987611466896,0.0004491422422843172,-0.005953177902935591,-0.004904878699663717,-0.0006786300000000134,0.0,0.0,0.0,0.0,0.0,-0.009520413273238493,-0.0022776872302321394,-0.007321064954928902,-0.0004305070864992766,0.0,0.001281682127287409,0.0,0.0,0.01058105139989185
2024-10-04 00:00:00+00:00,0.007330918591168301,-0.011303993360594289,0.006549654729502308,-0.0003528315109335711,0.0,0.0,0.0,0.0,0.0,0.0,0.03206542138635693,0.024576965488445124,0.01584441902651168,0.0,0.0,0.0,0.0,0.0,-0.017558380064212287
2024-10-05 00:00:00+00:00,-0.0006391493806241488,6.753953794480516e-05,-0.0014168391888884635,-0.0017207356488184722,0.0,0.0,0.0,0.0,0.0,0.0,-0.0017303415000290423,-0.00036170559928005996,-0.000619437041673887,0.0,0.0,0.0,0.0,0.0,0.0013927978575631883
2024-10-06 00:00:00+00:00,0.005318249822497734,-0.002922421563428701,0.005502397962655614,0.0044232440359321945,0.0,0.0,0.0,0.0,0.0,0.0,-0.0007654266666666798,-0.0007481400000000082,-0.0001913566666666977,0.0,0.0,0.0,0.0,0.0,-0.008294336739524621
2024-10-07 00:00:00+00:00,-0.008019641974584157,-0.006669162334318024,-0.0012861035253906028,-0.0022455963920537947,0.0,0.0,0.0,0.0,0.0,0.0,0.0,0.0,0.0,0.0,0.0,0.0,0.002858061216975738,0.0,0.004888197440713338
2024-10-08 00:00:00+00:00,-0.0006796747532021863,-0.002146575204550083,-0.0027669184666186952,-0.0033370817631832583,0.0,0.0,0.0,0.0,0.0,0.0,0.0,0.0,0.0,0.0,0.0,0.0,-0.00244369333270289,0.0,-0.0016023427414497693
2024-10-09 00:00:00+00:00,-0.009502660619004732,0.003987699012435675,0.001413919498262084,0.0015979857706187595,0.0,0.0,0.0,0.0,0.0,0.0,0.0,0.0,0.0,0.0,0.0,0.0,0.009685546032453418,0.0,0.011088003772488086
2024-10-10 00:00:00+00:00,-0.0019844976396257152,-0.0038005993461386334,-0.0038781132293613796,0.001286787365342601,0.0,0.0,0.0,-0.0035634895055969285,0.0,0.0,0.0,0.0,0.0,0.0,0.0,0.0,-0.0021993596653764325,0.0,-6.154076841013989e-05
2024-10-11 00:00:00+00:00,0.0074431496294531385,-0.014062518893253606,0.00489680192212516,-0.0024967550268928385,0.0,0.0,0.0,-0.010736639806514292,0.0,0.0,0.0,0.0,0.0,0.0,0.0,0.0,-0.007319978248896408,0.0,-0.03522606403283701
2024-10-12 00:00:00+00:00,0.0018443212367360573,-0.004948850869982979,-0.0014135847298339943,-0.0039051987474555405,0.0,0.0,0.0,0.0,0.0,0.0,0.0,0.0,0.0,0.0,0.0,-0.0011443718945739478,-0.004904536669022352,-0.0011443718945739478,-0.010404655371403448
2024-10-13 00:00:00+00:00,-1.9875384298373433e-06,-0.00020500356332808778,-0.0007680215557324122,-0.0014200493394473934,0.0,0.0,0.0,0.0,0.0,0.0,0.0,0.0,0.0,0.0,0.0,0.0030131998290972017,0.0009860170533584345,0.0030131998290972017,-0.0001632728401673722
2024-10-14 00:00:00+00:00,0.028239532331494788,0.006103077740954088,-0.004645811519615295,-0.0047713110197910025,0.007103292161990238,0.0,0.0,0.0,0.0,0.0,0.0,0.0,0.0,0.0,0.0,0.031005218417617053,0.0015629684619933304,0.04333128602447234,-0.06093061877156303
2024-10-15 00:00:00+00:00,-0.002307835694000837,-0.0011166997131301093,0.007771473028640896,-0.0020448500517304957,-0.016424865895581897,0.003353513708713285,0.0030961502416699815,0.0,0.0,0.0,0.0,0.0,0.0,0.0007218219758811095,0.0,-0.0012843694366695413,0.004863185097939038,-0.003557506412019462,0.0008616541696599977
2024-10-16 00:00:00+00:00,0.0009241022671531152,8.897774060390162e-05,0.002242810926124994,0.0018645392243761272,-0.0006930899999999518,-2.1064704408213508e-05,0.0012321277850253498,0.0,0.0,0.0,0.0,0.0,0.0,0.00036029237660550884,0.0,0.001537449700620419,0.0026497346759122298,-0.000527750000000049,0.0011237508063075552
2024-10-17 00:00:00+00:00,-0.007008117461184349,-0.005804199924715814,-0.00025246205207063444,-0.0004092943514951708,0.0,0.0,0.0,0.0,0.0,0.0,0.0,0.0,0.0,8.567918947566255e-05,0.0,-0.009202637216997989,-0.0009997540020940665,0.0,-0.008440956506099218
2024-10-18 00:00:00+00:00,0.011939195073404463,0.008795778436936574,0.0003573408466801542,-0.001283386552922372,0.0,0.0,0.0,-0.001700251393655483,-0.001700251393655483,0.0,0.0,0.0,0.0,0.0,0.0,0.014574438935220257,0.004883983820076265,0.0,0.01008103215129763
2024-10-19 00:00:00+00:00,0.006745933963360651,0.004651878488528105,-0.0010484785628505078,-0.0012206321234420336,0.0,0.0,0.0,-0.00034391298293001693,-0.00034391298293001693,0.0,0.0,0.0,0.0,0.0,0.0,0.0099833120613817,-0.00034391298293001693,0.0,0.009314693404948393
2024-10-20 00:00:00+00:00,0.022852752061305326,0.018046715992711126,-0.009296739603323112,-0.006608530060579487,0.018660490074841052,0.0,0.0,0.00799095301431807,0.00799095301431807,0.0,0.0,0.0,0.0,0.0,0.0,0.01914966173685162,0.0031326900447996575,0.0,0.0067437632958629035
2024-10-21 00:00:00+00:00,-0.018201402476891504,-0.016609341178469794,0.006696347230508826,0.007338158714390586,0.008081437512511336,0.0003865167633567701,0.0,-0.02078930919302291,-0.02078930919302291,0.0,0.0,0.0,0.0,0.0016389755962291641,-0.00033131182399304127,-0.010733851475970946,-0.008106894251720509,0.0,-0.02101554154558316
2024-10-22 00:00:00+00:00,-0.0014277162697335921,-0.00047181803337881245,0.0084933255534958,0.00785807978200026,0.00405367051586647,3.385584084347748e-05,0.0,-0.0028413431824584334,-0.0028413431824584334,0.0,0.0,0.0,0.0,0.0,0.0,0.0028781909980939435,8.835476574309276e-05,0.0,-0.002827340105609588
2024-10-23 00:00:00+00:00,-0.007345679470378896,-0.005701575138765125,0.018937291596467176,0.017626793505754135,0.01535936305762986,-0.0003426045443126746,0.0035570863652134577,0.001189644996991257,0.001189644996991257,0.0,0.0,0.0,0.0,0.0,0.0,0.0025986391451993107,-0.003855780418147159,0.0,-0.010021149613243407
2024-10-24 00:00:00+00:00,0.019521769602032668,0.01810469720208774,0.010730488494482993,0.008416847130769067,0.0069298456631927685,0.0009038091446098573,0.003985709166008933,0.012072783101576112,0.012072783101576112,0.0,0.0,0.0,0.0,0.0011090526952943769,0.0,0.019625561901313038,0.007498063612669581,0.0,0.021113459379744626
2024-10-25 00:00:00+00:00,-0.039337482412414526,-0.03629043030895174,-0.010581153375968433,-0.006689431278840474,-0.023581007458956083,-0.00109406925539135,-0.006360153854552908,-0.023587780526112212,-0.023587780526112212,0.0,0.0,0.0,0.0,0.0009895704010676187,0.0,-0.030987618006965256,-0.007506780962904136,0.0,-0.04332559655446211
2024-10-26 00:00:00+00:00,0.015886746965941168,0.013127645049865633,0.0064355225812902095,0.003796755054678247,0.01513963134122176,0.00415234272588294,0.003619762550851835,0.011975163029157798,0.011975163029157798,0.0,0.0,0.0,0.0,0.0,0.0,0.013958107072342019,0.0019731036501284827,0.0,0.019665777773070214
2024-10-27 00:00:00+00:00,0.01657029123575371,0.014737417547145304,0.007936067253465628,0.005630000922566714,0.010108871318786239,0.0,0.0,0.011124185223897465,0.011124185223897465,0.0,0.0,0.0,0.004593434710244759,0.0,0.0,0.01563106438418127,0.004468613142304845,0.0,0.018973738840979193
2024-10-28 00:00:00+00:00,0.013717104834644056,0.008464920346157534,-0.00479179694152676,-0.005474234531688493,-0.009695113302066849,0.0,0.0,0.004234113176362131,0.004234113176362131,0.0,0.019613241069510012,0.02524436564096244,0.009958219701421633,0.0,0.0,0.01246891845153919,0.00941485164236755,0.00724701185413279,0.020219637736176743
2024-10-29 00:00:00+00:00,0.02016419586089646,0.01719458040158961,-0.00721056419652677,-0.007669513972032638,-0.016647323219108334,0.0,0.0,0.015333972376943228,0.015333972376943228,0.0,0.02474278640993921,0.03389717624790545,0.018407089807454424,0.0,0.0,0.015333972376943228,0.013114658340503738,0.013114658340503738,0.02474278640993921
2024-10-30 00:00:00+00:00,-0.008896562346712766,-0.009334347302273338,-0.01104462985361332,-0.009363391278783717,-0.010080535247636968,0.0,0.0,-0.010496885957881452,-0.010496885957881452,0.0,-0.008064556235476084,0.0008179371072096764,-0.008214556235476067,0.0,0.0,-0.010496885957881452,-0.0018791926655119529,-0.0037165807398757966,-0.008064556235476084
2024-10-31 00:00:00+00:00,-0.03322517173728434,-0.030236840634881634,0.0058493015092897505,0.008130769219510947,-0.0037233471470387025,-0.0025055795554734805,-0.007523637132772376,-0.02252756495038344,-0.02252756495038344,0.0,-0.0391321198434037,-0.040815654882369046,-0.0391321198434037,0.0,0.0,-0.02139820507784118,-0.009466273135081305,0.0,-0.0391321198434037
2024-11-01 00:00:00+00:00,-0.009989651298220714,-0.009935953268320419,-0.004259477228168107,-0.003256011229006983,-0.0018627477530409609,-0.0021934072320932696,-0.0037572605500333367,-0.0002666666666666373,-0.0002666666666666373,0.0,-0.010277281850953668,-0.007526627319189294,-0.010277281850953668,0.0,0.0,-0.009187636421720824,-0.003990537794386739,0.0,-0.010277281850953668
2024-11-02 00:00:00+00:00,-0.0017066393041461625,-0.0007395195717859737,0.002567268096548281,0.002547141583623125,0.001202129379655581,0.0009447487046858605,0.0009636233829581897,0.0,0.0,0.0,-0.003117789002182847,-0.004802132843675477,-0.003117789002182847,0.0,0.0,-0.0005940547125012907,-0.0007141053734053271,0.0,-0.002215548949843771
2024-11-03 00:00:00+00:00,-0.012021307867459585,-0.00962906552339382,-0.002402320097705024,-0.0010144417491241287,-0.006529688274300116,-0.002122341430563335,0.0,0.0,0.0,0.0,-0.015312733153630576,-0.011935010346677988,-0.011679533198556302,0.0,0.0,-0.010270605192851723,-0.002977513859628078,0.0,-0.009306865007673637
2024-11-04 00:00:00+00:00,-0.013966080836556372,-0.007026335080680068,0.003182421240833122,0.0005049340424292392,-0.0073176276574719035,0.0009975705090614628,0.0,0.0,0.0,0.0,-0.02230741534296654,-0.01924490419173519,-0.011349389338149884,0.0,0.0,-0.014055769663435136,-0.004597556504999045,0.0,-0.013109293789309584
2024-11-05 00:00:00+00:00,0.022595911252934142,0.016924597917808537,0.004118825782508662,0.004354982128056184,-0.0006793400000000283,0.002599615847818537,0.0,0.0,0.0,0.0,0.02891934717411404,0.015910107062323764,0.007033280126861774,0.0,0.0,0.025528056377221775,0.007350750973690978,0.002066513193105246,-0.02995846717411399
2024-11-06 00:00:00+00:00,0.07306963722000415,0.041991981743825235,-0.011521926057929899,-0.010397087897891177,0.014600125340986203,0.004775403557298885,0.0,0.00793890004675557,0.00793890004675557,0.0,-0.0007587300000000408,-0.0007975550000000053,-0.00018968249999995468,0.002395213128112861,0.0029127057433362413,0.06379269077151428,0.023826616762171682,0.02961641079658084,-0.11124566792490653
2024-11-07 00:00:00+00:00,0.03274137154621659,0.027463230407840822,-0.019964371188663566,-0.005612883357419829,0.02457111347111285,0.0,0.0,0.02307952256485102,0.02307952256485102,0.0,0.0,0.0,0.0,0.007823223422942283,0.0,0.018240376750165765,0.0,0.004335821166702836,0.02029706224364869
2024-11-08 00:00:00+00:00,0.015406378322913694,0.01442239147318003,-0.004902112858344632,-0.0022624337611363288,0.004726351660579109,0.0,0.0,0.016037490278280275,0.016037490278280275,0.0,0.0,0.0,0.0,-0.0009383697029581306,0.0,0.0,0.0,0.0058803144458019485,0.00753875459292197
2024-11-09 00:00:00+00:00,0.018158481154700867,0.0174093828528723,-0.01771581083861873,-0.0013212034185536847,-0.0012110602348375243,0.0,0.0,0.018913017100316454,0.018913017100316454,0.0,0.0,0.0,0.0,-0.001240592756091785,0.0,0.0,0.0,0.0,0.018456529332595117
2024-11-10 00:00:00+00:00,0.039137658584254886,0.03810411292154914,0.010025656382488979,-0.005099796750255403,0.0013951018300326634,0.0,0.0,0.039137658584254886,0.039137658584254886,0.0,0.0,0.0,0.0,0.0020234210908192107,-0.0038985013123606915,0.0,0.0,0.005384297532530002,0.0060450984748419145
2024-11-11 00:00:00+00:00,0.07283089642343765,0.07165644485887279,-0.01640598193575049,-0.002363422830984341,-0.023158412903625747,0.0,0.0,0.07283089642343765,0.07283089642343765,0.0,0.0,0.0,0.0,0.00031925369488527977,0.0,0.006612435789077109,0.0,0.01880196803007861,0.0383888628412874
2024-11-12 00:00:00+00:00,-0.032697290743337826,-0.031716310418831384,-0.012978112587931023,-0.0023241650568902594,-0.01946716888189648,0.0009504927945400699,0.008270798538488444,-0.032697290743337826,-0.032697290743337826,0.0,0.0,0.0,0.0,0.0013576342787704476,-2.9811729002404697e-05,-0.01622427479456401,0.0,-0.01622427479456401,-0.01655301465749115
2024-11-13 00:00:00+00:00,0.008386671252930356,0.006214749905364414,-0.003812416200480895,0.013366881319937907,-0.005718624300721342,0.00773695306966915,0.02116378858358825,0.008386671252930356,0.008386671252930356,0.0,0.0,0.0,0.0,-0.0010690157558391755,-0.0015331163196372621,-0.013655944418112465,0.0,-0.013655944418112465,0.0052880188923516425
2024-11-14 00:00:00+00:00,-0.03353963267771731,-0.03209022247680171,0.00234819316091861,-0.004949694906915214,-0.0007538200000000161,0.0037071821026408713,0.0021076758317324362,-0.03353963267771731,-0.03353963267771731,0.0,0.0,0.0,0.0,0.0020339243041582744,0.0,0.0,0.0,0.0,-0.008925310442349121
2024-11-15 00:00:00+00:00,0.03148819985803697,0.0292105631585311,0.00030934602022680835,0.002883411119849688,0.0,0.0016198110734593207,0.0030487989117213843,0.025786114299559015,0.025786114299559015,0.0,0.0,0.0,0.0,0.006459446824930382,0.0,0.0,0.0,0.0,0.01428974750365719
2024-11-16 00:00:00+00:00,-0.0015759605365766038,-0.0008428491611008893,-0.002789605359656777,-0.0058110120417117495,0.0,0.0016638162910209697,0.0,-0.006117795361785139,-0.006117795361785139,0.0,0.0,0.0,0.0,0.0,0.0,-0.00889923978028806,0.0,-0.00889923978028806,-0.0044793007680582475
2024-11-17 00:00:00+00:00,0.023568481345777048,0.018330658760006502,0.03620240965933741,0.002241309469746877,0.0,0.0,0.0,0.02997273610152318,0.02997273610152318,0.0,0.0,0.0,0.0,0.00019830053317737573,-0.00583656467055238,0.032933043235224835,0.0,0.02969043739326649,0.03334820933784233
2024-11-18 00:00:00+00:00,0.019374967054822445,0.018365386824083174,-0.011510262790131898,-0.011791400219526516,0.000962211962665771,0.0,0.0,0.005392917045965673,0.005392917045965673,0.0,0.0,0.0,0.0,-0.000997427755770719,0.0,0.0032967174566249646,0.0,0.0,0.003088506640294142
2024-11-19 00:00:00+00:00,-0.007591371637058142,-0.006735027969789864,0.007398440898790382,0.007690717560733695,-0.014793138737286604,0.0,0.0,0.003254350486729729,0.003254350486729729,0.0,0.0,0.0,0.0,-0.00044506504915864387,0.0,-0.0031954903137736412,0.0,0.0,-0.003360439841369023
2024-11-20 00:00:00+00:00,-0.000582290367332372,0.0002711820854433,0.0010586581627156644,0.0013029292059605346,-0.015240789519543885,0.0,0.0,0.0037603720087984183,0.0037603720087984183,0.0,0.0,0.0,0.0,0.0010187472950093923,0.0,-0.0031098269745297724,-0.001464370727455977,0.0,-0.003213429821608882
2024-11-21 00:00:00+00:00,0.07534934977289476,0.06729440122636698,-0.0012736943588490535,-0.0038799433642622283,0.023240141270996162,0.0,0.0,0.043868010332299257,0.043868010332299257,0.0,0.0,0.0,0.0,0.0,0.0032162707134175683,0.018736746496404333,-0.022157119524263913,0.007833189604333324,0.029813077946714284
2024-11-22 00:00:00+00:00,-0.0008483465510142896,-0.0006319076800470613,0.003525383603373955,0.0034967420408393846,-0.0020740491882487166,0.0,0.0,0.0022953355949086873,0.0022953355949086873,0.0,0.0,0.0,0.0,0.0013024216718160453,-9.495416666671641e-05,0.0,0.0,-0.003091239595941153,0.0003969997892878663
2024-11-23 00:00:00+00:00,-0.0006217791189981892,-0.0005117566434676979,-0.00921219066247514,-0.008965601814290292,0.0019049034199638548,0.0,0.0,-0.013614588711874487,-0.013614588711874487,0.0,0.0,0.0,0.0,-4.727944444449239e-05,-0.0036785239905369194,0.0,0.0,0.0010384716572742203,-0.002859859055527547
2024-11-24 00:00:00+00:00,-0.005862594425478762,-0.004663247307046259,0.0005063144537034159,0.0007673499647398163,-0.005493716483101485,0.007188824918849646,0.0,-0.005862594425478762,-0.005862594425478762,0.0,0.0,0.0,0.0,0.0,0.0,0.0,0.0,0.0,-0.003025841305785315
2024-11-25 00:00:00+00:00,-0.036973486531002187,-0.03100636065361506,-0.029854565225174157,-0.028780801682649626,-0.011855060335854373,-0.00932303544884916,0.0,-0.036973486531002187,-0.036973486531002187,0.0,0.0,0.0,0.0,0.0,-0.0014572147401085145,0.0,0.0,0.0,-0.02475241105752124
2024-11-26 00:00:00+00:00,-0.017987781177434714,-0.015705323712621344,0.0037724676024464276,-0.000362260714558027,-0.001799577017604581,-0.0014975424932017756,0.0,-0.009498873101629446,-0.009498873101629446,0.0,0.0,0.0,-0.004645075540924859,0.0,0.0,0.0,0.0,0.0,-0.005165164190996552
2024-11-27 00:00:00+00:00,0.06267169370859427,0.054918475386243726,-0.01648606282654308,-0.0017955167418125528,0.0035697663982117156,0.0055176471623936685,0.0,0.031899913171563155,0.031899913171563155,0.0,0.06237759550512778,0.0694844931189953,0.03131190358589708,0.0,0.0,0.0,0.0,0.0,0.016254600092464155
2024-11-28 00:00:00+00:00,-0.013945675287198589,-0.011608596765160795,0.000702069514706416,-0.0048448244689038855,-0.0080421107486488,0.0,0.0,-0.006865815918243312,-0.006865815918243312,0.0,-0.013984737708385264,-0.011655068882855502,-0.010633596614622265,0.0,0.0,0.0,0.0,0.0,-0.0062146917864815965
2024-11-29 00:00:00+00:00,0.01539284380259387,0.013189806157654527,0.007007508678972263,-0.0004496359637276015,0.0028921539716670885,0.0,0.0,0.0011296823440638537,0.0011296823440638537,0.0,0.015343513252374485,0.01087570758899914,0.01520236241904116,0.0,0.0,0.0,0.0,0.0,0.008093041526374911
2024-11-30 00:00:00+00:00,-0.001626568546640006,-0.0005772124546834512,-0.01805242134177154,-0.011737162156552405,-0.006350301107152956,0.0,0.0,0.010108874767162268,0.010108874767162268,0.0,-0.0014695161608976326,0.009673461545705697,-0.0014695161608976326,0.0,0.0,0.0,0.0,0.0,-0.007918490524701505
2024-12-01 00:00:00+00:00,0.0018793748929715193,0.002123690133982281,-0.0014407600902940354,0.0022954696483277193,-0.0006783700000000392,0.0013007257793453686,0.0,0.0003724648532934527,0.0003724648532934527,0.0,0.0018512511723298708,0.00440194341247202,0.0018512511723298708,0.0,0.0,0.0,0.0,0.0,-0.0010833777693181057
2024-12-02 00:00:00+00:00,-0.026753341251026685,-0.021620495382783322,0.008944117216787228,0.006329196283656469,0.0,0.0006031797726020471,0.0,-0.006029639879630344,-0.006029639879630344,0.0,-0.027103695343393186,-0.016604538172012018,-0.027103695343393186,0.0,0.0,0.0,0.00023442968567355393,0.0,-0.016034003228718507
2024-12-03 00:00:00+00:00,0.0078072496433403415,0.004151276759047251,-0.014802092995106042,-0.008476868802210102,0.0,0.004313133779960676,0.0,-0.002916673523525537,-0.002916673523525537,0.0,0.008831623029623037,-0.004542812947928243,0.006388741438883905,0.0,0.0,0.0,5.3370719258927224e-05,0.0,0.011860164994908606
2024-12-04 00:00:00+00:00,0.022784537714068076,0.02311146441795109,0.02760505991718265,0.00557618283497141,0.0,0.0018090424105769998,0.0,0.02015617030871031,0.02015617030871031,0.0,0.02262974791916683,0.04467067513349132,0.01107248479291667,-0.0014750153670126664,0.0,0.0,-0.009268393919047102,0.0,-0.007150702169827494
2024-12-05 00:00:00+00:00,-0.003462921373140526,-0.0064196602540056436,-0.01432134060541268,-0.014126917851458365,0.0,-0.0031282203400672115,0.0010949408279736783,-0.025443809844801435,-0.025443809844801435,0.0,-0.0017761214531715197,-0.016667645425004096,-0.0006843995299595784,-0.004912354328171609,0.00024088265698662958,0.0,-0.00014124999999998167,-0.00594808292557969,0.009335642163497804
2024-12-06 00:00:00+00:00,0.027845454251129054,0.02446063927609976,0.017455969916801983,0.004294741728106954,0.0,0.0026860837471534005,0.0037761308067190136,0.028170811283988018,0.028170811283988018,0.0,-0.0008884833333333564,-0.0008214699999999908,-0.00022212083333328358,0.006041372302458825,0.0,0.0,0.0,0.007709994206676951,0.0011979007710232192
2024-12-07 00:00:00+00:00,0.00031211449083445864,-0.00037759502889844754,-0.0017417997516923078,-0.002198247276190002,0.0,0.0,0.0,-0.0002895450669372357,-0.0002895450669372357,0.0,0.0,0.0,0.0,-2.7934511972138587e-05,0.0,-0.005234986772486794,0.0,-0.005234986772486794,0.0013194108143523842
2024-12-08 00:00:00+00:00,0.0030552434687740604,0.003538997053277093,0.0021580450400664475,-0.004279138291415685,0.0,0.0,0.0,0.004579851869271678,0.004579851869271678,0.0,0.0,0.0,0.0,0.0,0.0,-0.003510403226744785,0.0,-0.0017017830938038658,-0.001743443746835105
2024-12-09 00:00:00+00:00,-0.062011212194586496,-0.050054680751160485,0.004420301229957513,0.002469107872330012,0.0,-0.0065487813984712595,0.0,-0.03540974933933505,-0.03540974933933505,0.0,0.0,0.0,0.0,0.0,0.0,0.0,0.0,-0.016052834482824796,-0.029084470290856923
2024-12-10 00:00:00+00:00,-0.014373294540965587,-0.012561735249666084,-0.00281594860136547,-0.003229574679307068,0.0,0.0013682100323342272,0.01263948237193846,-0.0002666666666666373,-0.0002666666666666373,0.0,0.0,0.0,0.0,0.0037421271771564957,0.0,0.0,0.0,0.0,-0.004838607341764334
2024-12-11 00:00:00+00:00,0.04813123761302451,0.03647393626670259,-0.0028371225101316844,-0.001616872887443166,0.0,0.008074847838254628,0.006027106966635554,0.0,0.0,0.0,0.0,0.0,0.0,-0.0011981459174534859,0.0,0.019259292903978098,0.0,0.022870584378239744,0.021297134563161402
2024-12-12 00:00:00+00:00,-4.6589258172136105e-05,-0.00032293049591614054,0.004959359641125927,0.0049086213615325835,0.0,0.0,0.0,0.0,0.0,0.0,0.0,0.0,0.0,-9.168252779423458e-05,0.0,0.0005395866945423489,0.0,-0.0002495184427681041,-0.000701287635473058
2024-12-13 00:00:00+00:00,0.003692880792241393,0.004503261872713882,0.00534166729098029,0.005124619124182717,0.0,0.0,0.0,0.0,0.0,0.0,0.0,0.0,0.0,0.0,0.0,0.006642830208651862,0.0,0.002929122941974338,-0.0032881758345086887
2024-12-14 00:00:00+00:00,-0.008445996623870689,-0.005227981137229554,0.0040522785673395845,0.003527878996261169,0.0,0.0021404158139348706,0.0,0.0,0.0,0.0,0.0,0.0,0.0,0.0,0.0,-0.0033095577838196943,0.0,0.0,-0.007309291976325016
2024-12-15 00:00:00+00:00,0.022019370522919468,0.01901858141088475,0.00112674912514521,0.00172943515377888,0.0,0.0016011877983030942,0.0,0.0,0.0,0.0,0.0,0.0,0.0,0.0,0.0,0.01763428658527233,0.0,0.0,0.006521364478053293
2024-12-16 00:00:00+00:00,-0.0010674023470754745,0.003839023767381766,0.014287751133227111,0.013344432629746938,0.0,-6.666666666665932e-05,0.0,0.0,0.0,0.0,0.0,0.0,0.0,0.0,0.0,0.0071861841735521015,-0.00616875359461011,-0.00616875359461011,-0.012172015818503468
2024-12-17 00:00:00+00:00,-0.0006564485258715447,-0.00472755454270557,-0.018800271894820475,-0.017830616881364558,0.0,0.0,0.0,0.0,0.0,0.0,0.0,0.0,0.0,-0.00018289882060829044,0.0,-0.007893276845262864,-0.00794949542778689,-0.00794949542778689,0.010841162019529005
2024-12-18 00:00:00+00:00,-0.05722510466081265,-0.04583931853083667,0.0021934759269908177,0.0023628530749746357,0.0,-0.011465461505060226,-0.009307035619509518,0.0,0.0,0.0,0.0,0.0,0.0,-0.0011155485763445494,0.0,-0.019097641588987524,-0.0002601533333332906,-0.00112200390793038,-0.025024301776672475
2024-12-19 00:00:00+00:00,-0.04025546292104698,-0.029130473719313876,0.0013118080607910088,0.0034915923168763463,0.0,-0.006372098033116669,0.0032114979891175732,-0.0017309189323578833,0.0,0.0,0.0,0.0,0.0,-0.004430518222007462,0.0,-0.009135271663918254,0.0,0.0,-0.020571997896929206
2024-12-20 00:00:00+00:00,-0.0023611862132746353,-0.012115220360670031,0.004170622171158822,0.00038411309556729556,0.0,-6.573890519367964e-05,0.012506730735763139,-0.014112703573340601,0.0,0.0,0.0,0.0,0.0,0.012101380718141597,0.02063027946493734,-0.016387965376878366,0.0,0.0,-0.00443728883782557
2024-12-21 00:00:00+00:00,-0.012508543278025086,0.005398804521175471,0.009158041116394289,0.011998681167192826,0.0,0.0013289140352599205,-0.0002666666666666373,0.035388411620034255,0.0,-0.022299080119042913,0.0,0.0,0.0,0.008172716245768985,0.0,0.0,0.0,0.0,-0.0091580411163944
2024-12-22 00:00:00+00:00,-0.009711305914291257,-0.005961417911666267,-0.0041131477763524105,-0.006285126977789379,0.0,0.0,0.0,0.006758715188037279,0.0,-0.001487169874782368,0.0,0.0,0.0,0.0044319767263407694,0.0,0.0,0.0,0.0,0.0041131477763522994
2024-12-23 00:00:00+00:00,0.008057005644684478,-0.009182201948845115,-0.01939668726306576,-0.012559554570335085,0.0,0.0014145463177823725,0.0,-0.0321252997213598,0.0,0.017874831838223137,0.0,0.0,0.0,0.0,0.0,0.0,0.0,0.0,0.0036713127886431884
2024-12-24 00:00:00+00:00,0.013329135279189552,-0.0008651637955786606,0.0009866646208112062,0.0057035672911822655,0.0,0.0010001743558474274,0.0,-0.019163382919142435,0.0,0.012112805264328674,0.0,0.0,0.0,0.0,0.0,0.0,0.0,0.0,0.005275001975628246
2024-12-25 00:00:00+00:00,0.0013478743781751845,-0.00010065814119264438,0.0018030374256483572,0.002040583961523623,0.0,0.0,0.0,-0.0039901371122064155,0.0,0.0034715177396484886,0.0,0.0,0.0,0.0,0.0,0.0,0.0,0.0,0.0003237901829395984
2024-12-26 00:00:00+00:00,-0.01922135140201664,-0.0010102112958566556,0.0029738889715775763,-0.0029975493056602076,0.0,0.00042508868403468014,0.0,0.0,0.0,0.0,0.0,0.0,0.0,0.0,0.0,0.0,0.0,0.0,0.0003591238941882402
2024-12-27 00:00:00+00:00,-0.004309852206499598,0.001418810897037659,0.0020969726862831717,-0.0006966179310080589,0.0,0.0,0.0,0.0,0.0,0.0,0.0,0.0,-0.0033725536099362685,0.0,0.0,0.0,0.0,0.0,-0.007206743233370894
2024-12-28 00:00:00+00:00,0.008215347120442473,-0.007680245900302696,-0.01679491407705125,-0.00903288840891181,0.0,0.0,0.0,0.0,0.0,0.0,0.030062397337616176,0.015013270101331466,0.015181796168808104,0.0,0.0,0.0,0.0,0.0,0.01330812039551832
2024-12-29 00:00:00+00:00,-0.0067772571653877955,0.002819234512142499,0.003915779757278859,1.5721155803394282e-05,0.0,0.0,0.0,0.0,0.0,0.0,-0.019694374335393672,-0.015343831847273948,-0.01493350408487859,0.0,0.0,0.0,0.0,0.0,-0.0047853052189607
2024-12-30 00:00:00+00:00,-0.0021678533558356916,-0.004081284371480698,-0.0058153923968690124,-0.004828077396774266,0.0,0.0,0.0,-0.002882824184656463,0.0,0.0,-0.0006409481275673201,-0.004571550184503392,-0.0007993164609005898,0.0,0.0,0.0,0.0,0.0,0.002045811717003243
2024-12-31 00:00:00+00:00,-0.0004093056045934018,0.0011942889142830815,0.00635220099298528,0.004868702306032535,0.0,0.0,0.0,-0.0028570458764852757,0.0,0.0,-0.003306600906352819,0.0004622231212820793,-0.003306600906352819,0.0,0.0,0.0,-0.022260485789365347,0.0,-0.00118544706228485
